settlement-id,transaction-type,order-id,posted-date,sku,quantity,product-sales,shipping-credits,promotional-rebates,selling-fees,fba-fees,other-transaction-fees,other,total
2026-STL-0401,Order,114-1000001-2719583,2026-04-01,PF-WHEY-CHOC,1,44.99,0.00,-0.00,-6.75,-6.10,0.00,0.00,32.14
2026-STL-0401,Order,114-1000002-8078673,2026-04-01,PF-WHEY-CHOC,2,89.98,0.00,-0.00,-13.50,-12.20,0.00,0.00,64.28
2026-STL-0401,Order,114-1000327-6625238,2026-04-01,PF-WHEY-VAN,1,44.99,0.00,-0.00,-6.75,-6.10,0.00,0.00,32.14
2026-STL-0401,Order,114-1000328-8926478,2026-04-01,PF-WHEY-VAN,1,44.99,0.00,-0.00,-6.75,-6.10,0.00,0.00,32.14
2026-STL-0401,Order,114-1000329-8526283,2026-04-01,PF-WHEY-VAN,1,44.99,0.00,-0.00,-6.75,-6.10,0.00,0.00,32.14
2026-STL-0401,Order,114-1000538-7324856,2026-04-01,PF-PREWKT-BERRY,1,32.99,0.00,-0.00,-4.95,-4.35,0.00,0.00,23.69
2026-STL-0401,Order,114-1000714-3017994,2026-04-01,PF-CREATINE-300,1,24.99,0.00,-0.00,-3.75,-4.05,0.00,0.00,17.19
2026-STL-0401,Order,114-1001164-7944979,2026-04-01,PF-SHAKER-28,1,12.99,0.00,-0.00,-1.95,-3.45,0.00,0.00,7.59
2026-STL-0401,Order,114-1001165-6293259,2026-04-01,PF-SHAKER-28,1,12.99,0.00,-0.00,-1.95,-3.45,0.00,0.00,7.59
2026-STL-0401,Order,114-1001166-6565326,2026-04-01,PF-SHAKER-28,1,12.99,0.00,-0.00,-1.95,-3.45,0.00,0.00,7.59
2026-STL-0401,Order,114-1001372-9776515,2026-04-01,PF-ELECTRO-CIT,1,21.99,0.00,-2.20,-2.97,-3.95,0.00,0.00,12.87
2026-STL-0401,Order,114-1001471-7853897,2026-04-01,GT-SERUM-VITC,1,28.99,0.00,-0.00,-4.35,-3.55,0.00,0.00,21.09
2026-STL-0401,Order,114-1001472-4950793,2026-04-01,GT-SERUM-VITC,1,28.99,0.00,-5.80,-3.48,-3.55,0.00,0.00,16.16
2026-STL-0401,Order,114-1001473-8686718,2026-04-01,GT-SERUM-VITC,2,57.98,0.00,-0.00,-8.70,-7.10,0.00,0.00,42.18
2026-STL-0401,Order,114-1001474-7669861,2026-04-01,GT-SERUM-VITC,1,28.99,0.00,-2.90,-3.91,-3.55,0.00,0.00,18.63
2026-STL-0401,Order,114-1001886-4101936,2026-04-01,GT-SERUM-HA,1,24.99,0.00,-0.00,-3.75,-3.55,0.00,0.00,17.69
2026-STL-0401,Order,114-1002209-3459253,2026-04-01,GT-MOIST-50ML,1,22.99,0.00,-0.00,-3.45,-3.60,0.00,0.00,15.94
2026-STL-0401,Order,114-1002210-6631731,2026-04-01,GT-MOIST-50ML,1,22.99,0.00,-2.30,-3.10,-3.60,0.00,0.00,13.99
2026-STL-0401,Order,114-1002211-5317440,2026-04-01,GT-MOIST-50ML,1,22.99,0.00,-4.60,-2.76,-3.60,0.00,0.00,12.03
2026-STL-0401,Order,114-1002416-3707912,2026-04-01,GT-CLEANSE-150,1,16.99,0.00,-0.00,-2.55,-3.70,0.00,0.00,10.74
2026-STL-0401,Order,114-1002572-2526163,2026-04-01,GT-MASK-CLAY,1,14.99,0.00,-0.00,-2.25,-3.85,0.00,0.00,8.89
2026-STL-0401,Order,114-1002816-9354503,2026-04-01,GT-SPF30-TINT,2,47.98,0.00,-9.60,-5.76,-7.20,0.00,0.00,25.42
2026-STL-0401,Order,114-1002817-9033263,2026-04-01,GT-SPF30-TINT,1,23.99,0.00,-0.00,-3.60,-3.60,0.00,0.00,16.79
2026-STL-0401,Order,114-1002818-4095032,2026-04-01,GT-SPF30-TINT,1,23.99,0.00,-2.40,-3.24,-3.60,0.00,0.00,14.75
2026-STL-0401,Order,114-1003085-2329684,2026-04-01,PH-CHEW-BULLY-6,1,29.99,0.00,-0.00,-4.50,-4.60,0.00,0.00,20.89
2026-STL-0401,Order,114-1003086-3376224,2026-04-01,PH-CHEW-BULLY-6,1,29.99,0.00,-0.00,-4.50,-4.60,0.00,0.00,20.89
2026-STL-0401,Order,114-1003339-5225340,2026-04-01,PH-TREAT-SALMON,1,18.99,0.00,-3.80,-2.28,-3.90,0.00,0.00,9.01
2026-STL-0401,Order,114-1003340-5892660,2026-04-01,PH-TREAT-SALMON,2,37.98,0.00,-3.80,-5.13,-7.80,0.00,0.00,21.25
2026-STL-0401,Order,114-1003341-7269057,2026-04-01,PH-TREAT-SALMON,1,18.99,0.00,-0.00,-2.85,-3.90,0.00,0.00,12.24
2026-STL-0401,Order,114-1003659-9526474,2026-04-01,PH-SHAMPOO-OAT,1,15.99,0.00,-3.20,-1.92,-3.95,0.00,0.00,6.92
2026-STL-0401,Order,114-1003809-5434785,2026-04-01,PH-TOY-ROPE-L,2,27.98,0.00,-2.80,-3.78,-7.50,0.00,0.00,13.90
2026-STL-0401,Order,114-1003810-2765563,2026-04-01,PH-TOY-ROPE-L,1,13.99,0.00,-1.40,-1.89,-3.75,0.00,0.00,6.95
2026-STL-0401,Order,114-1003985-6187326,2026-04-01,PH-BED-MED-GRY,1,42.99,0.00,-0.00,-6.45,-12.40,0.00,0.00,24.14
2026-STL-0401,Order,114-1003986-4269335,2026-04-01,PH-BED-MED-GRY,1,42.99,0.00,-4.30,-5.80,-12.40,0.00,0.00,20.49
2026-STL-0401,Order,114-1004094-4637045,2026-04-01,PH-BRUSH-DBL,1,12.99,0.00,-0.00,-1.95,-3.45,0.00,0.00,7.59
2026-STL-0401,Order,114-1004220-2372974,2026-04-01,PH-DENTAL-30CT,1,21.99,0.00,-0.00,-3.30,-4.10,0.00,0.00,14.59
2026-STL-0401,Order,114-1004221-4660140,2026-04-01,PH-DENTAL-30CT,1,21.99,0.00,-0.00,-3.30,-4.10,0.00,0.00,14.59
2026-STL-0402,Order,114-1000003-1445199,2026-04-02,PF-WHEY-CHOC,1,44.99,0.00,-0.00,-6.75,-6.10,0.00,0.00,32.14
2026-STL-0402,Order,114-1000004-8038374,2026-04-02,PF-WHEY-CHOC,1,44.99,0.00,-0.00,-6.75,-6.10,0.00,0.00,32.14
2026-STL-0402,Order,114-1000330-9854536,2026-04-02,PF-WHEY-VAN,1,44.99,0.00,-0.00,-6.75,-6.10,0.00,0.00,32.14
2026-STL-0402,Order,114-1000331-3044276,2026-04-02,PF-WHEY-VAN,1,44.99,0.00,-0.00,-6.75,-6.10,0.00,0.00,32.14
2026-STL-0402,Order,114-1000539-7724393,2026-04-02,PF-PREWKT-BERRY,3,98.97,0.00,-0.00,-14.85,-13.05,0.00,0.00,71.07
2026-STL-0402,Order,114-1000540-8017921,2026-04-02,PF-PREWKT-BERRY,2,65.98,0.00,-6.60,-8.91,-8.70,0.00,0.00,41.77
2026-STL-0402,Order,114-1000715-4233407,2026-04-02,PF-CREATINE-300,1,24.99,0.00,-0.00,-3.75,-4.05,0.00,0.00,17.19
2026-STL-0402,Order,114-1001167-1522998,2026-04-02,PF-SHAKER-28,3,38.97,0.00,-0.00,-5.85,-10.35,0.00,0.00,22.77
2026-STL-0402,Order,114-1001168-3784505,2026-04-02,PF-SHAKER-28,1,12.99,0.00,-0.00,-1.95,-3.45,0.00,0.00,7.59
2026-STL-0402,Order,114-1001475-5298752,2026-04-02,GT-SERUM-VITC,1,28.99,0.00,-0.00,-4.35,-3.55,0.00,0.00,21.09
2026-STL-0402,Order,114-1001476-4939985,2026-04-02,GT-SERUM-VITC,1,28.99,0.00,-0.00,-4.35,-3.55,0.00,0.00,21.09
2026-STL-0402,Order,114-1001477-1763562,2026-04-02,GT-SERUM-VITC,1,28.99,0.00,-0.00,-4.35,-3.55,0.00,0.00,21.09
2026-STL-0402,Order,114-1001887-9893395,2026-04-02,GT-SERUM-HA,1,24.99,0.00,-0.00,-3.75,-3.55,0.00,0.00,17.69
2026-STL-0402,Order,114-1001888-3081873,2026-04-02,GT-SERUM-HA,1,24.99,0.00,-0.00,-3.75,-3.55,0.00,0.00,17.69
2026-STL-0402,Order,114-1002212-6916088,2026-04-02,GT-MOIST-50ML,1,22.99,0.00,-0.00,-3.45,-3.60,0.00,0.00,15.94
2026-STL-0402,Order,114-1002417-1605237,2026-04-02,GT-CLEANSE-150,1,16.99,0.00,-1.70,-2.29,-3.70,0.00,0.00,9.30
2026-STL-0402,Order,114-1002573-7532030,2026-04-02,GT-MASK-CLAY,1,14.99,0.00,-0.00,-2.25,-3.85,0.00,0.00,8.89
2026-STL-0402,Order,114-1002707-9906521,2026-04-02,GT-EYE-CREAM,1,26.99,0.00,-2.70,-3.64,-3.50,0.00,0.00,17.15
2026-STL-0402,Order,114-1002819-8314004,2026-04-02,GT-SPF30-TINT,1,23.99,0.00,-0.00,-3.60,-3.60,0.00,0.00,16.79
2026-STL-0402,Order,114-1002820-1688736,2026-04-02,GT-SPF30-TINT,1,23.99,0.00,-0.00,-3.60,-3.60,0.00,0.00,16.79
2026-STL-0402,Order,114-1003001-2211426,2026-04-02,GT-ROLLER-JADE,1,13.99,0.00,-0.00,-2.10,-3.40,0.00,0.00,8.49
2026-STL-0402,Order,114-1003002-6081107,2026-04-02,GT-ROLLER-JADE,1,13.99,0.00,-0.00,-2.10,-3.40,0.00,0.00,8.49
2026-STL-0402,Order,114-1003087-4843470,2026-04-02,PH-CHEW-BULLY-6,1,29.99,0.00,-3.00,-4.05,-4.60,0.00,0.00,18.34
2026-STL-0402,Order,114-1003088-2548050,2026-04-02,PH-CHEW-BULLY-6,1,29.99,0.00,-0.00,-4.50,-4.60,0.00,0.00,20.89
2026-STL-0402,Order,114-1003342-7191591,2026-04-02,PH-TREAT-SALMON,1,18.99,0.00,-0.00,-2.85,-3.90,0.00,0.00,12.24
2026-STL-0402,Order,114-1003343-1390306,2026-04-02,PH-TREAT-SALMON,1,18.99,0.00,-0.00,-2.85,-3.90,0.00,0.00,12.24
2026-STL-0402,Order,114-1003811-6351268,2026-04-02,PH-TOY-ROPE-L,1,13.99,0.00,-1.40,-1.89,-3.75,0.00,0.00,6.95
2026-STL-0402,Order,114-1003987-3070608,2026-04-02,PH-BED-MED-GRY,1,42.99,0.00,-0.00,-6.45,-12.40,0.00,0.00,24.14
2026-STL-0402,Order,114-1003988-2457010,2026-04-02,PH-BED-MED-GRY,1,42.99,0.00,-0.00,-6.45,-12.40,0.00,0.00,24.14
2026-STL-0402,Order,114-1004095-8691559,2026-04-02,PH-BRUSH-DBL,1,12.99,0.00,-0.00,-1.95,-3.45,0.00,0.00,7.59
2026-STL-0402,Order,114-1004096-1274903,2026-04-02,PH-BRUSH-DBL,3,38.97,0.00,-0.00,-5.85,-10.35,0.00,0.00,22.77
2026-STL-0402,Order,114-1004222-1945506,2026-04-02,PH-DENTAL-30CT,1,21.99,0.00,-2.20,-2.97,-4.10,0.00,0.00,12.72
2026-STL-0403,Order,114-1000005-8090293,2026-04-03,PF-WHEY-CHOC,1,44.99,0.00,-4.50,-6.07,-6.10,0.00,0.00,28.32
2026-STL-0403,Order,114-1000332-8669093,2026-04-03,PF-WHEY-VAN,1,44.99,0.00,-0.00,-6.75,-6.10,0.00,0.00,32.14
2026-STL-0403,Order,114-1000541-2425760,2026-04-03,PF-PREWKT-BERRY,2,65.98,0.00,-0.00,-9.90,-8.70,0.00,0.00,47.38
2026-STL-0403,Order,114-1000716-8304686,2026-04-03,PF-CREATINE-300,1,24.99,0.00,-5.00,-3.00,-4.05,0.00,0.00,12.94
2026-STL-0403,Order,114-1000717-5326615,2026-04-03,PF-CREATINE-300,2,49.98,0.00,-0.00,-7.50,-8.10,0.00,0.00,34.38
2026-STL-0403,Order,114-1000718-2460078,2026-04-03,PF-CREATINE-300,1,24.99,0.00,-2.50,-3.37,-4.05,0.00,0.00,15.07
2026-STL-0403,Order,114-1001071-8507800,2026-04-03,PF-BCAA-LEMON,1,27.99,0.00,-5.60,-3.36,-4.20,0.00,0.00,14.83
2026-STL-0403,Order,114-1001297-6471590,2026-04-03,PF-VEGAN-CHOC,1,39.99,0.00,-0.00,-6.00,-6.10,0.00,0.00,27.89
2026-STL-0403,Order,114-1001373-4730545,2026-04-03,PF-ELECTRO-CIT,1,21.99,0.00,-2.20,-2.97,-3.95,0.00,0.00,12.87
2026-STL-0403,Order,114-1001374-6157791,2026-04-03,PF-ELECTRO-CIT,1,21.99,0.00,-0.00,-3.30,-3.95,0.00,0.00,14.74
2026-STL-0403,Order,114-1001478-1689962,2026-04-03,GT-SERUM-VITC,1,28.99,0.00,-0.00,-4.35,-3.55,0.00,0.00,21.09
2026-STL-0403,Order,114-1001479-6690441,2026-04-03,GT-SERUM-VITC,1,28.99,0.00,-0.00,-4.35,-3.55,0.00,0.00,21.09
2026-STL-0403,Order,114-1001889-2968404,2026-04-03,GT-SERUM-HA,1,24.99,0.00,-0.00,-3.75,-3.55,0.00,0.00,17.69
2026-STL-0403,Order,114-1002213-9126125,2026-04-03,GT-MOIST-50ML,1,22.99,0.00,-2.30,-3.10,-3.60,0.00,0.00,13.99
2026-STL-0403,Order,114-1002418-9413762,2026-04-03,GT-CLEANSE-150,1,16.99,0.00,-0.00,-2.55,-3.70,0.00,0.00,10.74
2026-STL-0403,Order,114-1002419-6057767,2026-04-03,GT-CLEANSE-150,1,16.99,0.00,-0.00,-2.55,-3.70,0.00,0.00,10.74
2026-STL-0403,Order,114-1002574-5015044,2026-04-03,GT-MASK-CLAY,1,14.99,0.00,-0.00,-2.25,-3.85,0.00,0.00,8.89
2026-STL-0403,Order,114-1002575-6414413,2026-04-03,GT-MASK-CLAY,2,29.98,0.00,-3.00,-4.05,-7.70,0.00,0.00,15.23
2026-STL-0403,Order,114-1003344-5694057,2026-04-03,PH-TREAT-SALMON,1,18.99,0.00,-0.00,-2.85,-3.90,0.00,0.00,12.24
2026-STL-0403,Order,114-1003345-9897879,2026-04-03,PH-TREAT-SALMON,1,18.99,0.00,-3.80,-2.28,-3.90,0.00,0.00,9.01
2026-STL-0403,Order,114-1003660-5362675,2026-04-03,PH-SHAMPOO-OAT,1,15.99,0.00,-0.00,-2.40,-3.95,0.00,0.00,9.64
2026-STL-0403,Order,114-1003812-3374579,2026-04-03,PH-TOY-ROPE-L,1,13.99,0.00,-0.00,-2.10,-3.75,0.00,0.00,8.14
2026-STL-0403,Order,114-1003813-1001021,2026-04-03,PH-TOY-ROPE-L,2,27.98,0.00,-0.00,-4.20,-7.50,0.00,0.00,16.28
2026-STL-0403,Order,114-1003989-6802621,2026-04-03,PH-BED-MED-GRY,1,42.99,0.00,-0.00,-6.45,-12.40,0.00,0.00,24.14
2026-STL-0403,Order,114-1004223-2140673,2026-04-03,PH-DENTAL-30CT,2,43.98,0.00,-4.40,-5.94,-8.20,0.00,0.00,25.44
2026-STL-0404,Order,114-1000006-6647119,2026-04-04,PF-WHEY-CHOC,1,44.99,0.00,-9.00,-5.40,-6.10,0.00,0.00,24.49
2026-STL-0404,Order,114-1000333-5059048,2026-04-04,PF-WHEY-VAN,1,44.99,0.00,-0.00,-6.75,-6.10,0.00,0.00,32.14
2026-STL-0404,Order,114-1000334-6919270,2026-04-04,PF-WHEY-VAN,1,44.99,0.00,-0.00,-6.75,-6.10,0.00,0.00,32.14
2026-STL-0404,Order,114-1000719-1207430,2026-04-04,PF-CREATINE-300,1,24.99,0.00,-0.00,-3.75,-4.05,0.00,0.00,17.19
2026-STL-0404,Order,114-1000720-8039616,2026-04-04,PF-CREATINE-300,1,24.99,0.00,-0.00,-3.75,-4.05,0.00,0.00,17.19
2026-STL-0404,Order,114-1001298-4354702,2026-04-04,PF-VEGAN-CHOC,1,39.99,0.00,-0.00,-6.00,-6.10,0.00,0.00,27.89
2026-STL-0404,Order,114-1001299-9127012,2026-04-04,PF-VEGAN-CHOC,1,39.99,0.00,-0.00,-6.00,-6.10,0.00,0.00,27.89
2026-STL-0404,Order,114-1001375-2304181,2026-04-04,PF-ELECTRO-CIT,1,21.99,0.00,-0.00,-3.30,-3.95,0.00,0.00,14.74
2026-STL-0404,Order,114-1001480-9899034,2026-04-04,GT-SERUM-VITC,1,28.99,0.00,-0.00,-4.35,-3.55,0.00,0.00,21.09
2026-STL-0404,Order,114-1001481-3145327,2026-04-04,GT-SERUM-VITC,1,28.99,0.00,-0.00,-4.35,-3.55,0.00,0.00,21.09
2026-STL-0404,Order,114-1001890-3064357,2026-04-04,GT-SERUM-HA,1,24.99,0.00,-2.50,-3.37,-3.55,0.00,0.00,15.57
2026-STL-0404,Order,114-1001891-5307726,2026-04-04,GT-SERUM-HA,1,24.99,0.00,-0.00,-3.75,-3.55,0.00,0.00,17.69
2026-STL-0404,Order,114-1002214-1347746,2026-04-04,GT-MOIST-50ML,1,22.99,0.00,-0.00,-3.45,-3.60,0.00,0.00,15.94
2026-STL-0404,Order,114-1002215-3376209,2026-04-04,GT-MOIST-50ML,1,22.99,0.00,-0.00,-3.45,-3.60,0.00,0.00,15.94
2026-STL-0404,Order,114-1002420-7339384,2026-04-04,GT-CLEANSE-150,1,16.99,0.00,-0.00,-2.55,-3.70,0.00,0.00,10.74
2026-STL-0404,Order,114-1002708-4795970,2026-04-04,GT-EYE-CREAM,1,26.99,0.00,-2.70,-3.64,-3.50,0.00,0.00,17.15
2026-STL-0404,Order,114-1002821-1734135,2026-04-04,GT-SPF30-TINT,1,23.99,0.00,-0.00,-3.60,-3.60,0.00,0.00,16.79
2026-STL-0404,Order,114-1003089-3951849,2026-04-04,PH-CHEW-BULLY-6,2,59.98,0.00,-6.00,-8.10,-9.20,0.00,0.00,36.68
2026-STL-0404,Order,114-1003346-9404879,2026-04-04,PH-TREAT-SALMON,1,18.99,0.00,-0.00,-2.85,-3.90,0.00,0.00,12.24
2026-STL-0404,Order,114-1003347-3252405,2026-04-04,PH-TREAT-SALMON,2,37.98,0.00,-0.00,-5.70,-7.80,0.00,0.00,24.48
2026-STL-0404,Order,114-1003348-6703062,2026-04-04,PH-TREAT-SALMON,2,37.98,0.00,-0.00,-5.70,-7.80,0.00,0.00,24.48
2026-STL-0404,Order,114-1003661-8571412,2026-04-04,PH-SHAMPOO-OAT,1,15.99,0.00,-0.00,-2.40,-3.95,0.00,0.00,9.64
2026-STL-0404,Order,114-1003814-6740679,2026-04-04,PH-TOY-ROPE-L,1,13.99,0.00,-0.00,-2.10,-3.75,0.00,0.00,8.14
2026-STL-0404,Order,114-1003815-4544557,2026-04-04,PH-TOY-ROPE-L,2,27.98,0.00,-0.00,-4.20,-7.50,0.00,0.00,16.28
2026-STL-0404,Order,114-1003816-3980058,2026-04-04,PH-TOY-ROPE-L,1,13.99,0.00,-1.40,-1.89,-3.75,0.00,0.00,6.95
2026-STL-0404,Order,114-1003990-3952962,2026-04-04,PH-BED-MED-GRY,1,42.99,0.00,-0.00,-6.45,-12.40,0.00,0.00,24.14
2026-STL-0404,Order,114-1004224-3402268,2026-04-04,PH-DENTAL-30CT,1,21.99,0.00,-0.00,-3.30,-4.10,0.00,0.00,14.59
2026-STL-0404,Order,114-1004225-5541591,2026-04-04,PH-DENTAL-30CT,1,21.99,0.00,-0.00,-3.30,-4.10,0.00,0.00,14.59
2026-STL-0405,Order,114-1000007-1728977,2026-04-05,PF-WHEY-CHOC,1,44.99,0.00,-0.00,-6.75,-6.10,0.00,0.00,32.14
2026-STL-0405,Order,114-1000008-7350753,2026-04-05,PF-WHEY-CHOC,1,44.99,0.00,-9.00,-5.40,-6.10,0.00,0.00,24.49
2026-STL-0405,Order,114-1000335-2436363,2026-04-05,PF-WHEY-VAN,1,44.99,0.00,-0.00,-6.75,-6.10,0.00,0.00,32.14
2026-STL-0405,Order,114-1000542-7704473,2026-04-05,PF-PREWKT-BERRY,1,32.99,0.00,-0.00,-4.95,-4.35,0.00,0.00,23.69
2026-STL-0405,Order,114-1000721-2681144,2026-04-05,PF-CREATINE-300,1,24.99,0.00,-0.00,-3.75,-4.05,0.00,0.00,17.19
2026-STL-0405,Order,114-1000722-5799841,2026-04-05,PF-CREATINE-300,1,24.99,0.00,-0.00,-3.75,-4.05,0.00,0.00,17.19
2026-STL-0405,Order,114-1000723-5431477,2026-04-05,PF-CREATINE-300,2,49.98,0.00,-5.00,-6.75,-8.10,0.00,0.00,30.13
2026-STL-0405,Order,114-1001072-3266362,2026-04-05,PF-BCAA-LEMON,1,27.99,0.00,-0.00,-4.20,-4.20,0.00,0.00,19.59
2026-STL-0405,Order,114-1001169-6276424,2026-04-05,PF-SHAKER-28,2,25.98,0.00,-0.00,-3.90,-6.90,0.00,0.00,15.18
2026-STL-0405,Order,114-1001170-4986975,2026-04-05,PF-SHAKER-28,1,12.99,0.00,-0.00,-1.95,-3.45,0.00,0.00,7.59
2026-STL-0405,Order,114-1001376-2808875,2026-04-05,PF-ELECTRO-CIT,1,21.99,0.00,-0.00,-3.30,-3.95,0.00,0.00,14.74
2026-STL-0405,Order,114-1001482-5416038,2026-04-05,GT-SERUM-VITC,1,28.99,0.00,-0.00,-4.35,-3.55,0.00,0.00,21.09
2026-STL-0405,Order,114-1001483-6251441,2026-04-05,GT-SERUM-VITC,1,28.99,0.00,-0.00,-4.35,-3.55,0.00,0.00,21.09
2026-STL-0405,Order,114-1001484-9242223,2026-04-05,GT-SERUM-VITC,1,28.99,0.00,-0.00,-4.35,-3.55,0.00,0.00,21.09
2026-STL-0405,Order,114-1001485-8381800,2026-04-05,GT-SERUM-VITC,1,28.99,0.00,-2.90,-3.91,-3.55,0.00,0.00,18.63
2026-STL-0405,Order,114-1001892-9491759,2026-04-05,GT-SERUM-HA,1,24.99,0.00,-5.00,-3.00,-3.55,0.00,0.00,13.44
2026-STL-0405,Order,114-1001893-1001435,2026-04-05,GT-SERUM-HA,3,74.97,0.00,-0.00,-11.25,-10.65,0.00,0.00,53.07
2026-STL-0405,Order,114-1002216-4461265,2026-04-05,GT-MOIST-50ML,1,22.99,0.00,-0.00,-3.45,-3.60,0.00,0.00,15.94
2026-STL-0405,Order,114-1002217-2810792,2026-04-05,GT-MOIST-50ML,1,22.99,0.00,-4.60,-2.76,-3.60,0.00,0.00,12.03
2026-STL-0405,Order,114-1002576-8443265,2026-04-05,GT-MASK-CLAY,1,14.99,0.00,-0.00,-2.25,-3.85,0.00,0.00,8.89
2026-STL-0405,Order,114-1002709-8113803,2026-04-05,GT-EYE-CREAM,1,26.99,0.00,-0.00,-4.05,-3.50,0.00,0.00,19.44
2026-STL-0405,Order,114-1002710-7725530,2026-04-05,GT-EYE-CREAM,1,26.99,0.00,-5.40,-3.24,-3.50,0.00,0.00,14.85
2026-STL-0405,Order,114-1002822-6873992,2026-04-05,GT-SPF30-TINT,2,47.98,0.00,-4.80,-6.48,-7.20,0.00,0.00,29.50
2026-STL-0405,Order,114-1002823-7375918,2026-04-05,GT-SPF30-TINT,2,47.98,0.00,-0.00,-7.20,-7.20,0.00,0.00,33.58
2026-STL-0405,Order,114-1003090-4278016,2026-04-05,PH-CHEW-BULLY-6,1,29.99,0.00,-0.00,-4.50,-4.60,0.00,0.00,20.89
2026-STL-0405,Order,114-1003349-5888482,2026-04-05,PH-TREAT-SALMON,1,18.99,0.00,-0.00,-2.85,-3.90,0.00,0.00,12.24
2026-STL-0405,Order,114-1003662-8387907,2026-04-05,PH-SHAMPOO-OAT,1,15.99,0.00,-0.00,-2.40,-3.95,0.00,0.00,9.64
2026-STL-0405,Order,114-1003663-3895328,2026-04-05,PH-SHAMPOO-OAT,1,15.99,0.00,-1.60,-2.16,-3.95,0.00,0.00,8.28
2026-STL-0405,Order,114-1003817-5697596,2026-04-05,PH-TOY-ROPE-L,2,27.98,0.00,-0.00,-4.20,-7.50,0.00,0.00,16.28
2026-STL-0405,Order,114-1003991-9130904,2026-04-05,PH-BED-MED-GRY,1,42.99,0.00,-0.00,-6.45,-12.40,0.00,0.00,24.14
2026-STL-0405,Order,114-1003992-6909755,2026-04-05,PH-BED-MED-GRY,1,42.99,0.00,-0.00,-6.45,-12.40,0.00,0.00,24.14
2026-STL-0405,Order,114-1004226-6389326,2026-04-05,PH-DENTAL-30CT,1,21.99,0.00,-0.00,-3.30,-4.10,0.00,0.00,14.59
2026-STL-0406,Order,114-1000009-7067228,2026-04-06,PF-WHEY-CHOC,1,44.99,0.00,-0.00,-6.75,-6.10,0.00,0.00,32.14
2026-STL-0406,Order,114-1000010-4823498,2026-04-06,PF-WHEY-CHOC,1,44.99,0.00,-0.00,-6.75,-6.10,0.00,0.00,32.14
2026-STL-0406,Order,114-1000011-2694522,2026-04-06,PF-WHEY-CHOC,3,134.97,0.00,-13.50,-18.22,-18.30,0.00,0.00,84.95
2026-STL-0406,Order,114-1000543-2777454,2026-04-06,PF-PREWKT-BERRY,1,32.99,0.00,-0.00,-4.95,-4.35,0.00,0.00,23.69
2026-STL-0406,Order,114-1000544-4708297,2026-04-06,PF-PREWKT-BERRY,1,32.99,0.00,-0.00,-4.95,-4.35,0.00,0.00,23.69
2026-STL-0406,Order,114-1000724-3413447,2026-04-06,PF-CREATINE-300,1,24.99,0.00,-0.00,-3.75,-4.05,0.00,0.00,17.19
2026-STL-0406,Order,114-1001073-4722641,2026-04-06,PF-BCAA-LEMON,1,27.99,0.00,-0.00,-4.20,-4.20,0.00,0.00,19.59
2026-STL-0406,Order,114-1001171-7278297,2026-04-06,PF-SHAKER-28,1,12.99,0.00,-0.00,-1.95,-3.45,0.00,0.00,7.59
2026-STL-0406,Order,114-1001300-7266039,2026-04-06,PF-VEGAN-CHOC,1,39.99,0.00,-0.00,-6.00,-6.10,0.00,0.00,27.89
2026-STL-0406,Order,114-1001486-1601668,2026-04-06,GT-SERUM-VITC,1,28.99,0.00,-0.00,-4.35,-3.55,0.00,0.00,21.09
2026-STL-0406,Order,114-1001487-2946560,2026-04-06,GT-SERUM-VITC,1,28.99,0.00,-0.00,-4.35,-3.55,0.00,0.00,21.09
2026-STL-0406,Order,114-1001488-6981414,2026-04-06,GT-SERUM-VITC,2,57.98,0.00,-0.00,-8.70,-7.10,0.00,0.00,42.18
2026-STL-0406,Order,114-1001894-9960751,2026-04-06,GT-SERUM-HA,2,49.98,0.00,-0.00,-7.50,-7.10,0.00,0.00,35.38
2026-STL-0406,Order,114-1001895-9768884,2026-04-06,GT-SERUM-HA,1,24.99,0.00,-0.00,-3.75,-3.55,0.00,0.00,17.69
2026-STL-0406,Order,114-1001896-9566284,2026-04-06,GT-SERUM-HA,3,74.97,0.00,-0.00,-11.25,-10.65,0.00,0.00,53.07
2026-STL-0406,Order,114-1001897-4977883,2026-04-06,GT-SERUM-HA,1,24.99,0.00,-2.50,-3.37,-3.55,0.00,0.00,15.57
2026-STL-0406,Order,114-1002218-8537488,2026-04-06,GT-MOIST-50ML,2,45.98,0.00,-0.00,-6.90,-7.20,0.00,0.00,31.88
2026-STL-0406,Order,114-1002219-6852648,2026-04-06,GT-MOIST-50ML,2,45.98,0.00,-0.00,-6.90,-7.20,0.00,0.00,31.88
2026-STL-0406,Order,114-1002421-2239672,2026-04-06,GT-CLEANSE-150,1,16.99,0.00,-0.00,-2.55,-3.70,0.00,0.00,10.74
2026-STL-0406,Order,114-1002422-1338131,2026-04-06,GT-CLEANSE-150,1,16.99,0.00,-0.00,-2.55,-3.70,0.00,0.00,10.74
2026-STL-0406,Order,114-1002711-3283712,2026-04-06,GT-EYE-CREAM,2,53.98,0.00,-0.00,-8.10,-7.00,0.00,0.00,38.88
2026-STL-0406,Order,114-1002712-6227870,2026-04-06,GT-EYE-CREAM,1,26.99,0.00,-0.00,-4.05,-3.50,0.00,0.00,19.44
2026-STL-0406,Order,114-1002713-2120966,2026-04-06,GT-EYE-CREAM,1,26.99,0.00,-0.00,-4.05,-3.50,0.00,0.00,19.44
2026-STL-0406,Order,114-1002824-4086389,2026-04-06,GT-SPF30-TINT,1,23.99,0.00,-0.00,-3.60,-3.60,0.00,0.00,16.79
2026-STL-0406,Order,114-1003091-5513811,2026-04-06,PH-CHEW-BULLY-6,1,29.99,0.00,-0.00,-4.50,-4.60,0.00,0.00,20.89
2026-STL-0406,Order,114-1003092-8760085,2026-04-06,PH-CHEW-BULLY-6,1,29.99,0.00,-0.00,-4.50,-4.60,0.00,0.00,20.89
2026-STL-0406,Order,114-1003350-9828381,2026-04-06,PH-TREAT-SALMON,1,18.99,0.00,-0.00,-2.85,-3.90,0.00,0.00,12.24
2026-STL-0406,Order,114-1003351-7622302,2026-04-06,PH-TREAT-SALMON,1,18.99,0.00,-0.00,-2.85,-3.90,0.00,0.00,12.24
2026-STL-0406,Order,114-1003352-2510916,2026-04-06,PH-TREAT-SALMON,1,18.99,0.00,-1.90,-2.56,-3.90,0.00,0.00,10.63
2026-STL-0406,Order,114-1003993-4936459,2026-04-06,PH-BED-MED-GRY,2,85.98,0.00,-0.00,-12.90,-24.80,0.00,0.00,48.28
2026-STL-0406,Order,114-1004227-6121645,2026-04-06,PH-DENTAL-30CT,1,21.99,0.00,-0.00,-3.30,-4.10,0.00,0.00,14.59
2026-STL-0407,Order,114-1000012-5479144,2026-04-07,PF-WHEY-CHOC,1,44.99,0.00,-0.00,-6.75,-6.10,0.00,0.00,32.14
2026-STL-0407,Order,114-1000336-9516493,2026-04-07,PF-WHEY-VAN,1,44.99,0.00,-0.00,-6.75,-6.10,0.00,0.00,32.14
2026-STL-0407,Order,114-1000337-7490791,2026-04-07,PF-WHEY-VAN,1,44.99,0.00,-0.00,-6.75,-6.10,0.00,0.00,32.14
2026-STL-0407,Order,114-1000338-2133461,2026-04-07,PF-WHEY-VAN,1,44.99,0.00,-0.00,-6.75,-6.10,0.00,0.00,32.14
2026-STL-0407,Order,114-1000725-7640300,2026-04-07,PF-CREATINE-300,1,24.99,0.00,-0.00,-3.75,-4.05,0.00,0.00,17.19
2026-STL-0407,Order,114-1000726-8972838,2026-04-07,PF-CREATINE-300,1,24.99,0.00,-0.00,-3.75,-4.05,0.00,0.00,17.19
2026-STL-0407,Order,114-1000727-6084418,2026-04-07,PF-CREATINE-300,2,49.98,0.00,-0.00,-7.50,-8.10,0.00,0.00,34.38
2026-STL-0407,Order,114-1001489-3483929,2026-04-07,GT-SERUM-VITC,1,28.99,0.00,-0.00,-4.35,-3.55,0.00,0.00,21.09
2026-STL-0407,Order,114-1001490-4030887,2026-04-07,GT-SERUM-VITC,1,28.99,0.00,-2.90,-3.91,-3.55,0.00,0.00,18.63
2026-STL-0407,Order,114-1001898-3251636,2026-04-07,GT-SERUM-HA,1,24.99,0.00,-2.50,-3.37,-3.55,0.00,0.00,15.57
2026-STL-0407,Order,114-1001899-3155739,2026-04-07,GT-SERUM-HA,1,24.99,0.00,-0.00,-3.75,-3.55,0.00,0.00,17.69
2026-STL-0407,Order,114-1001900-5373391,2026-04-07,GT-SERUM-HA,1,24.99,0.00,-0.00,-3.75,-3.55,0.00,0.00,17.69
2026-STL-0407,Order,114-1002220-1689543,2026-04-07,GT-MOIST-50ML,3,68.97,0.00,-0.00,-10.35,-10.80,0.00,0.00,47.82
2026-STL-0407,Order,114-1002423-2603174,2026-04-07,GT-CLEANSE-150,1,16.99,0.00,-1.70,-2.29,-3.70,0.00,0.00,9.30
2026-STL-0407,Order,114-1002424-6237674,2026-04-07,GT-CLEANSE-150,1,16.99,0.00,-0.00,-2.55,-3.70,0.00,0.00,10.74
2026-STL-0407,Order,114-1002577-6557607,2026-04-07,GT-MASK-CLAY,1,14.99,0.00,-0.00,-2.25,-3.85,0.00,0.00,8.89
2026-STL-0407,Order,114-1002578-2171758,2026-04-07,GT-MASK-CLAY,2,29.98,0.00,-0.00,-4.50,-7.70,0.00,0.00,17.78
2026-STL-0407,Order,114-1002825-5123439,2026-04-07,GT-SPF30-TINT,1,23.99,0.00,-0.00,-3.60,-3.60,0.00,0.00,16.79
2026-STL-0407,Order,114-1003093-1146741,2026-04-07,PH-CHEW-BULLY-6,1,29.99,0.00,-0.00,-4.50,-4.60,0.00,0.00,20.89
2026-STL-0407,Order,114-1003353-3076663,2026-04-07,PH-TREAT-SALMON,1,18.99,0.00,-0.00,-2.85,-3.90,0.00,0.00,12.24
2026-STL-0407,Order,114-1003354-2533751,2026-04-07,PH-TREAT-SALMON,1,18.99,0.00,-0.00,-2.85,-3.90,0.00,0.00,12.24
2026-STL-0407,Order,114-1003664-2571975,2026-04-07,PH-SHAMPOO-OAT,1,15.99,0.00,-0.00,-2.40,-3.95,0.00,0.00,9.64
2026-STL-0407,Order,114-1003665-2428211,2026-04-07,PH-SHAMPOO-OAT,1,15.99,0.00,-0.00,-2.40,-3.95,0.00,0.00,9.64
2026-STL-0407,Order,114-1003818-3699752,2026-04-07,PH-TOY-ROPE-L,2,27.98,0.00,-0.00,-4.20,-7.50,0.00,0.00,16.28
2026-STL-0407,Order,114-1003994-4189417,2026-04-07,PH-BED-MED-GRY,1,42.99,0.00,-0.00,-6.45,-12.40,0.00,0.00,24.14
2026-STL-0407,Order,114-1004228-2940388,2026-04-07,PH-DENTAL-30CT,2,43.98,0.00,-0.00,-6.60,-8.20,0.00,0.00,29.18
2026-STL-0407,Order,114-1004229-2409846,2026-04-07,PH-DENTAL-30CT,1,21.99,0.00,-0.00,-3.30,-4.10,0.00,0.00,14.59
2026-STL-0408,Order,114-1000013-3871230,2026-04-08,PF-WHEY-CHOC,1,44.99,0.00,-0.00,-6.75,-6.10,0.00,0.00,32.14
2026-STL-0408,Order,114-1000014-5528972,2026-04-08,PF-WHEY-CHOC,1,44.99,0.00,-0.00,-6.75,-6.10,0.00,0.00,32.14
2026-STL-0408,Order,114-1000015-6440561,2026-04-08,PF-WHEY-CHOC,1,44.99,0.00,-0.00,-6.75,-6.10,0.00,0.00,32.14
2026-STL-0408,Order,114-1000339-6578736,2026-04-08,PF-WHEY-VAN,1,44.99,0.00,-0.00,-6.75,-6.10,0.00,0.00,32.14
2026-STL-0408,Order,114-1000340-3937508,2026-04-08,PF-WHEY-VAN,1,44.99,0.00,-0.00,-6.75,-6.10,0.00,0.00,32.14
2026-STL-0408,Order,114-1000545-6787592,2026-04-08,PF-PREWKT-BERRY,1,32.99,0.00,-0.00,-4.95,-4.35,0.00,0.00,23.69
2026-STL-0408,Order,114-1000546-2440404,2026-04-08,PF-PREWKT-BERRY,1,32.99,0.00,-0.00,-4.95,-4.35,0.00,0.00,23.69
2026-STL-0408,Order,114-1000728-4824490,2026-04-08,PF-CREATINE-300,1,24.99,0.00,-5.00,-3.00,-4.05,0.00,0.00,12.94
2026-STL-0408,Order,114-1000729-6383277,2026-04-08,PF-CREATINE-300,3,74.97,0.00,-0.00,-11.25,-12.15,0.00,0.00,51.57
2026-STL-0408,Order,114-1000730-4153037,2026-04-08,PF-CREATINE-300,1,24.99,0.00,-0.00,-3.75,-4.05,0.00,0.00,17.19
2026-STL-0408,Order,114-1000731-9127895,2026-04-08,PF-CREATINE-300,2,49.98,0.00,-0.00,-7.50,-8.10,0.00,0.00,34.38
2026-STL-0408,Order,114-1001074-9577712,2026-04-08,PF-BCAA-LEMON,2,55.98,0.00,-5.60,-7.56,-8.40,0.00,0.00,34.42
2026-STL-0408,Order,114-1001075-1633110,2026-04-08,PF-BCAA-LEMON,2,55.98,0.00,-0.00,-8.40,-8.40,0.00,0.00,39.18
2026-STL-0408,Order,114-1001172-9097744,2026-04-08,PF-SHAKER-28,1,12.99,0.00,-0.00,-1.95,-3.45,0.00,0.00,7.59
2026-STL-0408,Order,114-1001491-4563416,2026-04-08,GT-SERUM-VITC,1,28.99,0.00,-2.90,-3.91,-3.55,0.00,0.00,18.63
2026-STL-0408,Order,114-1001492-4029442,2026-04-08,GT-SERUM-VITC,3,86.97,0.00,-0.00,-13.05,-10.65,0.00,0.00,63.27
2026-STL-0408,Order,114-1001493-2582179,2026-04-08,GT-SERUM-VITC,1,28.99,0.00,-0.00,-4.35,-3.55,0.00,0.00,21.09
2026-STL-0408,Order,114-1001901-8136077,2026-04-08,GT-SERUM-HA,1,24.99,0.00,-0.00,-3.75,-3.55,0.00,0.00,17.69
2026-STL-0408,Order,114-1001902-5519776,2026-04-08,GT-SERUM-HA,1,24.99,0.00,-0.00,-3.75,-3.55,0.00,0.00,17.69
2026-STL-0408,Order,114-1001903-7243511,2026-04-08,GT-SERUM-HA,1,24.99,0.00,-0.00,-3.75,-3.55,0.00,0.00,17.69
2026-STL-0408,Order,114-1002221-3062947,2026-04-08,GT-MOIST-50ML,1,22.99,0.00,-2.30,-3.10,-3.60,0.00,0.00,13.99
2026-STL-0408,Order,114-1002222-6821657,2026-04-08,GT-MOIST-50ML,1,22.99,0.00,-4.60,-2.76,-3.60,0.00,0.00,12.03
2026-STL-0408,Refund,114-1002575-6414413,2026-04-08,GT-MASK-CLAY,-2,-29.98,0.00,3.00,3.24,0.00,0.00,0.00,-23.74
2026-STL-0408,Order,114-1002714-5067855,2026-04-08,GT-EYE-CREAM,1,26.99,0.00,-5.40,-3.24,-3.50,0.00,0.00,14.85
2026-STL-0408,Order,114-1002826-6327664,2026-04-08,GT-SPF30-TINT,1,23.99,0.00,-0.00,-3.60,-3.60,0.00,0.00,16.79
2026-STL-0408,Order,114-1002827-9963626,2026-04-08,GT-SPF30-TINT,1,23.99,0.00,-0.00,-3.60,-3.60,0.00,0.00,16.79
2026-STL-0408,Order,114-1002828-7213813,2026-04-08,GT-SPF30-TINT,1,23.99,0.00,-2.40,-3.24,-3.60,0.00,0.00,14.75
2026-STL-0408,Order,114-1003003-2196822,2026-04-08,GT-ROLLER-JADE,1,13.99,0.00,-0.00,-2.10,-3.40,0.00,0.00,8.49
2026-STL-0408,Order,114-1003094-1347589,2026-04-08,PH-CHEW-BULLY-6,1,29.99,0.00,-0.00,-4.50,-4.60,0.00,0.00,20.89
2026-STL-0408,Order,114-1003095-3801816,2026-04-08,PH-CHEW-BULLY-6,2,59.98,0.00,-0.00,-9.00,-9.20,0.00,0.00,41.78
2026-STL-0408,Order,114-1003355-4786913,2026-04-08,PH-TREAT-SALMON,1,18.99,0.00,-0.00,-2.85,-3.90,0.00,0.00,12.24
2026-STL-0408,Order,114-1003356-2289171,2026-04-08,PH-TREAT-SALMON,1,18.99,0.00,-0.00,-2.85,-3.90,0.00,0.00,12.24
2026-STL-0408,Order,114-1003357-9470588,2026-04-08,PH-TREAT-SALMON,2,37.98,0.00,-0.00,-5.70,-7.80,0.00,0.00,24.48
2026-STL-0408,Order,114-1003666-2409831,2026-04-08,PH-SHAMPOO-OAT,1,15.99,0.00,-0.00,-2.40,-3.95,0.00,0.00,9.64
2026-STL-0408,Order,114-1003819-7534491,2026-04-08,PH-TOY-ROPE-L,1,13.99,0.00,-0.00,-2.10,-3.75,0.00,0.00,8.14
2026-STL-0408,Order,114-1003995-5820587,2026-04-08,PH-BED-MED-GRY,1,42.99,0.00,-0.00,-6.45,-12.40,0.00,0.00,24.14
2026-STL-0408,Order,114-1003996-4725540,2026-04-08,PH-BED-MED-GRY,1,42.99,0.00,-0.00,-6.45,-12.40,0.00,0.00,24.14
2026-STL-0408,Order,114-1004097-7938840,2026-04-08,PH-BRUSH-DBL,1,12.99,0.00,-1.30,-1.75,-3.45,0.00,0.00,6.49
2026-STL-0408,Order,114-1004098-8760635,2026-04-08,PH-BRUSH-DBL,1,12.99,0.00,-1.30,-1.75,-3.45,0.00,0.00,6.49
2026-STL-0408,Order,114-1004230-9876707,2026-04-08,PH-DENTAL-30CT,1,21.99,0.00,-2.20,-2.97,-4.10,0.00,0.00,12.72
2026-STL-0409,Order,114-1000016-5491946,2026-04-09,PF-WHEY-CHOC,1,44.99,0.00,-0.00,-6.75,-6.10,0.00,0.00,32.14
2026-STL-0409,Order,114-1000017-6279418,2026-04-09,PF-WHEY-CHOC,2,89.98,0.00,-0.00,-13.50,-12.20,0.00,0.00,64.28
2026-STL-0409,Order,114-1000018-8698256,2026-04-09,PF-WHEY-CHOC,1,44.99,0.00,-4.50,-6.07,-6.10,0.00,0.00,28.32
2026-STL-0409,Order,114-1000341-9028420,2026-04-09,PF-WHEY-VAN,1,44.99,0.00,-9.00,-5.40,-6.10,0.00,0.00,24.49
2026-STL-0409,Order,114-1000547-4470657,2026-04-09,PF-PREWKT-BERRY,1,32.99,0.00,-0.00,-4.95,-4.35,0.00,0.00,23.69
2026-STL-0409,Order,114-1000548-8590804,2026-04-09,PF-PREWKT-BERRY,1,32.99,0.00,-0.00,-4.95,-4.35,0.00,0.00,23.69
2026-STL-0409,Order,114-1000732-9644791,2026-04-09,PF-CREATINE-300,2,49.98,0.00,-5.00,-6.75,-8.10,0.00,0.00,30.13
2026-STL-0409,Order,114-1000733-7767679,2026-04-09,PF-CREATINE-300,1,24.99,0.00,-0.00,-3.75,-4.05,0.00,0.00,17.19
2026-STL-0409,Order,114-1001076-5299058,2026-04-09,PF-BCAA-LEMON,2,55.98,0.00,-0.00,-8.40,-8.40,0.00,0.00,39.18
2026-STL-0409,Order,114-1001301-2000789,2026-04-09,PF-VEGAN-CHOC,1,39.99,0.00,-0.00,-6.00,-6.10,0.00,0.00,27.89
2026-STL-0409,Order,114-1001377-1172342,2026-04-09,PF-ELECTRO-CIT,1,21.99,0.00,-0.00,-3.30,-3.95,0.00,0.00,14.74
2026-STL-0409,Order,114-1001494-2779557,2026-04-09,GT-SERUM-VITC,1,28.99,0.00,-0.00,-4.35,-3.55,0.00,0.00,21.09
2026-STL-0409,Order,114-1001495-9050632,2026-04-09,GT-SERUM-VITC,1,28.99,0.00,-0.00,-4.35,-3.55,0.00,0.00,21.09
2026-STL-0409,Order,114-1001496-1097397,2026-04-09,GT-SERUM-VITC,2,57.98,0.00,-0.00,-8.70,-7.10,0.00,0.00,42.18
2026-STL-0409,Order,114-1001497-8601790,2026-04-09,GT-SERUM-VITC,1,28.99,0.00,-0.00,-4.35,-3.55,0.00,0.00,21.09
2026-STL-0409,Order,114-1001498-3169632,2026-04-09,GT-SERUM-VITC,1,28.99,0.00,-0.00,-4.35,-3.55,0.00,0.00,21.09
2026-STL-0409,Order,114-1001904-3752186,2026-04-09,GT-SERUM-HA,1,24.99,0.00,-0.00,-3.75,-3.55,0.00,0.00,17.69
2026-STL-0409,Order,114-1001905-8275056,2026-04-09,GT-SERUM-HA,1,24.99,0.00,-5.00,-3.00,-3.55,0.00,0.00,13.44
2026-STL-0409,Order,114-1002223-3520403,2026-04-09,GT-MOIST-50ML,1,22.99,0.00,-0.00,-3.45,-3.60,0.00,0.00,15.94
2026-STL-0409,Order,114-1002224-3728089,2026-04-09,GT-MOIST-50ML,1,22.99,0.00,-0.00,-3.45,-3.60,0.00,0.00,15.94
2026-STL-0409,Order,114-1002225-1261597,2026-04-09,GT-MOIST-50ML,1,22.99,0.00,-0.00,-3.45,-3.60,0.00,0.00,15.94
2026-STL-0409,Order,114-1002425-2672339,2026-04-09,GT-CLEANSE-150,1,16.99,0.00,-0.00,-2.55,-3.70,0.00,0.00,10.74
2026-STL-0409,Order,114-1002426-5886173,2026-04-09,GT-CLEANSE-150,1,16.99,0.00,-0.00,-2.55,-3.70,0.00,0.00,10.74
2026-STL-0409,Order,114-1002579-7464522,2026-04-09,GT-MASK-CLAY,1,14.99,0.00,-0.00,-2.25,-3.85,0.00,0.00,8.89
2026-STL-0409,Order,114-1002715-4244232,2026-04-09,GT-EYE-CREAM,1,26.99,0.00,-0.00,-4.05,-3.50,0.00,0.00,19.44
2026-STL-0409,Order,114-1002716-5634166,2026-04-09,GT-EYE-CREAM,1,26.99,0.00,-0.00,-4.05,-3.50,0.00,0.00,19.44
2026-STL-0409,Order,114-1002829-7501628,2026-04-09,GT-SPF30-TINT,1,23.99,0.00,-0.00,-3.60,-3.60,0.00,0.00,16.79
2026-STL-0409,Order,114-1002830-1590477,2026-04-09,GT-SPF30-TINT,1,23.99,0.00,-0.00,-3.60,-3.60,0.00,0.00,16.79
2026-STL-0409,Order,114-1003004-6998094,2026-04-09,GT-ROLLER-JADE,2,27.98,0.00,-0.00,-4.20,-6.80,0.00,0.00,16.98
2026-STL-0409,Order,114-1003096-5685491,2026-04-09,PH-CHEW-BULLY-6,2,59.98,0.00,-6.00,-8.10,-9.20,0.00,0.00,36.68
2026-STL-0409,Order,114-1003097-5164353,2026-04-09,PH-CHEW-BULLY-6,1,29.99,0.00,-0.00,-4.50,-4.60,0.00,0.00,20.89
2026-STL-0409,Order,114-1003358-2598999,2026-04-09,PH-TREAT-SALMON,3,56.97,0.00,-11.39,-6.84,-11.70,0.00,0.00,27.04
2026-STL-0409,Order,114-1003359-9799214,2026-04-09,PH-TREAT-SALMON,1,18.99,0.00,-0.00,-2.85,-3.90,0.00,0.00,12.24
2026-STL-0409,Order,114-1003360-1445758,2026-04-09,PH-TREAT-SALMON,1,18.99,0.00,-0.00,-2.85,-3.90,0.00,0.00,12.24
2026-STL-0409,Order,114-1003820-7260277,2026-04-09,PH-TOY-ROPE-L,1,13.99,0.00,-1.40,-1.89,-3.75,0.00,0.00,6.95
2026-STL-0409,Order,114-1003997-1583149,2026-04-09,PH-BED-MED-GRY,1,42.99,0.00,-0.00,-6.45,-12.40,0.00,0.00,24.14
2026-STL-0409,Order,114-1004099-8990770,2026-04-09,PH-BRUSH-DBL,2,25.98,0.00,-2.60,-3.51,-6.90,0.00,0.00,12.97
2026-STL-0409,Refund,114-1004222-1945506,2026-04-09,PH-DENTAL-30CT,-1,-21.99,0.00,2.20,2.38,0.00,0.00,0.00,-17.41
2026-STL-0409,Order,114-1004231-6154905,2026-04-09,PH-DENTAL-30CT,1,21.99,0.00,-0.00,-3.30,-4.10,0.00,0.00,14.59
2026-STL-0409,Order,114-1004232-4604147,2026-04-09,PH-DENTAL-30CT,1,21.99,0.00,-0.00,-3.30,-4.10,0.00,0.00,14.59
2026-STL-0409,Order,114-1004233-9873878,2026-04-09,PH-DENTAL-30CT,1,21.99,0.00,-0.00,-3.30,-4.10,0.00,0.00,14.59
2026-STL-0410,Order,114-1000019-5408072,2026-04-10,PF-WHEY-CHOC,1,44.99,0.00,-0.00,-6.75,-6.10,0.00,0.00,32.14
2026-STL-0410,Order,114-1000020-7073292,2026-04-10,PF-WHEY-CHOC,1,44.99,0.00,-0.00,-6.75,-6.10,0.00,0.00,32.14
2026-STL-0410,Order,114-1000342-5923149,2026-04-10,PF-WHEY-VAN,1,44.99,0.00,-0.00,-6.75,-6.10,0.00,0.00,32.14
2026-STL-0410,Order,114-1000343-6294819,2026-04-10,PF-WHEY-VAN,1,44.99,0.00,-4.50,-6.07,-6.10,0.00,0.00,28.32
2026-STL-0410,Order,114-1000549-2930810,2026-04-10,PF-PREWKT-BERRY,1,32.99,0.00,-3.30,-4.45,-4.35,0.00,0.00,20.89
2026-STL-0410,Order,114-1000734-4367636,2026-04-10,PF-CREATINE-300,1,24.99,0.00,-0.00,-3.75,-4.05,0.00,0.00,17.19
2026-STL-0410,Order,114-1000735-7046090,2026-04-10,PF-CREATINE-300,1,24.99,0.00,-0.00,-3.75,-4.05,0.00,0.00,17.19
2026-STL-0410,Order,114-1000736-9474614,2026-04-10,PF-CREATINE-300,1,24.99,0.00,-2.50,-3.37,-4.05,0.00,0.00,15.07
2026-STL-0410,Order,114-1000737-5059047,2026-04-10,PF-CREATINE-300,2,49.98,0.00,-0.00,-7.50,-8.10,0.00,0.00,34.38
2026-STL-0410,Order,114-1001077-4647992,2026-04-10,PF-BCAA-LEMON,1,27.99,0.00,-0.00,-4.20,-4.20,0.00,0.00,19.59
2026-STL-0410,Order,114-1001173-6206955,2026-04-10,PF-SHAKER-28,1,12.99,0.00,-1.30,-1.75,-3.45,0.00,0.00,6.49
2026-STL-0410,Order,114-1001174-9659503,2026-04-10,PF-SHAKER-28,1,12.99,0.00,-1.30,-1.75,-3.45,0.00,0.00,6.49
2026-STL-0410,Order,114-1001378-4100124,2026-04-10,PF-ELECTRO-CIT,1,21.99,0.00,-2.20,-2.97,-3.95,0.00,0.00,12.87
2026-STL-0410,Order,114-1001499-6421907,2026-04-10,GT-SERUM-VITC,1,28.99,0.00,-0.00,-4.35,-3.55,0.00,0.00,21.09
2026-STL-0410,Order,114-1001500-7398678,2026-04-10,GT-SERUM-VITC,1,28.99,0.00,-0.00,-4.35,-3.55,0.00,0.00,21.09
2026-STL-0410,Order,114-1001501-7692721,2026-04-10,GT-SERUM-VITC,1,28.99,0.00,-0.00,-4.35,-3.55,0.00,0.00,21.09
2026-STL-0410,Order,114-1001502-7751088,2026-04-10,GT-SERUM-VITC,2,57.98,0.00,-0.00,-8.70,-7.10,0.00,0.00,42.18
2026-STL-0410,Order,114-1001906-7824657,2026-04-10,GT-SERUM-HA,1,24.99,0.00,-0.00,-3.75,-3.55,0.00,0.00,17.69
2026-STL-0410,Order,114-1001907-6595492,2026-04-10,GT-SERUM-HA,1,24.99,0.00,-0.00,-3.75,-3.55,0.00,0.00,17.69
2026-STL-0410,Order,114-1001908-5591031,2026-04-10,GT-SERUM-HA,1,24.99,0.00,-0.00,-3.75,-3.55,0.00,0.00,17.69
2026-STL-0410,Order,114-1001909-2761653,2026-04-10,GT-SERUM-HA,3,74.97,0.00,-0.00,-11.25,-10.65,0.00,0.00,53.07
2026-STL-0410,Order,114-1002226-3070908,2026-04-10,GT-MOIST-50ML,1,22.99,0.00,-2.30,-3.10,-3.60,0.00,0.00,13.99
2026-STL-0410,Order,114-1002227-1010766,2026-04-10,GT-MOIST-50ML,1,22.99,0.00,-0.00,-3.45,-3.60,0.00,0.00,15.94
2026-STL-0410,Order,114-1002427-9945677,2026-04-10,GT-CLEANSE-150,1,16.99,0.00,-0.00,-2.55,-3.70,0.00,0.00,10.74
2026-STL-0410,Order,114-1002428-7604270,2026-04-10,GT-CLEANSE-150,1,16.99,0.00,-3.40,-2.04,-3.70,0.00,0.00,7.85
2026-STL-0410,Order,114-1002831-8993139,2026-04-10,GT-SPF30-TINT,1,23.99,0.00,-0.00,-3.60,-3.60,0.00,0.00,16.79
2026-STL-0410,Order,114-1002832-7488875,2026-04-10,GT-SPF30-TINT,1,23.99,0.00,-0.00,-3.60,-3.60,0.00,0.00,16.79
2026-STL-0410,Order,114-1003005-6096693,2026-04-10,GT-ROLLER-JADE,1,13.99,0.00,-0.00,-2.10,-3.40,0.00,0.00,8.49
2026-STL-0410,Order,114-1003006-1702543,2026-04-10,GT-ROLLER-JADE,1,13.99,0.00,-0.00,-2.10,-3.40,0.00,0.00,8.49
2026-STL-0410,Order,114-1003098-7332142,2026-04-10,PH-CHEW-BULLY-6,1,29.99,0.00,-0.00,-4.50,-4.60,0.00,0.00,20.89
2026-STL-0410,Order,114-1003099-9220106,2026-04-10,PH-CHEW-BULLY-6,1,29.99,0.00,-0.00,-4.50,-4.60,0.00,0.00,20.89
2026-STL-0410,Order,114-1003100-7776291,2026-04-10,PH-CHEW-BULLY-6,1,29.99,0.00,-0.00,-4.50,-4.60,0.00,0.00,20.89
2026-STL-0410,Order,114-1003361-3145923,2026-04-10,PH-TREAT-SALMON,1,18.99,0.00,-0.00,-2.85,-3.90,0.00,0.00,12.24
2026-STL-0410,Order,114-1003362-7329894,2026-04-10,PH-TREAT-SALMON,1,18.99,0.00,-0.00,-2.85,-3.90,0.00,0.00,12.24
2026-STL-0410,Order,114-1003363-5758843,2026-04-10,PH-TREAT-SALMON,1,18.99,0.00,-0.00,-2.85,-3.90,0.00,0.00,12.24
2026-STL-0410,Order,114-1003667-3774103,2026-04-10,PH-SHAMPOO-OAT,1,15.99,0.00,-0.00,-2.40,-3.95,0.00,0.00,9.64
2026-STL-0410,Refund,114-1003817-5697596,2026-04-10,PH-TOY-ROPE-L,-2,-27.98,0.00,0.00,3.36,0.00,0.00,0.00,-24.62
2026-STL-0410,Order,114-1003821-1989886,2026-04-10,PH-TOY-ROPE-L,1,13.99,0.00,-0.00,-2.10,-3.75,0.00,0.00,8.14
2026-STL-0410,Order,114-1003822-3986348,2026-04-10,PH-TOY-ROPE-L,1,13.99,0.00,-2.80,-1.68,-3.75,0.00,0.00,5.76
2026-STL-0410,Order,114-1003998-8702666,2026-04-10,PH-BED-MED-GRY,1,42.99,0.00,-0.00,-6.45,-12.40,0.00,0.00,24.14
2026-STL-0410,Order,114-1004100-4068162,2026-04-10,PH-BRUSH-DBL,1,12.99,0.00,-0.00,-1.95,-3.45,0.00,0.00,7.59
2026-STL-0410,Order,114-1004234-8738391,2026-04-10,PH-DENTAL-30CT,2,43.98,0.00,-0.00,-6.60,-8.20,0.00,0.00,29.18
2026-STL-0410,Order,114-1004235-8708498,2026-04-10,PH-DENTAL-30CT,1,21.99,0.00,-0.00,-3.30,-4.10,0.00,0.00,14.59
2026-STL-0411,Order,114-1000021-2839607,2026-04-11,PF-WHEY-CHOC,1,44.99,0.00,-0.00,-6.75,-6.10,0.00,0.00,32.14
2026-STL-0411,Order,114-1000022-2065818,2026-04-11,PF-WHEY-CHOC,1,44.99,0.00,-0.00,-6.75,-6.10,0.00,0.00,32.14
2026-STL-0411,Order,114-1000023-5218028,2026-04-11,PF-WHEY-CHOC,1,44.99,0.00,-0.00,-6.75,-6.10,0.00,0.00,32.14
2026-STL-0411,Order,114-1000024-2921859,2026-04-11,PF-WHEY-CHOC,2,89.98,0.00,-0.00,-13.50,-12.20,0.00,0.00,64.28
2026-STL-0411,Order,114-1000344-8942330,2026-04-11,PF-WHEY-VAN,1,44.99,0.00,-9.00,-5.40,-6.10,0.00,0.00,24.49
2026-STL-0411,Order,114-1000345-6989032,2026-04-11,PF-WHEY-VAN,1,44.99,0.00,-0.00,-6.75,-6.10,0.00,0.00,32.14
2026-STL-0411,Order,114-1000550-5092180,2026-04-11,PF-PREWKT-BERRY,1,32.99,0.00,-6.60,-3.96,-4.35,0.00,0.00,18.08
2026-STL-0411,Order,114-1000738-8962169,2026-04-11,PF-CREATINE-300,1,24.99,0.00,-0.00,-3.75,-4.05,0.00,0.00,17.19
2026-STL-0411,Order,114-1000739-5339593,2026-04-11,PF-CREATINE-300,1,24.99,0.00,-0.00,-3.75,-4.05,0.00,0.00,17.19
2026-STL-0411,Order,114-1001078-2599943,2026-04-11,PF-BCAA-LEMON,1,27.99,0.00,-2.80,-3.78,-4.20,0.00,0.00,17.21
2026-STL-0411,Order,114-1001175-8706923,2026-04-11,PF-SHAKER-28,1,12.99,0.00,-0.00,-1.95,-3.45,0.00,0.00,7.59
2026-STL-0411,Order,114-1001176-6217400,2026-04-11,PF-SHAKER-28,2,25.98,0.00,-0.00,-3.90,-6.90,0.00,0.00,15.18
2026-STL-0411,Order,114-1001302-4688530,2026-04-11,PF-VEGAN-CHOC,1,39.99,0.00,-0.00,-6.00,-6.10,0.00,0.00,27.89
2026-STL-0411,Order,114-1001503-8253770,2026-04-11,GT-SERUM-VITC,1,28.99,0.00,-0.00,-4.35,-3.55,0.00,0.00,21.09
2026-STL-0411,Order,114-1001504-3202624,2026-04-11,GT-SERUM-VITC,2,57.98,0.00,-5.80,-7.83,-7.10,0.00,0.00,37.25
2026-STL-0411,Order,114-1001505-4353283,2026-04-11,GT-SERUM-VITC,1,28.99,0.00,-0.00,-4.35,-3.55,0.00,0.00,21.09
2026-STL-0411,Order,114-1001506-8097946,2026-04-11,GT-SERUM-VITC,2,57.98,0.00,-0.00,-8.70,-7.10,0.00,0.00,42.18
2026-STL-0411,Order,114-1001910-6143048,2026-04-11,GT-SERUM-HA,1,24.99,0.00,-0.00,-3.75,-3.55,0.00,0.00,17.69
2026-STL-0411,Order,114-1001911-6853574,2026-04-11,GT-SERUM-HA,1,24.99,0.00,-0.00,-3.75,-3.55,0.00,0.00,17.69
2026-STL-0411,Order,114-1001912-2662054,2026-04-11,GT-SERUM-HA,2,49.98,0.00,-0.00,-7.50,-7.10,0.00,0.00,35.38
2026-STL-0411,Order,114-1002228-3601089,2026-04-11,GT-MOIST-50ML,1,22.99,0.00,-0.00,-3.45,-3.60,0.00,0.00,15.94
2026-STL-0411,Order,114-1002229-4300538,2026-04-11,GT-MOIST-50ML,1,22.99,0.00,-0.00,-3.45,-3.60,0.00,0.00,15.94
2026-STL-0411,Order,114-1002230-1539164,2026-04-11,GT-MOIST-50ML,2,45.98,0.00,-0.00,-6.90,-7.20,0.00,0.00,31.88
2026-STL-0411,Order,114-1002429-8587837,2026-04-11,GT-CLEANSE-150,1,16.99,0.00,-0.00,-2.55,-3.70,0.00,0.00,10.74
2026-STL-0411,Order,114-1002430-4894252,2026-04-11,GT-CLEANSE-150,3,50.97,0.00,-0.00,-7.65,-11.10,0.00,0.00,32.22
2026-STL-0411,Refund,114-1002578-2171758,2026-04-11,GT-MASK-CLAY,-2,-29.98,0.00,0.00,3.60,0.00,0.00,0.00,-26.38
2026-STL-0411,Order,114-1002580-9961899,2026-04-11,GT-MASK-CLAY,1,14.99,0.00,-0.00,-2.25,-3.85,0.00,0.00,8.89
2026-STL-0411,Order,114-1002581-2003047,2026-04-11,GT-MASK-CLAY,1,14.99,0.00,-1.50,-2.02,-3.85,0.00,0.00,7.62
2026-STL-0411,Order,114-1002582-1669519,2026-04-11,GT-MASK-CLAY,1,14.99,0.00,-1.50,-2.02,-3.85,0.00,0.00,7.62
2026-STL-0411,Order,114-1002717-4453272,2026-04-11,GT-EYE-CREAM,1,26.99,0.00,-0.00,-4.05,-3.50,0.00,0.00,19.44
2026-STL-0411,Order,114-1002718-1180674,2026-04-11,GT-EYE-CREAM,1,26.99,0.00,-0.00,-4.05,-3.50,0.00,0.00,19.44
2026-STL-0411,Order,114-1002833-8633369,2026-04-11,GT-SPF30-TINT,1,23.99,0.00,-0.00,-3.60,-3.60,0.00,0.00,16.79
2026-STL-0411,Order,114-1002834-7042065,2026-04-11,GT-SPF30-TINT,2,47.98,0.00,-0.00,-7.20,-7.20,0.00,0.00,33.58
2026-STL-0411,Order,114-1003007-6897140,2026-04-11,GT-ROLLER-JADE,3,41.97,0.00,-0.00,-6.30,-10.20,0.00,0.00,25.47
2026-STL-0411,Order,114-1003101-7798104,2026-04-11,PH-CHEW-BULLY-6,1,29.99,0.00,-0.00,-4.50,-4.60,0.00,0.00,20.89
2026-STL-0411,Order,114-1003364-7971116,2026-04-11,PH-TREAT-SALMON,1,18.99,0.00,-3.80,-2.28,-3.90,0.00,0.00,9.01
2026-STL-0411,Order,114-1003365-7572665,2026-04-11,PH-TREAT-SALMON,2,37.98,0.00,-0.00,-5.70,-7.80,0.00,0.00,24.48
2026-STL-0411,Order,114-1003366-1972156,2026-04-11,PH-TREAT-SALMON,1,18.99,0.00,-0.00,-2.85,-3.90,0.00,0.00,12.24
2026-STL-0411,Order,114-1003823-2445753,2026-04-11,PH-TOY-ROPE-L,2,27.98,0.00,-0.00,-4.20,-7.50,0.00,0.00,16.28
2026-STL-0411,Order,114-1003824-1731815,2026-04-11,PH-TOY-ROPE-L,1,13.99,0.00,-0.00,-2.10,-3.75,0.00,0.00,8.14
2026-STL-0411,Order,114-1004236-9192824,2026-04-11,PH-DENTAL-30CT,1,21.99,0.00,-0.00,-3.30,-4.10,0.00,0.00,14.59
2026-STL-0411,Order,114-1004237-9889427,2026-04-11,PH-DENTAL-30CT,1,21.99,0.00,-0.00,-3.30,-4.10,0.00,0.00,14.59
2026-STL-0412,Order,114-1000025-6707197,2026-04-12,PF-WHEY-CHOC,1,44.99,0.00,-0.00,-6.75,-6.10,0.00,0.00,32.14
2026-STL-0412,Order,114-1000026-5418934,2026-04-12,PF-WHEY-CHOC,1,44.99,0.00,-0.00,-6.75,-6.10,0.00,0.00,32.14
2026-STL-0412,Order,114-1000027-2785277,2026-04-12,PF-WHEY-CHOC,1,44.99,0.00,-0.00,-6.75,-6.10,0.00,0.00,32.14
2026-STL-0412,Order,114-1000346-8330827,2026-04-12,PF-WHEY-VAN,1,44.99,0.00,-0.00,-6.75,-6.10,0.00,0.00,32.14
2026-STL-0412,Order,114-1000347-7486822,2026-04-12,PF-WHEY-VAN,1,44.99,0.00,-4.50,-6.07,-6.10,0.00,0.00,28.32
2026-STL-0412,Order,114-1000348-7163058,2026-04-12,PF-WHEY-VAN,1,44.99,0.00,-0.00,-6.75,-6.10,0.00,0.00,32.14
2026-STL-0412,Order,114-1000349-8121922,2026-04-12,PF-WHEY-VAN,1,44.99,0.00,-4.50,-6.07,-6.10,0.00,0.00,28.32
2026-STL-0412,Order,114-1000551-8153291,2026-04-12,PF-PREWKT-BERRY,1,32.99,0.00,-0.00,-4.95,-4.35,0.00,0.00,23.69
2026-STL-0412,Order,114-1000740-4595669,2026-04-12,PF-CREATINE-300,1,24.99,0.00,-0.00,-3.75,-4.05,0.00,0.00,17.19
2026-STL-0412,Order,114-1000741-5514473,2026-04-12,PF-CREATINE-300,1,24.99,0.00,-0.00,-3.75,-4.05,0.00,0.00,17.19
2026-STL-0412,Order,114-1000742-1149283,2026-04-12,PF-CREATINE-300,1,24.99,0.00,-2.50,-3.37,-4.05,0.00,0.00,15.07
2026-STL-0412,Order,114-1000743-1141997,2026-04-12,PF-CREATINE-300,1,24.99,0.00,-0.00,-3.75,-4.05,0.00,0.00,17.19
2026-STL-0412,Order,114-1001177-1774096,2026-04-12,PF-SHAKER-28,1,12.99,0.00,-0.00,-1.95,-3.45,0.00,0.00,7.59
2026-STL-0412,Order,114-1001303-3851044,2026-04-12,PF-VEGAN-CHOC,1,39.99,0.00,-0.00,-6.00,-6.10,0.00,0.00,27.89
2026-STL-0412,Order,114-1001379-6835728,2026-04-12,PF-ELECTRO-CIT,1,21.99,0.00,-0.00,-3.30,-3.95,0.00,0.00,14.74
2026-STL-0412,Order,114-1001380-5057108,2026-04-12,PF-ELECTRO-CIT,2,43.98,0.00,-0.00,-6.60,-7.90,0.00,0.00,29.48
2026-STL-0412,Order,114-1001507-4126532,2026-04-12,GT-SERUM-VITC,1,28.99,0.00,-0.00,-4.35,-3.55,0.00,0.00,21.09
2026-STL-0412,Order,114-1001508-6733527,2026-04-12,GT-SERUM-VITC,1,28.99,0.00,-0.00,-4.35,-3.55,0.00,0.00,21.09
2026-STL-0412,Order,114-1001509-3601637,2026-04-12,GT-SERUM-VITC,1,28.99,0.00,-0.00,-4.35,-3.55,0.00,0.00,21.09
2026-STL-0412,Refund,114-1001897-4977883,2026-04-12,GT-SERUM-HA,-1,-24.99,0.00,2.50,2.70,0.00,0.00,0.00,-19.79
2026-STL-0412,Order,114-1001913-9920146,2026-04-12,GT-SERUM-HA,1,24.99,0.00,-0.00,-3.75,-3.55,0.00,0.00,17.69
2026-STL-0412,Order,114-1001914-3140306,2026-04-12,GT-SERUM-HA,2,49.98,0.00,-0.00,-7.50,-7.10,0.00,0.00,35.38
2026-STL-0412,Order,114-1001915-3120109,2026-04-12,GT-SERUM-HA,1,24.99,0.00,-0.00,-3.75,-3.55,0.00,0.00,17.69
2026-STL-0412,Order,114-1001916-7210098,2026-04-12,GT-SERUM-HA,1,24.99,0.00,-0.00,-3.75,-3.55,0.00,0.00,17.69
2026-STL-0412,Order,114-1001917-8680384,2026-04-12,GT-SERUM-HA,1,24.99,0.00,-0.00,-3.75,-3.55,0.00,0.00,17.69
2026-STL-0412,Order,114-1002231-7480045,2026-04-12,GT-MOIST-50ML,1,22.99,0.00,-2.30,-3.10,-3.60,0.00,0.00,13.99
2026-STL-0412,Order,114-1002232-5383230,2026-04-12,GT-MOIST-50ML,3,68.97,0.00,-0.00,-10.35,-10.80,0.00,0.00,47.82
2026-STL-0412,Order,114-1002233-8311783,2026-04-12,GT-MOIST-50ML,1,22.99,0.00,-0.00,-3.45,-3.60,0.00,0.00,15.94
2026-STL-0412,Order,114-1002234-4347166,2026-04-12,GT-MOIST-50ML,1,22.99,0.00,-0.00,-3.45,-3.60,0.00,0.00,15.94
2026-STL-0412,Order,114-1002431-2403154,2026-04-12,GT-CLEANSE-150,1,16.99,0.00,-0.00,-2.55,-3.70,0.00,0.00,10.74
2026-STL-0412,Order,114-1002583-8382743,2026-04-12,GT-MASK-CLAY,1,14.99,0.00,-0.00,-2.25,-3.85,0.00,0.00,8.89
2026-STL-0412,Order,114-1002835-7517139,2026-04-12,GT-SPF30-TINT,1,23.99,0.00,-0.00,-3.60,-3.60,0.00,0.00,16.79
2026-STL-0412,Order,114-1003102-9441498,2026-04-12,PH-CHEW-BULLY-6,1,29.99,0.00,-0.00,-4.50,-4.60,0.00,0.00,20.89
2026-STL-0412,Order,114-1003103-2231734,2026-04-12,PH-CHEW-BULLY-6,1,29.99,0.00,-0.00,-4.50,-4.60,0.00,0.00,20.89
2026-STL-0412,Order,114-1003104-7919142,2026-04-12,PH-CHEW-BULLY-6,1,29.99,0.00,-0.00,-4.50,-4.60,0.00,0.00,20.89
2026-STL-0412,Order,114-1003367-5812312,2026-04-12,PH-TREAT-SALMON,2,37.98,0.00,-0.00,-5.70,-7.80,0.00,0.00,24.48
2026-STL-0412,Order,114-1003368-9890054,2026-04-12,PH-TREAT-SALMON,1,18.99,0.00,-0.00,-2.85,-3.90,0.00,0.00,12.24
2026-STL-0412,Order,114-1003668-7578422,2026-04-12,PH-SHAMPOO-OAT,1,15.99,0.00,-0.00,-2.40,-3.95,0.00,0.00,9.64
2026-STL-0412,Order,114-1003669-9005008,2026-04-12,PH-SHAMPOO-OAT,3,47.97,0.00,-4.80,-6.48,-11.85,0.00,0.00,24.84
2026-STL-0412,Order,114-1003670-6949892,2026-04-12,PH-SHAMPOO-OAT,1,15.99,0.00,-0.00,-2.40,-3.95,0.00,0.00,9.64
2026-STL-0412,Order,114-1003825-3284457,2026-04-12,PH-TOY-ROPE-L,1,13.99,0.00,-0.00,-2.10,-3.75,0.00,0.00,8.14
2026-STL-0412,Order,114-1003826-8217356,2026-04-12,PH-TOY-ROPE-L,1,13.99,0.00,-0.00,-2.10,-3.75,0.00,0.00,8.14
2026-STL-0412,Order,114-1003999-3657425,2026-04-12,PH-BED-MED-GRY,2,85.98,0.00,-0.00,-12.90,-24.80,0.00,0.00,48.28
2026-STL-0412,Order,114-1004000-1237556,2026-04-12,PH-BED-MED-GRY,1,42.99,0.00,-0.00,-6.45,-12.40,0.00,0.00,24.14
2026-STL-0412,Order,114-1004101-8393823,2026-04-12,PH-BRUSH-DBL,1,12.99,0.00,-0.00,-1.95,-3.45,0.00,0.00,7.59
2026-STL-0412,Order,114-1004102-6695502,2026-04-12,PH-BRUSH-DBL,1,12.99,0.00,-0.00,-1.95,-3.45,0.00,0.00,7.59
2026-STL-0412,Order,114-1004238-4372878,2026-04-12,PH-DENTAL-30CT,1,21.99,0.00,-0.00,-3.30,-4.10,0.00,0.00,14.59
2026-STL-0412,Order,114-1004239-4057141,2026-04-12,PH-DENTAL-30CT,1,21.99,0.00,-2.20,-2.97,-4.10,0.00,0.00,12.72
2026-STL-0412,Order,114-1004240-9974936,2026-04-12,PH-DENTAL-30CT,1,21.99,0.00,-0.00,-3.30,-4.10,0.00,0.00,14.59
2026-STL-0412,Order,114-1004241-6916088,2026-04-12,PH-DENTAL-30CT,1,21.99,0.00,-0.00,-3.30,-4.10,0.00,0.00,14.59
2026-STL-0413,Order,114-1000028-3710343,2026-04-13,PF-WHEY-CHOC,1,44.99,0.00,-0.00,-6.75,-6.10,0.00,0.00,32.14
2026-STL-0413,Order,114-1000029-1009594,2026-04-13,PF-WHEY-CHOC,1,44.99,0.00,-0.00,-6.75,-6.10,0.00,0.00,32.14
2026-STL-0413,Order,114-1000030-7089806,2026-04-13,PF-WHEY-CHOC,1,44.99,0.00,-0.00,-6.75,-6.10,0.00,0.00,32.14
2026-STL-0413,Order,114-1000350-5928582,2026-04-13,PF-WHEY-VAN,1,44.99,0.00,-4.50,-6.07,-6.10,0.00,0.00,28.32
2026-STL-0413,Order,114-1000351-6142147,2026-04-13,PF-WHEY-VAN,1,44.99,0.00,-0.00,-6.75,-6.10,0.00,0.00,32.14
2026-STL-0413,Order,114-1000352-8447546,2026-04-13,PF-WHEY-VAN,1,44.99,0.00,-0.00,-6.75,-6.10,0.00,0.00,32.14
2026-STL-0413,Order,114-1000552-8250013,2026-04-13,PF-PREWKT-BERRY,1,32.99,0.00,-0.00,-4.95,-4.35,0.00,0.00,23.69
2026-STL-0413,Order,114-1000553-8542617,2026-04-13,PF-PREWKT-BERRY,1,32.99,0.00,-3.30,-4.45,-4.35,0.00,0.00,20.89
2026-STL-0413,Order,114-1000744-5620085,2026-04-13,PF-CREATINE-300,1,24.99,0.00,-2.50,-3.37,-4.05,0.00,0.00,15.07
2026-STL-0413,Order,114-1000745-5227836,2026-04-13,PF-CREATINE-300,1,24.99,0.00,-0.00,-3.75,-4.05,0.00,0.00,17.19
2026-STL-0413,Order,114-1000746-7663113,2026-04-13,PF-CREATINE-300,1,24.99,0.00,-0.00,-3.75,-4.05,0.00,0.00,17.19
2026-STL-0413,Order,114-1001079-1938227,2026-04-13,PF-BCAA-LEMON,1,27.99,0.00,-0.00,-4.20,-4.20,0.00,0.00,19.59
2026-STL-0413,Order,114-1001178-1377156,2026-04-13,PF-SHAKER-28,1,12.99,0.00,-0.00,-1.95,-3.45,0.00,0.00,7.59
2026-STL-0413,Order,114-1001381-1234617,2026-04-13,PF-ELECTRO-CIT,1,21.99,0.00,-2.20,-2.97,-3.95,0.00,0.00,12.87
2026-STL-0413,Order,114-1001510-2328472,2026-04-13,GT-SERUM-VITC,1,28.99,0.00,-0.00,-4.35,-3.55,0.00,0.00,21.09
2026-STL-0413,Order,114-1001511-3143956,2026-04-13,GT-SERUM-VITC,1,28.99,0.00,-0.00,-4.35,-3.55,0.00,0.00,21.09
2026-STL-0413,Order,114-1001512-8176148,2026-04-13,GT-SERUM-VITC,1,28.99,0.00,-0.00,-4.35,-3.55,0.00,0.00,21.09
2026-STL-0413,Order,114-1001513-1756566,2026-04-13,GT-SERUM-VITC,1,28.99,0.00,-0.00,-4.35,-3.55,0.00,0.00,21.09
2026-STL-0413,Order,114-1001918-9426008,2026-04-13,GT-SERUM-HA,3,74.97,0.00,-0.00,-11.25,-10.65,0.00,0.00,53.07
2026-STL-0413,Order,114-1001919-4838024,2026-04-13,GT-SERUM-HA,2,49.98,0.00,-0.00,-7.50,-7.10,0.00,0.00,35.38
2026-STL-0413,Order,114-1001920-7820186,2026-04-13,GT-SERUM-HA,2,49.98,0.00,-5.00,-6.75,-7.10,0.00,0.00,31.13
2026-STL-0413,Order,114-1001921-2286698,2026-04-13,GT-SERUM-HA,2,49.98,0.00,-0.00,-7.50,-7.10,0.00,0.00,35.38
2026-STL-0413,Order,114-1001922-1963205,2026-04-13,GT-SERUM-HA,2,49.98,0.00,-0.00,-7.50,-7.10,0.00,0.00,35.38
2026-STL-0413,Order,114-1001923-1179426,2026-04-13,GT-SERUM-HA,1,24.99,0.00,-2.50,-3.37,-3.55,0.00,0.00,15.57
2026-STL-0413,Order,114-1002235-8736886,2026-04-13,GT-MOIST-50ML,1,22.99,0.00,-0.00,-3.45,-3.60,0.00,0.00,15.94
2026-STL-0413,Order,114-1002236-8329845,2026-04-13,GT-MOIST-50ML,1,22.99,0.00,-2.30,-3.10,-3.60,0.00,0.00,13.99
2026-STL-0413,Order,114-1002432-9217672,2026-04-13,GT-CLEANSE-150,1,16.99,0.00,-1.70,-2.29,-3.70,0.00,0.00,9.30
2026-STL-0413,Order,114-1002433-8944257,2026-04-13,GT-CLEANSE-150,1,16.99,0.00,-0.00,-2.55,-3.70,0.00,0.00,10.74
2026-STL-0413,Order,114-1002584-2875419,2026-04-13,GT-MASK-CLAY,1,14.99,0.00,-1.50,-2.02,-3.85,0.00,0.00,7.62
2026-STL-0413,Order,114-1002585-3381527,2026-04-13,GT-MASK-CLAY,1,14.99,0.00,-0.00,-2.25,-3.85,0.00,0.00,8.89
2026-STL-0413,Order,114-1002719-4895353,2026-04-13,GT-EYE-CREAM,1,26.99,0.00,-0.00,-4.05,-3.50,0.00,0.00,19.44
2026-STL-0413,Order,114-1002836-3415646,2026-04-13,GT-SPF30-TINT,1,23.99,0.00,-2.40,-3.24,-3.60,0.00,0.00,14.75
2026-STL-0413,Order,114-1002837-4808186,2026-04-13,GT-SPF30-TINT,1,23.99,0.00,-0.00,-3.60,-3.60,0.00,0.00,16.79
2026-STL-0413,Order,114-1002838-4491354,2026-04-13,GT-SPF30-TINT,1,23.99,0.00,-0.00,-3.60,-3.60,0.00,0.00,16.79
2026-STL-0413,Order,114-1003008-8091757,2026-04-13,GT-ROLLER-JADE,1,13.99,0.00,-0.00,-2.10,-3.40,0.00,0.00,8.49
2026-STL-0413,Order,114-1003105-4616671,2026-04-13,PH-CHEW-BULLY-6,1,29.99,0.00,-0.00,-4.50,-4.60,0.00,0.00,20.89
2026-STL-0413,Order,114-1003106-3346211,2026-04-13,PH-CHEW-BULLY-6,1,29.99,0.00,-0.00,-4.50,-4.60,0.00,0.00,20.89
2026-STL-0413,Order,114-1003107-1274777,2026-04-13,PH-CHEW-BULLY-6,1,29.99,0.00,-0.00,-4.50,-4.60,0.00,0.00,20.89
2026-STL-0413,Order,114-1003369-7833008,2026-04-13,PH-TREAT-SALMON,2,37.98,0.00,-0.00,-5.70,-7.80,0.00,0.00,24.48
2026-STL-0413,Order,114-1003370-4616926,2026-04-13,PH-TREAT-SALMON,1,18.99,0.00,-0.00,-2.85,-3.90,0.00,0.00,12.24
2026-STL-0413,Order,114-1003671-2887319,2026-04-13,PH-SHAMPOO-OAT,1,15.99,0.00,-0.00,-2.40,-3.95,0.00,0.00,9.64
2026-STL-0413,Order,114-1003672-5162620,2026-04-13,PH-SHAMPOO-OAT,1,15.99,0.00,-1.60,-2.16,-3.95,0.00,0.00,8.28
2026-STL-0413,Order,114-1003673-4760289,2026-04-13,PH-SHAMPOO-OAT,1,15.99,0.00,-1.60,-2.16,-3.95,0.00,0.00,8.28
2026-STL-0413,Order,114-1003827-9117939,2026-04-13,PH-TOY-ROPE-L,1,13.99,0.00,-0.00,-2.10,-3.75,0.00,0.00,8.14
2026-STL-0413,Order,114-1003828-2453304,2026-04-13,PH-TOY-ROPE-L,1,13.99,0.00,-2.80,-1.68,-3.75,0.00,0.00,5.76
2026-STL-0413,Order,114-1003829-6489988,2026-04-13,PH-TOY-ROPE-L,1,13.99,0.00,-0.00,-2.10,-3.75,0.00,0.00,8.14
2026-STL-0413,Order,114-1003830-9756078,2026-04-13,PH-TOY-ROPE-L,1,13.99,0.00,-0.00,-2.10,-3.75,0.00,0.00,8.14
2026-STL-0413,Order,114-1004001-4728927,2026-04-13,PH-BED-MED-GRY,1,42.99,0.00,-8.60,-5.16,-12.40,0.00,0.00,16.83
2026-STL-0413,Order,114-1004103-6312637,2026-04-13,PH-BRUSH-DBL,2,25.98,0.00,-0.00,-3.90,-6.90,0.00,0.00,15.18
2026-STL-0413,Order,114-1004104-6758647,2026-04-13,PH-BRUSH-DBL,1,12.99,0.00,-0.00,-1.95,-3.45,0.00,0.00,7.59
2026-STL-0413,Order,114-1004242-8294648,2026-04-13,PH-DENTAL-30CT,1,21.99,0.00,-2.20,-2.97,-4.10,0.00,0.00,12.72
2026-STL-0413,Order,114-1004243-3050631,2026-04-13,PH-DENTAL-30CT,1,21.99,0.00,-0.00,-3.30,-4.10,0.00,0.00,14.59
2026-STL-0414,Order,114-1000031-1971823,2026-04-14,PF-WHEY-CHOC,2,89.98,0.00,-0.00,-13.50,-12.20,0.00,0.00,64.28
2026-STL-0414,Order,114-1000032-9153566,2026-04-14,PF-WHEY-CHOC,1,44.99,0.00,-0.00,-6.75,-6.10,0.00,0.00,32.14
2026-STL-0414,Order,114-1000033-3109911,2026-04-14,PF-WHEY-CHOC,3,134.97,0.00,-0.00,-20.25,-18.30,0.00,0.00,96.42
2026-STL-0414,Order,114-1000034-5446912,2026-04-14,PF-WHEY-CHOC,1,44.99,0.00,-0.00,-6.75,-6.10,0.00,0.00,32.14
2026-STL-0414,Order,114-1000035-4374754,2026-04-14,PF-WHEY-CHOC,1,44.99,0.00,-9.00,-5.40,-6.10,0.00,0.00,24.49
2026-STL-0414,Order,114-1000353-5606274,2026-04-14,PF-WHEY-VAN,1,44.99,0.00,-9.00,-5.40,-6.10,0.00,0.00,24.49
2026-STL-0414,Order,114-1000354-7815076,2026-04-14,PF-WHEY-VAN,1,44.99,0.00,-0.00,-6.75,-6.10,0.00,0.00,32.14
2026-STL-0414,Order,114-1000355-1522452,2026-04-14,PF-WHEY-VAN,1,44.99,0.00,-0.00,-6.75,-6.10,0.00,0.00,32.14
2026-STL-0414,Order,114-1000356-1583829,2026-04-14,PF-WHEY-VAN,1,44.99,0.00,-0.00,-6.75,-6.10,0.00,0.00,32.14
2026-STL-0414,Refund,114-1000543-2777454,2026-04-14,PF-PREWKT-BERRY,-1,-32.99,0.00,0.00,3.96,0.00,0.00,0.00,-29.03
2026-STL-0414,Order,114-1000554-4452490,2026-04-14,PF-PREWKT-BERRY,1,32.99,0.00,-0.00,-4.95,-4.35,0.00,0.00,23.69
2026-STL-0414,Order,114-1000555-2707116,2026-04-14,PF-PREWKT-BERRY,1,32.99,0.00,-0.00,-4.95,-4.35,0.00,0.00,23.69
2026-STL-0414,Order,114-1000556-4306357,2026-04-14,PF-PREWKT-BERRY,1,32.99,0.00,-0.00,-4.95,-4.35,0.00,0.00,23.69
2026-STL-0414,Order,114-1000747-5742531,2026-04-14,PF-CREATINE-300,3,74.97,0.00,-7.50,-10.12,-12.15,0.00,0.00,45.20
2026-STL-0414,Order,114-1000748-5638619,2026-04-14,PF-CREATINE-300,1,24.99,0.00,-0.00,-3.75,-4.05,0.00,0.00,17.19
2026-STL-0414,Order,114-1000749-6012883,2026-04-14,PF-CREATINE-300,2,49.98,0.00,-0.00,-7.50,-8.10,0.00,0.00,34.38
2026-STL-0414,Order,114-1000750-1952520,2026-04-14,PF-CREATINE-300,1,24.99,0.00,-0.00,-3.75,-4.05,0.00,0.00,17.19
2026-STL-0414,Order,114-1000751-6361758,2026-04-14,PF-CREATINE-300,1,24.99,0.00,-0.00,-3.75,-4.05,0.00,0.00,17.19
2026-STL-0414,Order,114-1000752-5959422,2026-04-14,PF-CREATINE-300,1,24.99,0.00,-0.00,-3.75,-4.05,0.00,0.00,17.19
2026-STL-0414,Order,114-1000753-1592554,2026-04-14,PF-CREATINE-300,1,24.99,0.00,-0.00,-3.75,-4.05,0.00,0.00,17.19
2026-STL-0414,Order,114-1000754-6757387,2026-04-14,PF-CREATINE-300,3,74.97,0.00,-7.50,-10.12,-12.15,0.00,0.00,45.20
2026-STL-0414,Order,114-1001080-8286418,2026-04-14,PF-BCAA-LEMON,1,27.99,0.00,-2.80,-3.78,-4.20,0.00,0.00,17.21
2026-STL-0414,Order,114-1001081-4803691,2026-04-14,PF-BCAA-LEMON,2,55.98,0.00,-5.60,-7.56,-8.40,0.00,0.00,34.42
2026-STL-0414,Order,114-1001082-7417066,2026-04-14,PF-BCAA-LEMON,2,55.98,0.00,-5.60,-7.56,-8.40,0.00,0.00,34.42
2026-STL-0414,Order,114-1001179-5641409,2026-04-14,PF-SHAKER-28,1,12.99,0.00,-0.00,-1.95,-3.45,0.00,0.00,7.59
2026-STL-0414,Order,114-1001304-4631304,2026-04-14,PF-VEGAN-CHOC,1,39.99,0.00,-0.00,-6.00,-6.10,0.00,0.00,27.89
2026-STL-0414,Order,114-1001382-1072627,2026-04-14,PF-ELECTRO-CIT,1,21.99,0.00,-0.00,-3.30,-3.95,0.00,0.00,14.74
2026-STL-0414,Refund,114-1001477-1763562,2026-04-14,GT-SERUM-VITC,-1,-28.99,0.00,0.00,3.48,0.00,0.00,0.00,-25.51
2026-STL-0414,Order,114-1001514-8795642,2026-04-14,GT-SERUM-VITC,1,28.99,0.00,-0.00,-4.35,-3.55,0.00,0.00,21.09
2026-STL-0414,Order,114-1001515-5275844,2026-04-14,GT-SERUM-VITC,1,28.99,0.00,-0.00,-4.35,-3.55,0.00,0.00,21.09
2026-STL-0414,Order,114-1001516-8765820,2026-04-14,GT-SERUM-VITC,1,28.99,0.00,-0.00,-4.35,-3.55,0.00,0.00,21.09
2026-STL-0414,Order,114-1001517-2397383,2026-04-14,GT-SERUM-VITC,1,28.99,0.00,-0.00,-4.35,-3.55,0.00,0.00,21.09
2026-STL-0414,Order,114-1001518-8633602,2026-04-14,GT-SERUM-VITC,1,28.99,0.00,-0.00,-4.35,-3.55,0.00,0.00,21.09
2026-STL-0414,Order,114-1001924-9640458,2026-04-14,GT-SERUM-HA,1,24.99,0.00,-0.00,-3.75,-3.55,0.00,0.00,17.69
2026-STL-0414,Order,114-1001925-3091977,2026-04-14,GT-SERUM-HA,1,24.99,0.00,-0.00,-3.75,-3.55,0.00,0.00,17.69
2026-STL-0414,Order,114-1001926-1122310,2026-04-14,GT-SERUM-HA,1,24.99,0.00,-2.50,-3.37,-3.55,0.00,0.00,15.57
2026-STL-0414,Order,114-1002237-9452615,2026-04-14,GT-MOIST-50ML,1,22.99,0.00,-0.00,-3.45,-3.60,0.00,0.00,15.94
2026-STL-0414,Order,114-1002238-8175098,2026-04-14,GT-MOIST-50ML,1,22.99,0.00,-0.00,-3.45,-3.60,0.00,0.00,15.94
2026-STL-0414,Order,114-1002239-1443289,2026-04-14,GT-MOIST-50ML,3,68.97,0.00,-0.00,-10.35,-10.80,0.00,0.00,47.82
2026-STL-0414,Order,114-1002434-7909840,2026-04-14,GT-CLEANSE-150,1,16.99,0.00,-0.00,-2.55,-3.70,0.00,0.00,10.74
2026-STL-0414,Order,114-1002435-6392918,2026-04-14,GT-CLEANSE-150,1,16.99,0.00,-0.00,-2.55,-3.70,0.00,0.00,10.74
2026-STL-0414,Order,114-1002436-5498724,2026-04-14,GT-CLEANSE-150,1,16.99,0.00,-1.70,-2.29,-3.70,0.00,0.00,9.30
2026-STL-0414,Order,114-1002586-2629498,2026-04-14,GT-MASK-CLAY,1,14.99,0.00,-0.00,-2.25,-3.85,0.00,0.00,8.89
2026-STL-0414,Order,114-1002587-9247292,2026-04-14,GT-MASK-CLAY,1,14.99,0.00,-0.00,-2.25,-3.85,0.00,0.00,8.89
2026-STL-0414,Order,114-1002720-2181161,2026-04-14,GT-EYE-CREAM,1,26.99,0.00,-0.00,-4.05,-3.50,0.00,0.00,19.44
2026-STL-0414,Order,114-1002839-8588532,2026-04-14,GT-SPF30-TINT,1,23.99,0.00,-0.00,-3.60,-3.60,0.00,0.00,16.79
2026-STL-0414,Order,114-1002840-6469556,2026-04-14,GT-SPF30-TINT,1,23.99,0.00,-0.00,-3.60,-3.60,0.00,0.00,16.79
2026-STL-0414,Order,114-1003108-7698122,2026-04-14,PH-CHEW-BULLY-6,2,59.98,0.00,-0.00,-9.00,-9.20,0.00,0.00,41.78
2026-STL-0414,Order,114-1003109-8772872,2026-04-14,PH-CHEW-BULLY-6,1,29.99,0.00,-3.00,-4.05,-4.60,0.00,0.00,18.34
2026-STL-0414,Order,114-1003110-3441713,2026-04-14,PH-CHEW-BULLY-6,2,59.98,0.00,-0.00,-9.00,-9.20,0.00,0.00,41.78
2026-STL-0414,Order,114-1003371-8017389,2026-04-14,PH-TREAT-SALMON,1,18.99,0.00,-0.00,-2.85,-3.90,0.00,0.00,12.24
2026-STL-0414,Order,114-1003372-5931635,2026-04-14,PH-TREAT-SALMON,1,18.99,0.00,-0.00,-2.85,-3.90,0.00,0.00,12.24
2026-STL-0414,Order,114-1003373-1718961,2026-04-14,PH-TREAT-SALMON,1,18.99,0.00,-1.90,-2.56,-3.90,0.00,0.00,10.63
2026-STL-0414,Order,114-1003674-8721537,2026-04-14,PH-SHAMPOO-OAT,1,15.99,0.00,-0.00,-2.40,-3.95,0.00,0.00,9.64
2026-STL-0414,Order,114-1003675-7679985,2026-04-14,PH-SHAMPOO-OAT,2,31.98,0.00,-0.00,-4.80,-7.90,0.00,0.00,19.28
2026-STL-0414,Order,114-1003676-8073819,2026-04-14,PH-SHAMPOO-OAT,1,15.99,0.00,-1.60,-2.16,-3.95,0.00,0.00,8.28
2026-STL-0414,Refund,114-1003820-7260277,2026-04-14,PH-TOY-ROPE-L,-1,-13.99,0.00,1.40,1.51,0.00,0.00,0.00,-11.08
2026-STL-0414,Order,114-1003831-3206288,2026-04-14,PH-TOY-ROPE-L,2,27.98,0.00,-0.00,-4.20,-7.50,0.00,0.00,16.28
2026-STL-0414,Order,114-1004002-4068301,2026-04-14,PH-BED-MED-GRY,1,42.99,0.00,-0.00,-6.45,-12.40,0.00,0.00,24.14
2026-STL-0414,Order,114-1004105-3473513,2026-04-14,PH-BRUSH-DBL,1,12.99,0.00,-0.00,-1.95,-3.45,0.00,0.00,7.59
2026-STL-0414,Order,114-1004106-8572723,2026-04-14,PH-BRUSH-DBL,1,12.99,0.00,-0.00,-1.95,-3.45,0.00,0.00,7.59
2026-STL-0414,Order,114-1004244-4568629,2026-04-14,PH-DENTAL-30CT,1,21.99,0.00,-0.00,-3.30,-4.10,0.00,0.00,14.59
2026-STL-0414,Order,114-1004245-9587550,2026-04-14,PH-DENTAL-30CT,1,21.99,0.00,-0.00,-3.30,-4.10,0.00,0.00,14.59
2026-STL-0414,Order,114-1004246-6976722,2026-04-14,PH-DENTAL-30CT,1,21.99,0.00,-2.20,-2.97,-4.10,0.00,0.00,12.72
2026-STL-0415,Order,114-1000036-8574680,2026-04-15,PF-WHEY-CHOC,1,44.99,0.00,-4.50,-6.07,-6.10,0.00,0.00,28.32
2026-STL-0415,Order,114-1000037-4860684,2026-04-15,PF-WHEY-CHOC,1,44.99,0.00,-0.00,-6.75,-6.10,0.00,0.00,32.14
2026-STL-0415,Order,114-1000038-1987737,2026-04-15,PF-WHEY-CHOC,1,44.99,0.00,-0.00,-6.75,-6.10,0.00,0.00,32.14
2026-STL-0415,Order,114-1000357-7075878,2026-04-15,PF-WHEY-VAN,1,44.99,0.00,-0.00,-6.75,-6.10,0.00,0.00,32.14
2026-STL-0415,Order,114-1000358-8548448,2026-04-15,PF-WHEY-VAN,1,44.99,0.00,-0.00,-6.75,-6.10,0.00,0.00,32.14
2026-STL-0415,Order,114-1000359-3310140,2026-04-15,PF-WHEY-VAN,1,44.99,0.00,-0.00,-6.75,-6.10,0.00,0.00,32.14
2026-STL-0415,Order,114-1000557-7520284,2026-04-15,PF-PREWKT-BERRY,1,32.99,0.00,-0.00,-4.95,-4.35,0.00,0.00,23.69
2026-STL-0415,Order,114-1000558-8681625,2026-04-15,PF-PREWKT-BERRY,1,32.99,0.00,-0.00,-4.95,-4.35,0.00,0.00,23.69
2026-STL-0415,Order,114-1000755-8981512,2026-04-15,PF-CREATINE-300,1,24.99,0.00,-0.00,-3.75,-4.05,0.00,0.00,17.19
2026-STL-0415,Order,114-1000756-3851902,2026-04-15,PF-CREATINE-300,1,24.99,0.00,-0.00,-3.75,-4.05,0.00,0.00,17.19
2026-STL-0415,Order,114-1000757-2637507,2026-04-15,PF-CREATINE-300,2,49.98,0.00,-0.00,-7.50,-8.10,0.00,0.00,34.38
2026-STL-0415,Order,114-1000758-4071377,2026-04-15,PF-CREATINE-300,1,24.99,0.00,-0.00,-3.75,-4.05,0.00,0.00,17.19
2026-STL-0415,Order,114-1000759-4728795,2026-04-15,PF-CREATINE-300,2,49.98,0.00,-0.00,-7.50,-8.10,0.00,0.00,34.38
2026-STL-0415,Order,114-1001180-5574378,2026-04-15,PF-SHAKER-28,1,12.99,0.00,-0.00,-1.95,-3.45,0.00,0.00,7.59
2026-STL-0415,Order,114-1001181-9624506,2026-04-15,PF-SHAKER-28,1,12.99,0.00,-0.00,-1.95,-3.45,0.00,0.00,7.59
2026-STL-0415,Order,114-1001182-5547499,2026-04-15,PF-SHAKER-28,1,12.99,0.00,-0.00,-1.95,-3.45,0.00,0.00,7.59
2026-STL-0415,Order,114-1001183-5107483,2026-04-15,PF-SHAKER-28,1,12.99,0.00,-0.00,-1.95,-3.45,0.00,0.00,7.59
2026-STL-0415,Order,114-1001305-5138170,2026-04-15,PF-VEGAN-CHOC,1,39.99,0.00,-0.00,-6.00,-6.10,0.00,0.00,27.89
2026-STL-0415,Refund,114-1001375-2304181,2026-04-15,PF-ELECTRO-CIT,-1,-21.99,0.00,0.00,2.64,0.00,0.00,0.00,-19.35
2026-STL-0415,Order,114-1001519-4140556,2026-04-15,GT-SERUM-VITC,1,28.99,0.00,-2.90,-3.91,-3.55,0.00,0.00,18.63
2026-STL-0415,Order,114-1001520-5350628,2026-04-15,GT-SERUM-VITC,1,28.99,0.00,-5.80,-3.48,-3.55,0.00,0.00,16.16
2026-STL-0415,Order,114-1001521-1098097,2026-04-15,GT-SERUM-VITC,1,28.99,0.00,-0.00,-4.35,-3.55,0.00,0.00,21.09
2026-STL-0415,Order,114-1001522-8720254,2026-04-15,GT-SERUM-VITC,1,28.99,0.00,-0.00,-4.35,-3.55,0.00,0.00,21.09
2026-STL-0415,Order,114-1001927-5097436,2026-04-15,GT-SERUM-HA,1,24.99,0.00,-0.00,-3.75,-3.55,0.00,0.00,17.69
2026-STL-0415,Order,114-1001928-9860239,2026-04-15,GT-SERUM-HA,1,24.99,0.00,-2.50,-3.37,-3.55,0.00,0.00,15.57
2026-STL-0415,Order,114-1001929-3827503,2026-04-15,GT-SERUM-HA,1,24.99,0.00,-0.00,-3.75,-3.55,0.00,0.00,17.69
2026-STL-0415,Order,114-1001930-4776024,2026-04-15,GT-SERUM-HA,2,49.98,0.00,-0.00,-7.50,-7.10,0.00,0.00,35.38
2026-STL-0415,Order,114-1002240-5070918,2026-04-15,GT-MOIST-50ML,1,22.99,0.00,-0.00,-3.45,-3.60,0.00,0.00,15.94
2026-STL-0415,Order,114-1002437-9385512,2026-04-15,GT-CLEANSE-150,1,16.99,0.00,-0.00,-2.55,-3.70,0.00,0.00,10.74
2026-STL-0415,Order,114-1002588-8556058,2026-04-15,GT-MASK-CLAY,1,14.99,0.00,-0.00,-2.25,-3.85,0.00,0.00,8.89
2026-STL-0415,Order,114-1002589-3349162,2026-04-15,GT-MASK-CLAY,1,14.99,0.00,-0.00,-2.25,-3.85,0.00,0.00,8.89
2026-STL-0415,Order,114-1002721-5565127,2026-04-15,GT-EYE-CREAM,1,26.99,0.00,-0.00,-4.05,-3.50,0.00,0.00,19.44
2026-STL-0415,Order,114-1002722-5285779,2026-04-15,GT-EYE-CREAM,1,26.99,0.00,-2.70,-3.64,-3.50,0.00,0.00,17.15
2026-STL-0415,Order,114-1002841-4264878,2026-04-15,GT-SPF30-TINT,1,23.99,0.00,-0.00,-3.60,-3.60,0.00,0.00,16.79
2026-STL-0415,Order,114-1002842-7097090,2026-04-15,GT-SPF30-TINT,1,23.99,0.00,-0.00,-3.60,-3.60,0.00,0.00,16.79
2026-STL-0415,Order,114-1002843-7848595,2026-04-15,GT-SPF30-TINT,1,23.99,0.00,-0.00,-3.60,-3.60,0.00,0.00,16.79
2026-STL-0415,Order,114-1003111-7485347,2026-04-15,PH-CHEW-BULLY-6,1,29.99,0.00,-0.00,-4.50,-4.60,0.00,0.00,20.89
2026-STL-0415,Order,114-1003112-5931680,2026-04-15,PH-CHEW-BULLY-6,2,59.98,0.00,-0.00,-9.00,-9.20,0.00,0.00,41.78
2026-STL-0415,Order,114-1003113-9043979,2026-04-15,PH-CHEW-BULLY-6,1,29.99,0.00,-0.00,-4.50,-4.60,0.00,0.00,20.89
2026-STL-0415,Order,114-1003114-9501309,2026-04-15,PH-CHEW-BULLY-6,1,29.99,0.00,-0.00,-4.50,-4.60,0.00,0.00,20.89
2026-STL-0415,Order,114-1003374-6662173,2026-04-15,PH-TREAT-SALMON,1,18.99,0.00,-0.00,-2.85,-3.90,0.00,0.00,12.24
2026-STL-0415,Order,114-1003375-1777764,2026-04-15,PH-TREAT-SALMON,2,37.98,0.00,-0.00,-5.70,-7.80,0.00,0.00,24.48
2026-STL-0415,Order,114-1003376-8155750,2026-04-15,PH-TREAT-SALMON,1,18.99,0.00,-0.00,-2.85,-3.90,0.00,0.00,12.24
2026-STL-0415,Order,114-1003377-4236972,2026-04-15,PH-TREAT-SALMON,1,18.99,0.00,-0.00,-2.85,-3.90,0.00,0.00,12.24
2026-STL-0415,Order,114-1003677-5443133,2026-04-15,PH-SHAMPOO-OAT,1,15.99,0.00,-0.00,-2.40,-3.95,0.00,0.00,9.64
2026-STL-0415,Order,114-1003678-9584911,2026-04-15,PH-SHAMPOO-OAT,1,15.99,0.00,-0.00,-2.40,-3.95,0.00,0.00,9.64
2026-STL-0415,Order,114-1003832-2938893,2026-04-15,PH-TOY-ROPE-L,1,13.99,0.00,-0.00,-2.10,-3.75,0.00,0.00,8.14
2026-STL-0415,Order,114-1003833-9634736,2026-04-15,PH-TOY-ROPE-L,1,13.99,0.00,-2.80,-1.68,-3.75,0.00,0.00,5.76
2026-STL-0415,Order,114-1004003-5397952,2026-04-15,PH-BED-MED-GRY,1,42.99,0.00,-0.00,-6.45,-12.40,0.00,0.00,24.14
2026-STL-0415,Order,114-1004004-4360545,2026-04-15,PH-BED-MED-GRY,1,42.99,0.00,-0.00,-6.45,-12.40,0.00,0.00,24.14
2026-STL-0415,Order,114-1004107-2673186,2026-04-15,PH-BRUSH-DBL,2,25.98,0.00,-0.00,-3.90,-6.90,0.00,0.00,15.18
2026-STL-0415,Order,114-1004247-9039487,2026-04-15,PH-DENTAL-30CT,2,43.98,0.00,-0.00,-6.60,-8.20,0.00,0.00,29.18
2026-STL-0415,Order,114-1004248-7668783,2026-04-15,PH-DENTAL-30CT,1,21.99,0.00,-0.00,-3.30,-4.10,0.00,0.00,14.59
2026-STL-0416,Order,114-1000039-2188789,2026-04-16,PF-WHEY-CHOC,2,89.98,0.00,-9.00,-12.15,-12.20,0.00,0.00,56.63
2026-STL-0416,Order,114-1000040-3219824,2026-04-16,PF-WHEY-CHOC,1,44.99,0.00,-0.00,-6.75,-6.10,0.00,0.00,32.14
2026-STL-0416,Order,114-1000041-5076817,2026-04-16,PF-WHEY-CHOC,2,89.98,0.00,-0.00,-13.50,-12.20,0.00,0.00,64.28
2026-STL-0416,Order,114-1000042-2626229,2026-04-16,PF-WHEY-CHOC,1,44.99,0.00,-0.00,-6.75,-6.10,0.00,0.00,32.14
2026-STL-0416,Order,114-1000043-1908841,2026-04-16,PF-WHEY-CHOC,1,44.99,0.00,-0.00,-6.75,-6.10,0.00,0.00,32.14
2026-STL-0416,Order,114-1000360-4121368,2026-04-16,PF-WHEY-VAN,1,44.99,0.00,-0.00,-6.75,-6.10,0.00,0.00,32.14
2026-STL-0416,Order,114-1000361-5391883,2026-04-16,PF-WHEY-VAN,1,44.99,0.00,-0.00,-6.75,-6.10,0.00,0.00,32.14
2026-STL-0416,Order,114-1000559-5990296,2026-04-16,PF-PREWKT-BERRY,1,32.99,0.00,-0.00,-4.95,-4.35,0.00,0.00,23.69
2026-STL-0416,Order,114-1000560-6254384,2026-04-16,PF-PREWKT-BERRY,1,32.99,0.00,-0.00,-4.95,-4.35,0.00,0.00,23.69
2026-STL-0416,Order,114-1000561-3371602,2026-04-16,PF-PREWKT-BERRY,1,32.99,0.00,-0.00,-4.95,-4.35,0.00,0.00,23.69
2026-STL-0416,Order,114-1000562-7437584,2026-04-16,PF-PREWKT-BERRY,1,32.99,0.00,-0.00,-4.95,-4.35,0.00,0.00,23.69
2026-STL-0416,Order,114-1000760-5371458,2026-04-16,PF-CREATINE-300,1,24.99,0.00,-0.00,-3.75,-4.05,0.00,0.00,17.19
2026-STL-0416,Order,114-1000761-1900549,2026-04-16,PF-CREATINE-300,1,24.99,0.00,-0.00,-3.75,-4.05,0.00,0.00,17.19
2026-STL-0416,Order,114-1000762-2194801,2026-04-16,PF-CREATINE-300,1,24.99,0.00,-2.50,-3.37,-4.05,0.00,0.00,15.07
2026-STL-0416,Order,114-1000763-7403346,2026-04-16,PF-CREATINE-300,1,24.99,0.00,-0.00,-3.75,-4.05,0.00,0.00,17.19
2026-STL-0416,Order,114-1001083-4704361,2026-04-16,PF-BCAA-LEMON,1,27.99,0.00,-0.00,-4.20,-4.20,0.00,0.00,19.59
2026-STL-0416,Order,114-1001184-1486416,2026-04-16,PF-SHAKER-28,1,12.99,0.00,-0.00,-1.95,-3.45,0.00,0.00,7.59
2026-STL-0416,Order,114-1001383-7148229,2026-04-16,PF-ELECTRO-CIT,1,21.99,0.00,-0.00,-3.30,-3.95,0.00,0.00,14.74
2026-STL-0416,Order,114-1001384-2800606,2026-04-16,PF-ELECTRO-CIT,1,21.99,0.00,-0.00,-3.30,-3.95,0.00,0.00,14.74
2026-STL-0416,Order,114-1001523-9165848,2026-04-16,GT-SERUM-VITC,2,57.98,0.00,-11.60,-6.96,-7.10,0.00,0.00,32.32
2026-STL-0416,Order,114-1001524-7626953,2026-04-16,GT-SERUM-VITC,1,28.99,0.00,-0.00,-4.35,-3.55,0.00,0.00,21.09
2026-STL-0416,Order,114-1001525-4201127,2026-04-16,GT-SERUM-VITC,1,28.99,0.00,-0.00,-4.35,-3.55,0.00,0.00,21.09
2026-STL-0416,Order,114-1001526-1449886,2026-04-16,GT-SERUM-VITC,1,28.99,0.00,-5.80,-3.48,-3.55,0.00,0.00,16.16
2026-STL-0416,Order,114-1001527-8311317,2026-04-16,GT-SERUM-VITC,1,28.99,0.00,-0.00,-4.35,-3.55,0.00,0.00,21.09
2026-STL-0416,Order,114-1001528-2444410,2026-04-16,GT-SERUM-VITC,2,57.98,0.00,-0.00,-8.70,-7.10,0.00,0.00,42.18
2026-STL-0416,Order,114-1001931-9313242,2026-04-16,GT-SERUM-HA,1,24.99,0.00,-0.00,-3.75,-3.55,0.00,0.00,17.69
2026-STL-0416,Order,114-1001932-5190365,2026-04-16,GT-SERUM-HA,1,24.99,0.00,-0.00,-3.75,-3.55,0.00,0.00,17.69
2026-STL-0416,Order,114-1001933-5866478,2026-04-16,GT-SERUM-HA,2,49.98,0.00,-5.00,-6.75,-7.10,0.00,0.00,31.13
2026-STL-0416,Order,114-1001934-7603872,2026-04-16,GT-SERUM-HA,1,24.99,0.00,-0.00,-3.75,-3.55,0.00,0.00,17.69
2026-STL-0416,Order,114-1002241-5921482,2026-04-16,GT-MOIST-50ML,1,22.99,0.00,-0.00,-3.45,-3.60,0.00,0.00,15.94
2026-STL-0416,Order,114-1002242-1099872,2026-04-16,GT-MOIST-50ML,2,45.98,0.00,-0.00,-6.90,-7.20,0.00,0.00,31.88
2026-STL-0416,Order,114-1002243-1911778,2026-04-16,GT-MOIST-50ML,1,22.99,0.00,-0.00,-3.45,-3.60,0.00,0.00,15.94
2026-STL-0416,Order,114-1002438-2366240,2026-04-16,GT-CLEANSE-150,1,16.99,0.00,-0.00,-2.55,-3.70,0.00,0.00,10.74
2026-STL-0416,Order,114-1002590-7221849,2026-04-16,GT-MASK-CLAY,1,14.99,0.00,-0.00,-2.25,-3.85,0.00,0.00,8.89
2026-STL-0416,Refund,114-1002713-2120966,2026-04-16,GT-EYE-CREAM,-1,-26.99,0.00,0.00,3.24,0.00,0.00,0.00,-23.75
2026-STL-0416,Order,114-1002844-8889191,2026-04-16,GT-SPF30-TINT,1,23.99,0.00,-0.00,-3.60,-3.60,0.00,0.00,16.79
2026-STL-0416,Order,114-1002845-7914190,2026-04-16,GT-SPF30-TINT,1,23.99,0.00,-0.00,-3.60,-3.60,0.00,0.00,16.79
2026-STL-0416,Order,114-1002846-3629314,2026-04-16,GT-SPF30-TINT,1,23.99,0.00,-0.00,-3.60,-3.60,0.00,0.00,16.79
2026-STL-0416,Order,114-1003009-9178027,2026-04-16,GT-ROLLER-JADE,1,13.99,0.00,-0.00,-2.10,-3.40,0.00,0.00,8.49
2026-STL-0416,Order,114-1003010-2544323,2026-04-16,GT-ROLLER-JADE,1,13.99,0.00,-0.00,-2.10,-3.40,0.00,0.00,8.49
2026-STL-0416,Order,114-1003115-5523281,2026-04-16,PH-CHEW-BULLY-6,3,89.97,0.00,-0.00,-13.50,-13.80,0.00,0.00,62.67
2026-STL-0416,Order,114-1003116-7228817,2026-04-16,PH-CHEW-BULLY-6,1,29.99,0.00,-0.00,-4.50,-4.60,0.00,0.00,20.89
2026-STL-0416,Order,114-1003117-8722401,2026-04-16,PH-CHEW-BULLY-6,1,29.99,0.00,-0.00,-4.50,-4.60,0.00,0.00,20.89
2026-STL-0416,Order,114-1003378-2482766,2026-04-16,PH-TREAT-SALMON,1,18.99,0.00,-0.00,-2.85,-3.90,0.00,0.00,12.24
2026-STL-0416,Order,114-1003379-8644182,2026-04-16,PH-TREAT-SALMON,1,18.99,0.00,-0.00,-2.85,-3.90,0.00,0.00,12.24
2026-STL-0416,Order,114-1003380-3944538,2026-04-16,PH-TREAT-SALMON,2,37.98,0.00,-0.00,-5.70,-7.80,0.00,0.00,24.48
2026-STL-0416,Order,114-1003381-1873288,2026-04-16,PH-TREAT-SALMON,1,18.99,0.00,-0.00,-2.85,-3.90,0.00,0.00,12.24
2026-STL-0416,Order,114-1003382-2824919,2026-04-16,PH-TREAT-SALMON,1,18.99,0.00,-0.00,-2.85,-3.90,0.00,0.00,12.24
2026-STL-0416,Order,114-1003383-3392360,2026-04-16,PH-TREAT-SALMON,2,37.98,0.00,-0.00,-5.70,-7.80,0.00,0.00,24.48
2026-STL-0416,Order,114-1003679-6670999,2026-04-16,PH-SHAMPOO-OAT,1,15.99,0.00,-0.00,-2.40,-3.95,0.00,0.00,9.64
2026-STL-0416,Order,114-1003680-6965497,2026-04-16,PH-SHAMPOO-OAT,1,15.99,0.00,-3.20,-1.92,-3.95,0.00,0.00,6.92
2026-STL-0416,Order,114-1003681-5617378,2026-04-16,PH-SHAMPOO-OAT,1,15.99,0.00,-0.00,-2.40,-3.95,0.00,0.00,9.64
2026-STL-0416,Order,114-1003834-4577194,2026-04-16,PH-TOY-ROPE-L,1,13.99,0.00,-0.00,-2.10,-3.75,0.00,0.00,8.14
2026-STL-0416,Order,114-1003835-5325450,2026-04-16,PH-TOY-ROPE-L,1,13.99,0.00,-0.00,-2.10,-3.75,0.00,0.00,8.14
2026-STL-0416,Order,114-1003836-7765944,2026-04-16,PH-TOY-ROPE-L,1,13.99,0.00,-0.00,-2.10,-3.75,0.00,0.00,8.14
2026-STL-0416,Refund,114-1003998-8702666,2026-04-16,PH-BED-MED-GRY,-1,-42.99,0.00,0.00,5.16,0.00,0.00,0.00,-37.83
2026-STL-0416,Order,114-1004005-4520198,2026-04-16,PH-BED-MED-GRY,1,42.99,0.00,-0.00,-6.45,-12.40,0.00,0.00,24.14
2026-STL-0416,Order,114-1004108-1704032,2026-04-16,PH-BRUSH-DBL,1,12.99,0.00,-2.60,-1.56,-3.45,0.00,0.00,5.38
2026-STL-0416,Order,114-1004109-7978124,2026-04-16,PH-BRUSH-DBL,1,12.99,0.00,-0.00,-1.95,-3.45,0.00,0.00,7.59
2026-STL-0416,Order,114-1004249-4521540,2026-04-16,PH-DENTAL-30CT,1,21.99,0.00,-0.00,-3.30,-4.10,0.00,0.00,14.59
2026-STL-0416,Order,114-1004250-5310948,2026-04-16,PH-DENTAL-30CT,1,21.99,0.00,-0.00,-3.30,-4.10,0.00,0.00,14.59
2026-STL-0416,Order,114-1004251-6728665,2026-04-16,PH-DENTAL-30CT,1,21.99,0.00,-0.00,-3.30,-4.10,0.00,0.00,14.59
2026-STL-0417,Order,114-1000044-2833230,2026-04-17,PF-WHEY-CHOC,1,44.99,0.00,-0.00,-6.75,-6.10,0.00,0.00,32.14
2026-STL-0417,Order,114-1000045-8077999,2026-04-17,PF-WHEY-CHOC,1,44.99,0.00,-0.00,-6.75,-6.10,0.00,0.00,32.14
2026-STL-0417,Order,114-1000046-2264748,2026-04-17,PF-WHEY-CHOC,1,44.99,0.00,-4.50,-6.07,-6.10,0.00,0.00,28.32
2026-STL-0417,Order,114-1000047-1848731,2026-04-17,PF-WHEY-CHOC,2,89.98,0.00,-0.00,-13.50,-12.20,0.00,0.00,64.28
2026-STL-0417,Order,114-1000362-5791184,2026-04-17,PF-WHEY-VAN,1,44.99,0.00,-0.00,-6.75,-6.10,0.00,0.00,32.14
2026-STL-0417,Order,114-1000363-3277144,2026-04-17,PF-WHEY-VAN,3,134.97,0.00,-0.00,-20.25,-18.30,0.00,0.00,96.42
2026-STL-0417,Order,114-1000364-8467726,2026-04-17,PF-WHEY-VAN,1,44.99,0.00,-4.50,-6.07,-6.10,0.00,0.00,28.32
2026-STL-0417,Order,114-1000365-6361793,2026-04-17,PF-WHEY-VAN,1,44.99,0.00,-9.00,-5.40,-6.10,0.00,0.00,24.49
2026-STL-0417,Order,114-1000563-3906397,2026-04-17,PF-PREWKT-BERRY,2,65.98,0.00,-6.60,-8.91,-8.70,0.00,0.00,41.77
2026-STL-0417,Order,114-1000764-3529642,2026-04-17,PF-CREATINE-300,1,24.99,0.00,-2.50,-3.37,-4.05,0.00,0.00,15.07
2026-STL-0417,Order,114-1000765-8676774,2026-04-17,PF-CREATINE-300,1,24.99,0.00,-0.00,-3.75,-4.05,0.00,0.00,17.19
2026-STL-0417,Order,114-1000766-2355791,2026-04-17,PF-CREATINE-300,2,49.98,0.00,-0.00,-7.50,-8.10,0.00,0.00,34.38
2026-STL-0417,Order,114-1000767-1973306,2026-04-17,PF-CREATINE-300,1,24.99,0.00,-0.00,-3.75,-4.05,0.00,0.00,17.19
2026-STL-0417,Order,114-1001185-1902612,2026-04-17,PF-SHAKER-28,1,12.99,0.00,-0.00,-1.95,-3.45,0.00,0.00,7.59
2026-STL-0417,Order,114-1001186-8479891,2026-04-17,PF-SHAKER-28,1,12.99,0.00,-0.00,-1.95,-3.45,0.00,0.00,7.59
2026-STL-0417,Order,114-1001187-9950391,2026-04-17,PF-SHAKER-28,1,12.99,0.00,-1.30,-1.75,-3.45,0.00,0.00,6.49
2026-STL-0417,Order,114-1001188-3211157,2026-04-17,PF-SHAKER-28,2,25.98,0.00,-0.00,-3.90,-6.90,0.00,0.00,15.18
2026-STL-0417,Order,114-1001385-4594921,2026-04-17,PF-ELECTRO-CIT,1,21.99,0.00,-0.00,-3.30,-3.95,0.00,0.00,14.74
2026-STL-0417,Order,114-1001386-6272748,2026-04-17,PF-ELECTRO-CIT,1,21.99,0.00,-0.00,-3.30,-3.95,0.00,0.00,14.74
2026-STL-0417,Order,114-1001529-3557220,2026-04-17,GT-SERUM-VITC,1,28.99,0.00,-0.00,-4.35,-3.55,0.00,0.00,21.09
2026-STL-0417,Order,114-1001530-1329299,2026-04-17,GT-SERUM-VITC,1,28.99,0.00,-0.00,-4.35,-3.55,0.00,0.00,21.09
2026-STL-0417,Order,114-1001531-7572195,2026-04-17,GT-SERUM-VITC,1,28.99,0.00,-0.00,-4.35,-3.55,0.00,0.00,21.09
2026-STL-0417,Order,114-1001532-8244199,2026-04-17,GT-SERUM-VITC,1,28.99,0.00,-0.00,-4.35,-3.55,0.00,0.00,21.09
2026-STL-0417,Refund,114-1001890-3064357,2026-04-17,GT-SERUM-HA,-1,-24.99,0.00,2.50,2.70,0.00,0.00,0.00,-19.79
2026-STL-0417,Order,114-1001935-9649141,2026-04-17,GT-SERUM-HA,1,24.99,0.00,-2.50,-3.37,-3.55,0.00,0.00,15.57
2026-STL-0417,Order,114-1001936-9191751,2026-04-17,GT-SERUM-HA,1,24.99,0.00,-0.00,-3.75,-3.55,0.00,0.00,17.69
2026-STL-0417,Order,114-1001937-6005493,2026-04-17,GT-SERUM-HA,1,24.99,0.00,-0.00,-3.75,-3.55,0.00,0.00,17.69
2026-STL-0417,Order,114-1001938-4123208,2026-04-17,GT-SERUM-HA,1,24.99,0.00,-2.50,-3.37,-3.55,0.00,0.00,15.57
2026-STL-0417,Order,114-1002244-5875071,2026-04-17,GT-MOIST-50ML,1,22.99,0.00,-0.00,-3.45,-3.60,0.00,0.00,15.94
2026-STL-0417,Order,114-1002245-3037470,2026-04-17,GT-MOIST-50ML,1,22.99,0.00,-2.30,-3.10,-3.60,0.00,0.00,13.99
2026-STL-0417,Refund,114-1002419-6057767,2026-04-17,GT-CLEANSE-150,-1,-16.99,0.00,0.00,2.04,0.00,0.00,0.00,-14.95
2026-STL-0417,Order,114-1002439-3135445,2026-04-17,GT-CLEANSE-150,1,16.99,0.00,-0.00,-2.55,-3.70,0.00,0.00,10.74
2026-STL-0417,Order,114-1002591-6112711,2026-04-17,GT-MASK-CLAY,1,14.99,0.00,-0.00,-2.25,-3.85,0.00,0.00,8.89
2026-STL-0417,Order,114-1002723-9175606,2026-04-17,GT-EYE-CREAM,2,53.98,0.00,-0.00,-8.10,-7.00,0.00,0.00,38.88
2026-STL-0417,Order,114-1002724-7082569,2026-04-17,GT-EYE-CREAM,1,26.99,0.00,-0.00,-4.05,-3.50,0.00,0.00,19.44
2026-STL-0417,Order,114-1002847-4463711,2026-04-17,GT-SPF30-TINT,2,47.98,0.00,-0.00,-7.20,-7.20,0.00,0.00,33.58
2026-STL-0417,Order,114-1002848-3614824,2026-04-17,GT-SPF30-TINT,1,23.99,0.00,-0.00,-3.60,-3.60,0.00,0.00,16.79
2026-STL-0417,Order,114-1002849-3528045,2026-04-17,GT-SPF30-TINT,1,23.99,0.00,-2.40,-3.24,-3.60,0.00,0.00,14.75
2026-STL-0417,Order,114-1003011-2577152,2026-04-17,GT-ROLLER-JADE,1,13.99,0.00,-0.00,-2.10,-3.40,0.00,0.00,8.49
2026-STL-0417,Order,114-1003118-8355095,2026-04-17,PH-CHEW-BULLY-6,1,29.99,0.00,-0.00,-4.50,-4.60,0.00,0.00,20.89
2026-STL-0417,Order,114-1003119-9488394,2026-04-17,PH-CHEW-BULLY-6,1,29.99,0.00,-0.00,-4.50,-4.60,0.00,0.00,20.89
2026-STL-0417,Order,114-1003120-7340529,2026-04-17,PH-CHEW-BULLY-6,3,89.97,0.00,-9.00,-12.15,-13.80,0.00,0.00,55.02
2026-STL-0417,Order,114-1003384-5872117,2026-04-17,PH-TREAT-SALMON,3,56.97,0.00,-5.70,-7.69,-11.70,0.00,0.00,31.88
2026-STL-0417,Order,114-1003385-1083198,2026-04-17,PH-TREAT-SALMON,1,18.99,0.00,-0.00,-2.85,-3.90,0.00,0.00,12.24
2026-STL-0417,Order,114-1003386-6748029,2026-04-17,PH-TREAT-SALMON,3,56.97,0.00,-0.00,-8.55,-11.70,0.00,0.00,36.72
2026-STL-0417,Order,114-1003387-9868569,2026-04-17,PH-TREAT-SALMON,1,18.99,0.00,-0.00,-2.85,-3.90,0.00,0.00,12.24
2026-STL-0417,Order,114-1003682-4724585,2026-04-17,PH-SHAMPOO-OAT,1,15.99,0.00,-0.00,-2.40,-3.95,0.00,0.00,9.64
2026-STL-0417,Order,114-1003683-4824400,2026-04-17,PH-SHAMPOO-OAT,1,15.99,0.00,-0.00,-2.40,-3.95,0.00,0.00,9.64
2026-STL-0417,Order,114-1003684-5337440,2026-04-17,PH-SHAMPOO-OAT,2,31.98,0.00,-0.00,-4.80,-7.90,0.00,0.00,19.28
2026-STL-0417,Order,114-1003837-5978973,2026-04-17,PH-TOY-ROPE-L,1,13.99,0.00,-0.00,-2.10,-3.75,0.00,0.00,8.14
2026-STL-0417,Order,114-1003838-7038842,2026-04-17,PH-TOY-ROPE-L,2,27.98,0.00,-0.00,-4.20,-7.50,0.00,0.00,16.28
2026-STL-0417,Order,114-1004006-3707604,2026-04-17,PH-BED-MED-GRY,3,128.97,0.00,-0.00,-19.35,-37.20,0.00,0.00,72.42
2026-STL-0417,Order,114-1004007-5899566,2026-04-17,PH-BED-MED-GRY,1,42.99,0.00,-0.00,-6.45,-12.40,0.00,0.00,24.14
2026-STL-0417,Order,114-1004008-3588439,2026-04-17,PH-BED-MED-GRY,1,42.99,0.00,-0.00,-6.45,-12.40,0.00,0.00,24.14
2026-STL-0417,Order,114-1004009-4089229,2026-04-17,PH-BED-MED-GRY,1,42.99,0.00,-0.00,-6.45,-12.40,0.00,0.00,24.14
2026-STL-0417,Order,114-1004110-2240405,2026-04-17,PH-BRUSH-DBL,1,12.99,0.00,-0.00,-1.95,-3.45,0.00,0.00,7.59
2026-STL-0417,Order,114-1004111-5888009,2026-04-17,PH-BRUSH-DBL,1,12.99,0.00,-1.30,-1.75,-3.45,0.00,0.00,6.49
2026-STL-0417,Order,114-1004252-1809068,2026-04-17,PH-DENTAL-30CT,1,21.99,0.00,-0.00,-3.30,-4.10,0.00,0.00,14.59
2026-STL-0417,Order,114-1004253-1284573,2026-04-17,PH-DENTAL-30CT,1,21.99,0.00,-0.00,-3.30,-4.10,0.00,0.00,14.59
2026-STL-0418,Order,114-1000048-2564689,2026-04-18,PF-WHEY-CHOC,1,44.99,0.00,-0.00,-6.75,-6.10,0.00,0.00,32.14
2026-STL-0418,Order,114-1000049-9147706,2026-04-18,PF-WHEY-CHOC,2,89.98,0.00,-0.00,-13.50,-12.20,0.00,0.00,64.28
2026-STL-0418,Order,114-1000050-3762152,2026-04-18,PF-WHEY-CHOC,2,89.98,0.00,-9.00,-12.15,-12.20,0.00,0.00,56.63
2026-STL-0418,Order,114-1000051-8633773,2026-04-18,PF-WHEY-CHOC,3,134.97,0.00,-0.00,-20.25,-18.30,0.00,0.00,96.42
2026-STL-0418,Order,114-1000366-3642499,2026-04-18,PF-WHEY-VAN,1,44.99,0.00,-0.00,-6.75,-6.10,0.00,0.00,32.14
2026-STL-0418,Order,114-1000367-7064832,2026-04-18,PF-WHEY-VAN,2,89.98,0.00,-0.00,-13.50,-12.20,0.00,0.00,64.28
2026-STL-0418,Order,114-1000564-6277776,2026-04-18,PF-PREWKT-BERRY,1,32.99,0.00,-0.00,-4.95,-4.35,0.00,0.00,23.69
2026-STL-0418,Order,114-1000565-1160783,2026-04-18,PF-PREWKT-BERRY,1,32.99,0.00,-3.30,-4.45,-4.35,0.00,0.00,20.89
2026-STL-0418,Order,114-1000768-2477088,2026-04-18,PF-CREATINE-300,1,24.99,0.00,-0.00,-3.75,-4.05,0.00,0.00,17.19
2026-STL-0418,Order,114-1000769-8197852,2026-04-18,PF-CREATINE-300,1,24.99,0.00,-0.00,-3.75,-4.05,0.00,0.00,17.19
2026-STL-0418,Order,114-1000770-4345615,2026-04-18,PF-CREATINE-300,1,24.99,0.00,-0.00,-3.75,-4.05,0.00,0.00,17.19
2026-STL-0418,Order,114-1000771-9909268,2026-04-18,PF-CREATINE-300,2,49.98,0.00,-5.00,-6.75,-8.10,0.00,0.00,30.13
2026-STL-0418,Order,114-1000772-5174559,2026-04-18,PF-CREATINE-300,1,24.99,0.00,-0.00,-3.75,-4.05,0.00,0.00,17.19
2026-STL-0418,Order,114-1001189-8808058,2026-04-18,PF-SHAKER-28,1,12.99,0.00,-0.00,-1.95,-3.45,0.00,0.00,7.59
2026-STL-0418,Order,114-1001190-5329406,2026-04-18,PF-SHAKER-28,2,25.98,0.00,-0.00,-3.90,-6.90,0.00,0.00,15.18
2026-STL-0418,Order,114-1001306-1085187,2026-04-18,PF-VEGAN-CHOC,2,79.98,0.00,-8.00,-10.80,-12.20,0.00,0.00,48.98
2026-STL-0418,Order,114-1001387-1681298,2026-04-18,PF-ELECTRO-CIT,1,21.99,0.00,-0.00,-3.30,-3.95,0.00,0.00,14.74
2026-STL-0418,Order,114-1001388-8666277,2026-04-18,PF-ELECTRO-CIT,1,21.99,0.00,-0.00,-3.30,-3.95,0.00,0.00,14.74
2026-STL-0418,Order,114-1001533-5878387,2026-04-18,GT-SERUM-VITC,2,57.98,0.00,-0.00,-8.70,-7.10,0.00,0.00,42.18
2026-STL-0418,Order,114-1001534-9185628,2026-04-18,GT-SERUM-VITC,1,28.99,0.00,-0.00,-4.35,-3.55,0.00,0.00,21.09
2026-STL-0418,Order,114-1001535-6299086,2026-04-18,GT-SERUM-VITC,1,28.99,0.00,-0.00,-4.35,-3.55,0.00,0.00,21.09
2026-STL-0418,Order,114-1001536-8941293,2026-04-18,GT-SERUM-VITC,1,28.99,0.00,-0.00,-4.35,-3.55,0.00,0.00,21.09
2026-STL-0418,Order,114-1001537-8521651,2026-04-18,GT-SERUM-VITC,1,28.99,0.00,-0.00,-4.35,-3.55,0.00,0.00,21.09
2026-STL-0418,Order,114-1001939-3578837,2026-04-18,GT-SERUM-HA,1,24.99,0.00,-0.00,-3.75,-3.55,0.00,0.00,17.69
2026-STL-0418,Order,114-1001940-5196564,2026-04-18,GT-SERUM-HA,2,49.98,0.00,-0.00,-7.50,-7.10,0.00,0.00,35.38
2026-STL-0418,Order,114-1001941-8186377,2026-04-18,GT-SERUM-HA,1,24.99,0.00,-0.00,-3.75,-3.55,0.00,0.00,17.69
2026-STL-0418,Order,114-1001942-8358018,2026-04-18,GT-SERUM-HA,1,24.99,0.00,-0.00,-3.75,-3.55,0.00,0.00,17.69
2026-STL-0418,Order,114-1001943-8280643,2026-04-18,GT-SERUM-HA,1,24.99,0.00,-0.00,-3.75,-3.55,0.00,0.00,17.69
2026-STL-0418,Order,114-1002246-1889532,2026-04-18,GT-MOIST-50ML,1,22.99,0.00,-0.00,-3.45,-3.60,0.00,0.00,15.94
2026-STL-0418,Order,114-1002247-9309833,2026-04-18,GT-MOIST-50ML,1,22.99,0.00,-0.00,-3.45,-3.60,0.00,0.00,15.94
2026-STL-0418,Order,114-1002248-3596701,2026-04-18,GT-MOIST-50ML,2,45.98,0.00,-0.00,-6.90,-7.20,0.00,0.00,31.88
2026-STL-0418,Order,114-1002249-1108226,2026-04-18,GT-MOIST-50ML,1,22.99,0.00,-4.60,-2.76,-3.60,0.00,0.00,12.03
2026-STL-0418,Order,114-1002250-2126456,2026-04-18,GT-MOIST-50ML,1,22.99,0.00,-0.00,-3.45,-3.60,0.00,0.00,15.94
2026-STL-0418,Order,114-1002440-2906975,2026-04-18,GT-CLEANSE-150,1,16.99,0.00,-0.00,-2.55,-3.70,0.00,0.00,10.74
2026-STL-0418,Order,114-1002441-9801144,2026-04-18,GT-CLEANSE-150,1,16.99,0.00,-0.00,-2.55,-3.70,0.00,0.00,10.74
2026-STL-0418,Order,114-1002442-7700915,2026-04-18,GT-CLEANSE-150,1,16.99,0.00,-0.00,-2.55,-3.70,0.00,0.00,10.74
2026-STL-0418,Order,114-1002592-3156762,2026-04-18,GT-MASK-CLAY,1,14.99,0.00,-0.00,-2.25,-3.85,0.00,0.00,8.89
2026-STL-0418,Order,114-1002725-1950471,2026-04-18,GT-EYE-CREAM,1,26.99,0.00,-0.00,-4.05,-3.50,0.00,0.00,19.44
2026-STL-0418,Order,114-1002726-5628257,2026-04-18,GT-EYE-CREAM,2,53.98,0.00,-0.00,-8.10,-7.00,0.00,0.00,38.88
2026-STL-0418,Order,114-1002850-3190350,2026-04-18,GT-SPF30-TINT,1,23.99,0.00,-2.40,-3.24,-3.60,0.00,0.00,14.75
2026-STL-0418,Order,114-1002851-9901791,2026-04-18,GT-SPF30-TINT,1,23.99,0.00,-0.00,-3.60,-3.60,0.00,0.00,16.79
2026-STL-0418,Order,114-1003012-6197809,2026-04-18,GT-ROLLER-JADE,3,41.97,0.00,-0.00,-6.30,-10.20,0.00,0.00,25.47
2026-STL-0418,Order,114-1003121-5481292,2026-04-18,PH-CHEW-BULLY-6,1,29.99,0.00,-0.00,-4.50,-4.60,0.00,0.00,20.89
2026-STL-0418,Order,114-1003122-7440597,2026-04-18,PH-CHEW-BULLY-6,1,29.99,0.00,-0.00,-4.50,-4.60,0.00,0.00,20.89
2026-STL-0418,Order,114-1003123-1203251,2026-04-18,PH-CHEW-BULLY-6,1,29.99,0.00,-0.00,-4.50,-4.60,0.00,0.00,20.89
2026-STL-0418,Order,114-1003124-8005981,2026-04-18,PH-CHEW-BULLY-6,1,29.99,0.00,-0.00,-4.50,-4.60,0.00,0.00,20.89
2026-STL-0418,Order,114-1003388-1895909,2026-04-18,PH-TREAT-SALMON,1,18.99,0.00,-0.00,-2.85,-3.90,0.00,0.00,12.24
2026-STL-0418,Order,114-1003389-1302898,2026-04-18,PH-TREAT-SALMON,1,18.99,0.00,-0.00,-2.85,-3.90,0.00,0.00,12.24
2026-STL-0418,Order,114-1003390-2087833,2026-04-18,PH-TREAT-SALMON,1,18.99,0.00,-0.00,-2.85,-3.90,0.00,0.00,12.24
2026-STL-0418,Order,114-1003391-1264631,2026-04-18,PH-TREAT-SALMON,1,18.99,0.00,-0.00,-2.85,-3.90,0.00,0.00,12.24
2026-STL-0418,Order,114-1003685-9845104,2026-04-18,PH-SHAMPOO-OAT,1,15.99,0.00,-3.20,-1.92,-3.95,0.00,0.00,6.92
2026-STL-0418,Order,114-1003686-2063842,2026-04-18,PH-SHAMPOO-OAT,1,15.99,0.00,-0.00,-2.40,-3.95,0.00,0.00,9.64
2026-STL-0418,Order,114-1003687-2894922,2026-04-18,PH-SHAMPOO-OAT,1,15.99,0.00,-3.20,-1.92,-3.95,0.00,0.00,6.92
2026-STL-0418,Order,114-1004112-5224824,2026-04-18,PH-BRUSH-DBL,1,12.99,0.00,-0.00,-1.95,-3.45,0.00,0.00,7.59
2026-STL-0418,Order,114-1004113-2835292,2026-04-18,PH-BRUSH-DBL,1,12.99,0.00,-0.00,-1.95,-3.45,0.00,0.00,7.59
2026-STL-0418,Order,114-1004254-6710639,2026-04-18,PH-DENTAL-30CT,1,21.99,0.00,-2.20,-2.97,-4.10,0.00,0.00,12.72
2026-STL-0418,Order,114-1004255-7871926,2026-04-18,PH-DENTAL-30CT,1,21.99,0.00,-0.00,-3.30,-4.10,0.00,0.00,14.59
2026-STL-0419,Order,114-1000052-9164991,2026-04-19,PF-WHEY-CHOC,1,44.99,0.00,-0.00,-6.75,-6.10,0.00,0.00,32.14
2026-STL-0419,Order,114-1000053-2022698,2026-04-19,PF-WHEY-CHOC,1,44.99,0.00,-9.00,-5.40,-6.10,0.00,0.00,24.49
2026-STL-0419,Order,114-1000054-9436429,2026-04-19,PF-WHEY-CHOC,1,44.99,0.00,-0.00,-6.75,-6.10,0.00,0.00,32.14
2026-STL-0419,Order,114-1000368-3329967,2026-04-19,PF-WHEY-VAN,1,44.99,0.00,-0.00,-6.75,-6.10,0.00,0.00,32.14
2026-STL-0419,Refund,114-1000549-2930810,2026-04-19,PF-PREWKT-BERRY,-1,-32.99,0.00,3.30,3.56,0.00,0.00,0.00,-26.13
2026-STL-0419,Order,114-1000566-7864135,2026-04-19,PF-PREWKT-BERRY,1,32.99,0.00,-0.00,-4.95,-4.35,0.00,0.00,23.69
2026-STL-0419,Order,114-1000567-9199017,2026-04-19,PF-PREWKT-BERRY,1,32.99,0.00,-3.30,-4.45,-4.35,0.00,0.00,20.89
2026-STL-0419,Order,114-1000773-2723158,2026-04-19,PF-CREATINE-300,2,49.98,0.00,-0.00,-7.50,-8.10,0.00,0.00,34.38
2026-STL-0419,Order,114-1000774-1767026,2026-04-19,PF-CREATINE-300,1,24.99,0.00,-0.00,-3.75,-4.05,0.00,0.00,17.19
2026-STL-0419,Order,114-1000775-9793234,2026-04-19,PF-CREATINE-300,1,24.99,0.00,-0.00,-3.75,-4.05,0.00,0.00,17.19
2026-STL-0419,Order,114-1000776-6750102,2026-04-19,PF-CREATINE-300,2,49.98,0.00,-10.00,-6.00,-8.10,0.00,0.00,25.88
2026-STL-0419,Order,114-1000777-3766286,2026-04-19,PF-CREATINE-300,1,24.99,0.00,-0.00,-3.75,-4.05,0.00,0.00,17.19
2026-STL-0419,Order,114-1000778-4832222,2026-04-19,PF-CREATINE-300,2,49.98,0.00,-0.00,-7.50,-8.10,0.00,0.00,34.38
2026-STL-0419,Order,114-1001084-8246678,2026-04-19,PF-BCAA-LEMON,1,27.99,0.00,-0.00,-4.20,-4.20,0.00,0.00,19.59
2026-STL-0419,Order,114-1001085-2384877,2026-04-19,PF-BCAA-LEMON,1,27.99,0.00,-0.00,-4.20,-4.20,0.00,0.00,19.59
2026-STL-0419,Order,114-1001086-5404991,2026-04-19,PF-BCAA-LEMON,1,27.99,0.00,-0.00,-4.20,-4.20,0.00,0.00,19.59
2026-STL-0419,Order,114-1001307-8142021,2026-04-19,PF-VEGAN-CHOC,1,39.99,0.00,-0.00,-6.00,-6.10,0.00,0.00,27.89
2026-STL-0419,Order,114-1001308-2644153,2026-04-19,PF-VEGAN-CHOC,1,39.99,0.00,-0.00,-6.00,-6.10,0.00,0.00,27.89
2026-STL-0419,Order,114-1001309-1208423,2026-04-19,PF-VEGAN-CHOC,1,39.99,0.00,-0.00,-6.00,-6.10,0.00,0.00,27.89
2026-STL-0419,Order,114-1001389-8448343,2026-04-19,PF-ELECTRO-CIT,1,21.99,0.00,-4.40,-2.64,-3.95,0.00,0.00,11.00
2026-STL-0419,Order,114-1001390-8180005,2026-04-19,PF-ELECTRO-CIT,1,21.99,0.00,-4.40,-2.64,-3.95,0.00,0.00,11.00
2026-STL-0419,Order,114-1001538-4894044,2026-04-19,GT-SERUM-VITC,1,28.99,0.00,-0.00,-4.35,-3.55,0.00,0.00,21.09
2026-STL-0419,Order,114-1001539-8859576,2026-04-19,GT-SERUM-VITC,1,28.99,0.00,-0.00,-4.35,-3.55,0.00,0.00,21.09
2026-STL-0419,Order,114-1001540-7993768,2026-04-19,GT-SERUM-VITC,1,28.99,0.00,-0.00,-4.35,-3.55,0.00,0.00,21.09
2026-STL-0419,Order,114-1001541-8924295,2026-04-19,GT-SERUM-VITC,1,28.99,0.00,-0.00,-4.35,-3.55,0.00,0.00,21.09
2026-STL-0419,Order,114-1001542-5738845,2026-04-19,GT-SERUM-VITC,2,57.98,0.00,-0.00,-8.70,-7.10,0.00,0.00,42.18
2026-STL-0419,Order,114-1001543-3907342,2026-04-19,GT-SERUM-VITC,1,28.99,0.00,-0.00,-4.35,-3.55,0.00,0.00,21.09
2026-STL-0419,Order,114-1001944-4180407,2026-04-19,GT-SERUM-HA,2,49.98,0.00,-0.00,-7.50,-7.10,0.00,0.00,35.38
2026-STL-0419,Order,114-1001945-6556840,2026-04-19,GT-SERUM-HA,1,24.99,0.00,-0.00,-3.75,-3.55,0.00,0.00,17.69
2026-STL-0419,Order,114-1001946-9041235,2026-04-19,GT-SERUM-HA,1,24.99,0.00,-0.00,-3.75,-3.55,0.00,0.00,17.69
2026-STL-0419,Order,114-1001947-9205196,2026-04-19,GT-SERUM-HA,3,74.97,0.00,-0.00,-11.25,-10.65,0.00,0.00,53.07
2026-STL-0419,Order,114-1002251-1413665,2026-04-19,GT-MOIST-50ML,1,22.99,0.00,-0.00,-3.45,-3.60,0.00,0.00,15.94
2026-STL-0419,Order,114-1002252-3043656,2026-04-19,GT-MOIST-50ML,1,22.99,0.00,-0.00,-3.45,-3.60,0.00,0.00,15.94
2026-STL-0419,Order,114-1002253-4941435,2026-04-19,GT-MOIST-50ML,1,22.99,0.00,-0.00,-3.45,-3.60,0.00,0.00,15.94
2026-STL-0419,Order,114-1002443-5548431,2026-04-19,GT-CLEANSE-150,1,16.99,0.00,-0.00,-2.55,-3.70,0.00,0.00,10.74
2026-STL-0419,Order,114-1002444-3784106,2026-04-19,GT-CLEANSE-150,1,16.99,0.00,-0.00,-2.55,-3.70,0.00,0.00,10.74
2026-STL-0419,Order,114-1002445-7228596,2026-04-19,GT-CLEANSE-150,1,16.99,0.00,-0.00,-2.55,-3.70,0.00,0.00,10.74
2026-STL-0419,Refund,114-1002579-7464522,2026-04-19,GT-MASK-CLAY,-1,-14.99,0.00,0.00,1.80,0.00,0.00,0.00,-13.19
2026-STL-0419,Order,114-1002593-4551099,2026-04-19,GT-MASK-CLAY,1,14.99,0.00,-0.00,-2.25,-3.85,0.00,0.00,8.89
2026-STL-0419,Order,114-1002852-1145436,2026-04-19,GT-SPF30-TINT,1,23.99,0.00,-0.00,-3.60,-3.60,0.00,0.00,16.79
2026-STL-0419,Order,114-1002853-2509059,2026-04-19,GT-SPF30-TINT,2,47.98,0.00,-0.00,-7.20,-7.20,0.00,0.00,33.58
2026-STL-0419,Order,114-1002854-3526697,2026-04-19,GT-SPF30-TINT,2,47.98,0.00,-0.00,-7.20,-7.20,0.00,0.00,33.58
2026-STL-0419,Refund,114-1003003-2196822,2026-04-19,GT-ROLLER-JADE,-1,-13.99,0.00,0.00,1.68,0.00,0.00,0.00,-12.31
2026-STL-0419,Order,114-1003125-4533549,2026-04-19,PH-CHEW-BULLY-6,1,29.99,0.00,-6.00,-3.60,-4.60,0.00,0.00,15.79
2026-STL-0419,Order,114-1003126-9097767,2026-04-19,PH-CHEW-BULLY-6,1,29.99,0.00,-0.00,-4.50,-4.60,0.00,0.00,20.89
2026-STL-0419,Order,114-1003127-3778372,2026-04-19,PH-CHEW-BULLY-6,1,29.99,0.00,-3.00,-4.05,-4.60,0.00,0.00,18.34
2026-STL-0419,Order,114-1003128-8710913,2026-04-19,PH-CHEW-BULLY-6,1,29.99,0.00,-0.00,-4.50,-4.60,0.00,0.00,20.89
2026-STL-0419,Order,114-1003392-3778324,2026-04-19,PH-TREAT-SALMON,1,18.99,0.00,-0.00,-2.85,-3.90,0.00,0.00,12.24
2026-STL-0419,Order,114-1003393-8058810,2026-04-19,PH-TREAT-SALMON,1,18.99,0.00,-0.00,-2.85,-3.90,0.00,0.00,12.24
2026-STL-0419,Order,114-1003394-5972962,2026-04-19,PH-TREAT-SALMON,1,18.99,0.00,-0.00,-2.85,-3.90,0.00,0.00,12.24
2026-STL-0419,Order,114-1003395-8653803,2026-04-19,PH-TREAT-SALMON,1,18.99,0.00,-0.00,-2.85,-3.90,0.00,0.00,12.24
2026-STL-0419,Order,114-1003688-3738798,2026-04-19,PH-SHAMPOO-OAT,1,15.99,0.00,-0.00,-2.40,-3.95,0.00,0.00,9.64
2026-STL-0419,Order,114-1003689-2811276,2026-04-19,PH-SHAMPOO-OAT,2,31.98,0.00,-0.00,-4.80,-7.90,0.00,0.00,19.28
2026-STL-0419,Order,114-1003839-3539800,2026-04-19,PH-TOY-ROPE-L,1,13.99,0.00,-1.40,-1.89,-3.75,0.00,0.00,6.95
2026-STL-0419,Order,114-1003840-8305164,2026-04-19,PH-TOY-ROPE-L,1,13.99,0.00,-1.40,-1.89,-3.75,0.00,0.00,6.95
2026-STL-0419,Order,114-1004010-6662878,2026-04-19,PH-BED-MED-GRY,1,42.99,0.00,-4.30,-5.80,-12.40,0.00,0.00,20.49
2026-STL-0419,Order,114-1004011-5064165,2026-04-19,PH-BED-MED-GRY,1,42.99,0.00,-4.30,-5.80,-12.40,0.00,0.00,20.49
2026-STL-0419,Order,114-1004256-9633551,2026-04-19,PH-DENTAL-30CT,1,21.99,0.00,-0.00,-3.30,-4.10,0.00,0.00,14.59
2026-STL-0419,Order,114-1004257-8680964,2026-04-19,PH-DENTAL-30CT,1,21.99,0.00,-0.00,-3.30,-4.10,0.00,0.00,14.59
2026-STL-0419,Order,114-1004258-7223260,2026-04-19,PH-DENTAL-30CT,1,21.99,0.00,-0.00,-3.30,-4.10,0.00,0.00,14.59
2026-STL-0420,Order,114-1000055-9519948,2026-04-20,PF-WHEY-CHOC,1,44.99,0.00,-0.00,-6.75,-6.10,0.00,0.00,32.14
2026-STL-0420,Order,114-1000056-4946066,2026-04-20,PF-WHEY-CHOC,1,44.99,0.00,-0.00,-6.75,-6.10,0.00,0.00,32.14
2026-STL-0420,Order,114-1000369-3177199,2026-04-20,PF-WHEY-VAN,1,44.99,0.00,-0.00,-6.75,-6.10,0.00,0.00,32.14
2026-STL-0420,Order,114-1000370-9030667,2026-04-20,PF-WHEY-VAN,1,44.99,0.00,-0.00,-6.75,-6.10,0.00,0.00,32.14
2026-STL-0420,Order,114-1000568-4699871,2026-04-20,PF-PREWKT-BERRY,1,32.99,0.00,-0.00,-4.95,-4.35,0.00,0.00,23.69
2026-STL-0420,Order,114-1000569-3822078,2026-04-20,PF-PREWKT-BERRY,1,32.99,0.00,-0.00,-4.95,-4.35,0.00,0.00,23.69
2026-STL-0420,Order,114-1000570-9309978,2026-04-20,PF-PREWKT-BERRY,1,32.99,0.00,-0.00,-4.95,-4.35,0.00,0.00,23.69
2026-STL-0420,Order,114-1000779-3066315,2026-04-20,PF-CREATINE-300,1,24.99,0.00,-0.00,-3.75,-4.05,0.00,0.00,17.19
2026-STL-0420,Order,114-1000780-5291430,2026-04-20,PF-CREATINE-300,1,24.99,0.00,-0.00,-3.75,-4.05,0.00,0.00,17.19
2026-STL-0420,Order,114-1000781-1804641,2026-04-20,PF-CREATINE-300,1,24.99,0.00,-0.00,-3.75,-4.05,0.00,0.00,17.19
2026-STL-0420,Order,114-1000782-2942630,2026-04-20,PF-CREATINE-300,1,24.99,0.00,-0.00,-3.75,-4.05,0.00,0.00,17.19
2026-STL-0420,Order,114-1001087-3187332,2026-04-20,PF-BCAA-LEMON,1,27.99,0.00,-0.00,-4.20,-4.20,0.00,0.00,19.59
2026-STL-0420,Order,114-1001310-7013049,2026-04-20,PF-VEGAN-CHOC,1,39.99,0.00,-0.00,-6.00,-6.10,0.00,0.00,27.89
2026-STL-0420,Order,114-1001391-4008109,2026-04-20,PF-ELECTRO-CIT,1,21.99,0.00,-0.00,-3.30,-3.95,0.00,0.00,14.74
2026-STL-0420,Order,114-1001392-8349399,2026-04-20,PF-ELECTRO-CIT,1,21.99,0.00,-0.00,-3.30,-3.95,0.00,0.00,14.74
2026-STL-0420,Order,114-1001393-7623837,2026-04-20,PF-ELECTRO-CIT,1,21.99,0.00,-0.00,-3.30,-3.95,0.00,0.00,14.74
2026-STL-0420,Order,114-1001544-7979059,2026-04-20,GT-SERUM-VITC,1,28.99,0.00,-0.00,-4.35,-3.55,0.00,0.00,21.09
2026-STL-0420,Order,114-1001545-1789356,2026-04-20,GT-SERUM-VITC,1,28.99,0.00,-0.00,-4.35,-3.55,0.00,0.00,21.09
2026-STL-0420,Order,114-1001546-3660958,2026-04-20,GT-SERUM-VITC,1,28.99,0.00,-0.00,-4.35,-3.55,0.00,0.00,21.09
2026-STL-0420,Order,114-1001547-2068131,2026-04-20,GT-SERUM-VITC,2,57.98,0.00,-0.00,-8.70,-7.10,0.00,0.00,42.18
2026-STL-0420,Order,114-1001548-4759700,2026-04-20,GT-SERUM-VITC,1,28.99,0.00,-0.00,-4.35,-3.55,0.00,0.00,21.09
2026-STL-0420,Refund,114-1001908-5591031,2026-04-20,GT-SERUM-HA,-1,-24.99,0.00,0.00,3.00,0.00,0.00,0.00,-21.99
2026-STL-0420,Order,114-1001948-7708806,2026-04-20,GT-SERUM-HA,1,24.99,0.00,-0.00,-3.75,-3.55,0.00,0.00,17.69
2026-STL-0420,Order,114-1001949-7523795,2026-04-20,GT-SERUM-HA,2,49.98,0.00,-5.00,-6.75,-7.10,0.00,0.00,31.13
2026-STL-0420,Order,114-1001950-3116002,2026-04-20,GT-SERUM-HA,2,49.98,0.00,-0.00,-7.50,-7.10,0.00,0.00,35.38
2026-STL-0420,Order,114-1001951-4967894,2026-04-20,GT-SERUM-HA,1,24.99,0.00,-0.00,-3.75,-3.55,0.00,0.00,17.69
2026-STL-0420,Order,114-1002254-8367376,2026-04-20,GT-MOIST-50ML,1,22.99,0.00,-2.30,-3.10,-3.60,0.00,0.00,13.99
2026-STL-0420,Order,114-1002255-1363358,2026-04-20,GT-MOIST-50ML,1,22.99,0.00,-0.00,-3.45,-3.60,0.00,0.00,15.94
2026-STL-0420,Order,114-1002446-3270615,2026-04-20,GT-CLEANSE-150,2,33.98,0.00,-3.40,-4.59,-7.40,0.00,0.00,18.59
2026-STL-0420,Order,114-1002447-6329920,2026-04-20,GT-CLEANSE-150,1,16.99,0.00,-0.00,-2.55,-3.70,0.00,0.00,10.74
2026-STL-0420,Order,114-1002594-7109621,2026-04-20,GT-MASK-CLAY,1,14.99,0.00,-0.00,-2.25,-3.85,0.00,0.00,8.89
2026-STL-0420,Order,114-1002595-7808943,2026-04-20,GT-MASK-CLAY,1,14.99,0.00,-3.00,-1.80,-3.85,0.00,0.00,6.34
2026-STL-0420,Order,114-1002727-6983783,2026-04-20,GT-EYE-CREAM,1,26.99,0.00,-0.00,-4.05,-3.50,0.00,0.00,19.44
2026-STL-0420,Order,114-1002855-6293212,2026-04-20,GT-SPF30-TINT,1,23.99,0.00,-0.00,-3.60,-3.60,0.00,0.00,16.79
2026-STL-0420,Order,114-1003013-3153928,2026-04-20,GT-ROLLER-JADE,1,13.99,0.00,-0.00,-2.10,-3.40,0.00,0.00,8.49
2026-STL-0420,Order,114-1003129-7243076,2026-04-20,PH-CHEW-BULLY-6,1,29.99,0.00,-0.00,-4.50,-4.60,0.00,0.00,20.89
2026-STL-0420,Order,114-1003130-6546545,2026-04-20,PH-CHEW-BULLY-6,2,59.98,0.00,-0.00,-9.00,-9.20,0.00,0.00,41.78
2026-STL-0420,Order,114-1003396-5164118,2026-04-20,PH-TREAT-SALMON,1,18.99,0.00,-0.00,-2.85,-3.90,0.00,0.00,12.24
2026-STL-0420,Order,114-1003397-9395962,2026-04-20,PH-TREAT-SALMON,1,18.99,0.00,-0.00,-2.85,-3.90,0.00,0.00,12.24
2026-STL-0420,Order,114-1003398-4262346,2026-04-20,PH-TREAT-SALMON,1,18.99,0.00,-0.00,-2.85,-3.90,0.00,0.00,12.24
2026-STL-0420,Order,114-1003841-5217304,2026-04-20,PH-TOY-ROPE-L,1,13.99,0.00,-0.00,-2.10,-3.75,0.00,0.00,8.14
2026-STL-0420,Order,114-1004012-5104413,2026-04-20,PH-BED-MED-GRY,1,42.99,0.00,-0.00,-6.45,-12.40,0.00,0.00,24.14
2026-STL-0420,Order,114-1004114-5270257,2026-04-20,PH-BRUSH-DBL,1,12.99,0.00,-0.00,-1.95,-3.45,0.00,0.00,7.59
2026-STL-0420,Order,114-1004115-1360106,2026-04-20,PH-BRUSH-DBL,1,12.99,0.00,-0.00,-1.95,-3.45,0.00,0.00,7.59
2026-STL-0420,Order,114-1004259-6847354,2026-04-20,PH-DENTAL-30CT,2,43.98,0.00,-0.00,-6.60,-8.20,0.00,0.00,29.18
2026-STL-0420,Order,114-1004260-2864986,2026-04-20,PH-DENTAL-30CT,1,21.99,0.00,-0.00,-3.30,-4.10,0.00,0.00,14.59
2026-STL-0420,Order,114-1004261-8400553,2026-04-20,PH-DENTAL-30CT,1,21.99,0.00,-0.00,-3.30,-4.10,0.00,0.00,14.59
2026-STL-0421,Order,114-1000057-2375453,2026-04-21,PF-WHEY-CHOC,1,44.99,0.00,-0.00,-6.75,-6.10,0.00,0.00,32.14
2026-STL-0421,Order,114-1000058-5374922,2026-04-21,PF-WHEY-CHOC,1,44.99,0.00,-0.00,-6.75,-6.10,0.00,0.00,32.14
2026-STL-0421,Order,114-1000059-7640184,2026-04-21,PF-WHEY-CHOC,1,44.99,0.00,-0.00,-6.75,-6.10,0.00,0.00,32.14
2026-STL-0421,Order,114-1000060-2217071,2026-04-21,PF-WHEY-CHOC,1,44.99,0.00,-0.00,-6.75,-6.10,0.00,0.00,32.14
2026-STL-0421,Order,114-1000371-2237331,2026-04-21,PF-WHEY-VAN,1,44.99,0.00,-4.50,-6.07,-6.10,0.00,0.00,28.32
2026-STL-0421,Order,114-1000372-8815384,2026-04-21,PF-WHEY-VAN,1,44.99,0.00,-0.00,-6.75,-6.10,0.00,0.00,32.14
2026-STL-0421,Order,114-1000571-7154919,2026-04-21,PF-PREWKT-BERRY,1,32.99,0.00,-3.30,-4.45,-4.35,0.00,0.00,20.89
2026-STL-0421,Order,114-1000572-8404902,2026-04-21,PF-PREWKT-BERRY,1,32.99,0.00,-0.00,-4.95,-4.35,0.00,0.00,23.69
2026-STL-0421,Order,114-1000783-8959049,2026-04-21,PF-CREATINE-300,1,24.99,0.00,-0.00,-3.75,-4.05,0.00,0.00,17.19
2026-STL-0421,Order,114-1000784-1156104,2026-04-21,PF-CREATINE-300,1,24.99,0.00,-0.00,-3.75,-4.05,0.00,0.00,17.19
2026-STL-0421,Order,114-1000785-5529464,2026-04-21,PF-CREATINE-300,1,24.99,0.00,-0.00,-3.75,-4.05,0.00,0.00,17.19
2026-STL-0421,Order,114-1000786-2760168,2026-04-21,PF-CREATINE-300,1,24.99,0.00,-0.00,-3.75,-4.05,0.00,0.00,17.19
2026-STL-0421,Order,114-1001191-6448586,2026-04-21,PF-SHAKER-28,1,12.99,0.00,-0.00,-1.95,-3.45,0.00,0.00,7.59
2026-STL-0421,Order,114-1001192-6896198,2026-04-21,PF-SHAKER-28,1,12.99,0.00,-0.00,-1.95,-3.45,0.00,0.00,7.59
2026-STL-0421,Order,114-1001394-3830705,2026-04-21,PF-ELECTRO-CIT,1,21.99,0.00,-0.00,-3.30,-3.95,0.00,0.00,14.74
2026-STL-0421,Order,114-1001395-7782844,2026-04-21,PF-ELECTRO-CIT,3,65.97,0.00,-0.00,-9.90,-11.85,0.00,0.00,44.22
2026-STL-0421,Order,114-1001549-5487758,2026-04-21,GT-SERUM-VITC,1,28.99,0.00,-0.00,-4.35,-3.55,0.00,0.00,21.09
2026-STL-0421,Order,114-1001550-2747213,2026-04-21,GT-SERUM-VITC,2,57.98,0.00,-5.80,-7.83,-7.10,0.00,0.00,37.25
2026-STL-0421,Order,114-1001551-8669463,2026-04-21,GT-SERUM-VITC,2,57.98,0.00,-0.00,-8.70,-7.10,0.00,0.00,42.18
2026-STL-0421,Order,114-1001552-2709062,2026-04-21,GT-SERUM-VITC,1,28.99,0.00,-5.80,-3.48,-3.55,0.00,0.00,16.16
2026-STL-0421,Order,114-1001553-2980707,2026-04-21,GT-SERUM-VITC,1,28.99,0.00,-0.00,-4.35,-3.55,0.00,0.00,21.09
2026-STL-0421,Order,114-1001554-5901010,2026-04-21,GT-SERUM-VITC,2,57.98,0.00,-0.00,-8.70,-7.10,0.00,0.00,42.18
2026-STL-0421,Order,114-1001952-1134702,2026-04-21,GT-SERUM-HA,2,49.98,0.00,-0.00,-7.50,-7.10,0.00,0.00,35.38
2026-STL-0421,Order,114-1001953-8196619,2026-04-21,GT-SERUM-HA,1,24.99,0.00,-0.00,-3.75,-3.55,0.00,0.00,17.69
2026-STL-0421,Order,114-1002256-4361332,2026-04-21,GT-MOIST-50ML,1,22.99,0.00,-0.00,-3.45,-3.60,0.00,0.00,15.94
2026-STL-0421,Order,114-1002257-9270565,2026-04-21,GT-MOIST-50ML,1,22.99,0.00,-0.00,-3.45,-3.60,0.00,0.00,15.94
2026-STL-0421,Order,114-1002258-2800796,2026-04-21,GT-MOIST-50ML,1,22.99,0.00,-0.00,-3.45,-3.60,0.00,0.00,15.94
2026-STL-0421,Order,114-1002448-1093993,2026-04-21,GT-CLEANSE-150,1,16.99,0.00,-0.00,-2.55,-3.70,0.00,0.00,10.74
2026-STL-0421,Order,114-1002449-8693923,2026-04-21,GT-CLEANSE-150,1,16.99,0.00,-0.00,-2.55,-3.70,0.00,0.00,10.74
2026-STL-0421,Order,114-1002450-3624846,2026-04-21,GT-CLEANSE-150,1,16.99,0.00,-0.00,-2.55,-3.70,0.00,0.00,10.74
2026-STL-0421,Order,114-1002596-9406983,2026-04-21,GT-MASK-CLAY,1,14.99,0.00,-0.00,-2.25,-3.85,0.00,0.00,8.89
2026-STL-0421,Order,114-1002597-9141073,2026-04-21,GT-MASK-CLAY,1,14.99,0.00,-1.50,-2.02,-3.85,0.00,0.00,7.62
2026-STL-0421,Order,114-1002598-9120146,2026-04-21,GT-MASK-CLAY,2,29.98,0.00,-0.00,-4.50,-7.70,0.00,0.00,17.78
2026-STL-0421,Order,114-1002856-2702878,2026-04-21,GT-SPF30-TINT,1,23.99,0.00,-0.00,-3.60,-3.60,0.00,0.00,16.79
2026-STL-0421,Order,114-1002857-3738993,2026-04-21,GT-SPF30-TINT,1,23.99,0.00,-2.40,-3.24,-3.60,0.00,0.00,14.75
2026-STL-0421,Order,114-1003131-9724962,2026-04-21,PH-CHEW-BULLY-6,1,29.99,0.00,-0.00,-4.50,-4.60,0.00,0.00,20.89
2026-STL-0421,Order,114-1003132-5115393,2026-04-21,PH-CHEW-BULLY-6,1,29.99,0.00,-0.00,-4.50,-4.60,0.00,0.00,20.89
2026-STL-0421,Order,114-1003399-4741787,2026-04-21,PH-TREAT-SALMON,2,37.98,0.00,-0.00,-5.70,-7.80,0.00,0.00,24.48
2026-STL-0421,Order,114-1003400-7781554,2026-04-21,PH-TREAT-SALMON,1,18.99,0.00,-3.80,-2.28,-3.90,0.00,0.00,9.01
2026-STL-0421,Order,114-1003401-1385216,2026-04-21,PH-TREAT-SALMON,3,56.97,0.00,-0.00,-8.55,-11.70,0.00,0.00,36.72
2026-STL-0421,Order,114-1003690-5171241,2026-04-21,PH-SHAMPOO-OAT,1,15.99,0.00,-0.00,-2.40,-3.95,0.00,0.00,9.64
2026-STL-0421,Order,114-1003842-6094229,2026-04-21,PH-TOY-ROPE-L,2,27.98,0.00,-0.00,-4.20,-7.50,0.00,0.00,16.28
2026-STL-0421,Order,114-1003843-5998189,2026-04-21,PH-TOY-ROPE-L,1,13.99,0.00,-0.00,-2.10,-3.75,0.00,0.00,8.14
2026-STL-0421,Order,114-1004013-5626815,2026-04-21,PH-BED-MED-GRY,1,42.99,0.00,-0.00,-6.45,-12.40,0.00,0.00,24.14
2026-STL-0421,Order,114-1004116-7302872,2026-04-21,PH-BRUSH-DBL,1,12.99,0.00,-0.00,-1.95,-3.45,0.00,0.00,7.59
2026-STL-0421,Order,114-1004117-5373368,2026-04-21,PH-BRUSH-DBL,1,12.99,0.00,-0.00,-1.95,-3.45,0.00,0.00,7.59
2026-STL-0421,Order,114-1004262-2241156,2026-04-21,PH-DENTAL-30CT,1,21.99,0.00,-0.00,-3.30,-4.10,0.00,0.00,14.59
2026-STL-0422,Order,114-1000061-2229110,2026-04-22,PF-WHEY-CHOC,3,134.97,0.00,-26.99,-16.20,-18.30,0.00,0.00,73.48
2026-STL-0422,Order,114-1000062-6855396,2026-04-22,PF-WHEY-CHOC,1,44.99,0.00,-0.00,-6.75,-6.10,0.00,0.00,32.14
2026-STL-0422,Order,114-1000063-3646552,2026-04-22,PF-WHEY-CHOC,2,89.98,0.00,-0.00,-13.50,-12.20,0.00,0.00,64.28
2026-STL-0422,Order,114-1000373-4052834,2026-04-22,PF-WHEY-VAN,1,44.99,0.00,-0.00,-6.75,-6.10,0.00,0.00,32.14
2026-STL-0422,Order,114-1000573-5152891,2026-04-22,PF-PREWKT-BERRY,3,98.97,0.00,-0.00,-14.85,-13.05,0.00,0.00,71.07
2026-STL-0422,Order,114-1000574-6848151,2026-04-22,PF-PREWKT-BERRY,3,98.97,0.00,-0.00,-14.85,-13.05,0.00,0.00,71.07
2026-STL-0422,Order,114-1000787-4351238,2026-04-22,PF-CREATINE-300,1,24.99,0.00,-0.00,-3.75,-4.05,0.00,0.00,17.19
2026-STL-0422,Order,114-1000788-7004931,2026-04-22,PF-CREATINE-300,2,49.98,0.00,-10.00,-6.00,-8.10,0.00,0.00,25.88
2026-STL-0422,Order,114-1000789-9327450,2026-04-22,PF-CREATINE-300,1,24.99,0.00,-0.00,-3.75,-4.05,0.00,0.00,17.19
2026-STL-0422,Order,114-1001088-9795418,2026-04-22,PF-BCAA-LEMON,1,27.99,0.00,-0.00,-4.20,-4.20,0.00,0.00,19.59
2026-STL-0422,Order,114-1001193-9521981,2026-04-22,PF-SHAKER-28,1,12.99,0.00,-0.00,-1.95,-3.45,0.00,0.00,7.59
2026-STL-0422,Order,114-1001194-6467186,2026-04-22,PF-SHAKER-28,1,12.99,0.00,-0.00,-1.95,-3.45,0.00,0.00,7.59
2026-STL-0422,Order,114-1001396-5579723,2026-04-22,PF-ELECTRO-CIT,1,21.99,0.00,-0.00,-3.30,-3.95,0.00,0.00,14.74
2026-STL-0422,Order,114-1001397-6974321,2026-04-22,PF-ELECTRO-CIT,1,21.99,0.00,-2.20,-2.97,-3.95,0.00,0.00,12.87
2026-STL-0422,Order,114-1001555-2665880,2026-04-22,GT-SERUM-VITC,1,28.99,0.00,-0.00,-4.35,-3.55,0.00,0.00,21.09
2026-STL-0422,Order,114-1001556-3063320,2026-04-22,GT-SERUM-VITC,1,28.99,0.00,-2.90,-3.91,-3.55,0.00,0.00,18.63
2026-STL-0422,Order,114-1001557-1110521,2026-04-22,GT-SERUM-VITC,1,28.99,0.00,-0.00,-4.35,-3.55,0.00,0.00,21.09
2026-STL-0422,Order,114-1001558-9472875,2026-04-22,GT-SERUM-VITC,1,28.99,0.00,-0.00,-4.35,-3.55,0.00,0.00,21.09
2026-STL-0422,Order,114-1001954-5421311,2026-04-22,GT-SERUM-HA,1,24.99,0.00,-0.00,-3.75,-3.55,0.00,0.00,17.69
2026-STL-0422,Order,114-1001955-4328808,2026-04-22,GT-SERUM-HA,1,24.99,0.00,-2.50,-3.37,-3.55,0.00,0.00,15.57
2026-STL-0422,Order,114-1001956-9427765,2026-04-22,GT-SERUM-HA,1,24.99,0.00,-0.00,-3.75,-3.55,0.00,0.00,17.69
2026-STL-0422,Order,114-1001957-3495209,2026-04-22,GT-SERUM-HA,1,24.99,0.00,-2.50,-3.37,-3.55,0.00,0.00,15.57
2026-STL-0422,Order,114-1002259-5755035,2026-04-22,GT-MOIST-50ML,1,22.99,0.00,-0.00,-3.45,-3.60,0.00,0.00,15.94
2026-STL-0422,Order,114-1002728-8277403,2026-04-22,GT-EYE-CREAM,1,26.99,0.00,-0.00,-4.05,-3.50,0.00,0.00,19.44
2026-STL-0422,Order,114-1002729-9184965,2026-04-22,GT-EYE-CREAM,1,26.99,0.00,-0.00,-4.05,-3.50,0.00,0.00,19.44
2026-STL-0422,Order,114-1002858-3655504,2026-04-22,GT-SPF30-TINT,1,23.99,0.00,-0.00,-3.60,-3.60,0.00,0.00,16.79
2026-STL-0422,Order,114-1003014-4040589,2026-04-22,GT-ROLLER-JADE,1,13.99,0.00,-0.00,-2.10,-3.40,0.00,0.00,8.49
2026-STL-0422,Order,114-1003133-6505504,2026-04-22,PH-CHEW-BULLY-6,1,29.99,0.00,-0.00,-4.50,-4.60,0.00,0.00,20.89
2026-STL-0422,Order,114-1003134-7789891,2026-04-22,PH-CHEW-BULLY-6,1,29.99,0.00,-6.00,-3.60,-4.60,0.00,0.00,15.79
2026-STL-0422,Order,114-1003135-5322520,2026-04-22,PH-CHEW-BULLY-6,1,29.99,0.00,-3.00,-4.05,-4.60,0.00,0.00,18.34
2026-STL-0422,Order,114-1003402-1512046,2026-04-22,PH-TREAT-SALMON,1,18.99,0.00,-0.00,-2.85,-3.90,0.00,0.00,12.24
2026-STL-0422,Order,114-1003403-4827056,2026-04-22,PH-TREAT-SALMON,1,18.99,0.00,-0.00,-2.85,-3.90,0.00,0.00,12.24
2026-STL-0422,Order,114-1003691-2583694,2026-04-22,PH-SHAMPOO-OAT,1,15.99,0.00,-0.00,-2.40,-3.95,0.00,0.00,9.64
2026-STL-0422,Order,114-1003692-3777860,2026-04-22,PH-SHAMPOO-OAT,1,15.99,0.00,-0.00,-2.40,-3.95,0.00,0.00,9.64
2026-STL-0422,Order,114-1003844-8454679,2026-04-22,PH-TOY-ROPE-L,1,13.99,0.00,-0.00,-2.10,-3.75,0.00,0.00,8.14
2026-STL-0422,Order,114-1003845-8532729,2026-04-22,PH-TOY-ROPE-L,1,13.99,0.00,-0.00,-2.10,-3.75,0.00,0.00,8.14
2026-STL-0422,Order,114-1004014-6289106,2026-04-22,PH-BED-MED-GRY,1,42.99,0.00,-0.00,-6.45,-12.40,0.00,0.00,24.14
2026-STL-0422,Order,114-1004263-8580838,2026-04-22,PH-DENTAL-30CT,1,21.99,0.00,-0.00,-3.30,-4.10,0.00,0.00,14.59
2026-STL-0422,Order,114-1004264-9877175,2026-04-22,PH-DENTAL-30CT,1,21.99,0.00,-2.20,-2.97,-4.10,0.00,0.00,12.72
2026-STL-0423,Order,114-1000064-9874152,2026-04-23,PF-WHEY-CHOC,3,134.97,0.00,-13.50,-18.22,-18.30,0.00,0.00,84.95
2026-STL-0423,Order,114-1000065-2737893,2026-04-23,PF-WHEY-CHOC,1,44.99,0.00,-4.50,-6.07,-6.10,0.00,0.00,28.32
2026-STL-0423,Order,114-1000374-1929673,2026-04-23,PF-WHEY-VAN,1,44.99,0.00,-0.00,-6.75,-6.10,0.00,0.00,32.14
2026-STL-0423,Order,114-1000375-3717354,2026-04-23,PF-WHEY-VAN,1,44.99,0.00,-0.00,-6.75,-6.10,0.00,0.00,32.14
2026-STL-0423,Order,114-1000376-9705660,2026-04-23,PF-WHEY-VAN,1,44.99,0.00,-0.00,-6.75,-6.10,0.00,0.00,32.14
2026-STL-0423,Order,114-1000575-4521171,2026-04-23,PF-PREWKT-BERRY,1,32.99,0.00,-3.30,-4.45,-4.35,0.00,0.00,20.89
2026-STL-0423,Order,114-1000576-8183451,2026-04-23,PF-PREWKT-BERRY,1,32.99,0.00,-0.00,-4.95,-4.35,0.00,0.00,23.69
2026-STL-0423,Order,114-1000577-4471922,2026-04-23,PF-PREWKT-BERRY,1,32.99,0.00,-0.00,-4.95,-4.35,0.00,0.00,23.69
2026-STL-0423,Order,114-1000790-4934345,2026-04-23,PF-CREATINE-300,1,24.99,0.00,-0.00,-3.75,-4.05,0.00,0.00,17.19
2026-STL-0423,Order,114-1000791-9289690,2026-04-23,PF-CREATINE-300,1,24.99,0.00,-0.00,-3.75,-4.05,0.00,0.00,17.19
2026-STL-0423,Order,114-1000792-2699372,2026-04-23,PF-CREATINE-300,1,24.99,0.00,-0.00,-3.75,-4.05,0.00,0.00,17.19
2026-STL-0423,Order,114-1001089-2503148,2026-04-23,PF-BCAA-LEMON,1,27.99,0.00,-2.80,-3.78,-4.20,0.00,0.00,17.21
2026-STL-0423,Order,114-1001090-4195887,2026-04-23,PF-BCAA-LEMON,1,27.99,0.00,-0.00,-4.20,-4.20,0.00,0.00,19.59
2026-STL-0423,Order,114-1001195-8733874,2026-04-23,PF-SHAKER-28,1,12.99,0.00,-0.00,-1.95,-3.45,0.00,0.00,7.59
2026-STL-0423,Order,114-1001559-5117989,2026-04-23,GT-SERUM-VITC,1,28.99,0.00,-0.00,-4.35,-3.55,0.00,0.00,21.09
2026-STL-0423,Order,114-1001560-4828258,2026-04-23,GT-SERUM-VITC,1,28.99,0.00,-0.00,-4.35,-3.55,0.00,0.00,21.09
2026-STL-0423,Order,114-1001561-8696599,2026-04-23,GT-SERUM-VITC,1,28.99,0.00,-2.90,-3.91,-3.55,0.00,0.00,18.63
2026-STL-0423,Order,114-1001562-1499339,2026-04-23,GT-SERUM-VITC,1,28.99,0.00,-0.00,-4.35,-3.55,0.00,0.00,21.09
2026-STL-0423,Order,114-1001958-4224201,2026-04-23,GT-SERUM-HA,1,24.99,0.00,-0.00,-3.75,-3.55,0.00,0.00,17.69
2026-STL-0423,Order,114-1001959-2525643,2026-04-23,GT-SERUM-HA,1,24.99,0.00,-0.00,-3.75,-3.55,0.00,0.00,17.69
2026-STL-0423,Order,114-1001960-4882711,2026-04-23,GT-SERUM-HA,1,24.99,0.00,-0.00,-3.75,-3.55,0.00,0.00,17.69
2026-STL-0423,Order,114-1001961-8165093,2026-04-23,GT-SERUM-HA,1,24.99,0.00,-0.00,-3.75,-3.55,0.00,0.00,17.69
2026-STL-0423,Order,114-1002260-8457126,2026-04-23,GT-MOIST-50ML,1,22.99,0.00,-0.00,-3.45,-3.60,0.00,0.00,15.94
2026-STL-0423,Order,114-1002261-8850178,2026-04-23,GT-MOIST-50ML,2,45.98,0.00,-9.20,-5.52,-7.20,0.00,0.00,24.06
2026-STL-0423,Refund,114-1002422-1338131,2026-04-23,GT-CLEANSE-150,-1,-16.99,0.00,0.00,2.04,0.00,0.00,0.00,-14.95
2026-STL-0423,Refund,114-1002442-7700915,2026-04-23,GT-CLEANSE-150,-1,-16.99,0.00,0.00,2.04,0.00,0.00,0.00,-14.95
2026-STL-0423,Order,114-1002599-4763297,2026-04-23,GT-MASK-CLAY,1,14.99,0.00,-0.00,-2.25,-3.85,0.00,0.00,8.89
2026-STL-0423,Order,114-1002600-3006411,2026-04-23,GT-MASK-CLAY,1,14.99,0.00,-0.00,-2.25,-3.85,0.00,0.00,8.89
2026-STL-0423,Order,114-1002601-1204695,2026-04-23,GT-MASK-CLAY,1,14.99,0.00,-0.00,-2.25,-3.85,0.00,0.00,8.89
2026-STL-0423,Order,114-1002730-9706817,2026-04-23,GT-EYE-CREAM,2,53.98,0.00,-0.00,-8.10,-7.00,0.00,0.00,38.88
2026-STL-0423,Order,114-1002731-2808544,2026-04-23,GT-EYE-CREAM,1,26.99,0.00,-0.00,-4.05,-3.50,0.00,0.00,19.44
2026-STL-0423,Refund,114-1002827-9963626,2026-04-23,GT-SPF30-TINT,-1,-23.99,0.00,0.00,2.88,0.00,0.00,0.00,-21.11
2026-STL-0423,Refund,114-1002836-3415646,2026-04-23,GT-SPF30-TINT,-1,-23.99,0.00,2.40,2.59,0.00,0.00,0.00,-19.00
2026-STL-0423,Order,114-1002859-5184066,2026-04-23,GT-SPF30-TINT,1,23.99,0.00,-2.40,-3.24,-3.60,0.00,0.00,14.75
2026-STL-0423,Order,114-1003136-5173131,2026-04-23,PH-CHEW-BULLY-6,1,29.99,0.00,-3.00,-4.05,-4.60,0.00,0.00,18.34
2026-STL-0423,Order,114-1003137-9486648,2026-04-23,PH-CHEW-BULLY-6,1,29.99,0.00,-0.00,-4.50,-4.60,0.00,0.00,20.89
2026-STL-0423,Order,114-1003138-6556834,2026-04-23,PH-CHEW-BULLY-6,1,29.99,0.00,-0.00,-4.50,-4.60,0.00,0.00,20.89
2026-STL-0423,Order,114-1003404-7070025,2026-04-23,PH-TREAT-SALMON,1,18.99,0.00,-0.00,-2.85,-3.90,0.00,0.00,12.24
2026-STL-0423,Order,114-1003405-1293589,2026-04-23,PH-TREAT-SALMON,2,37.98,0.00,-0.00,-5.70,-7.80,0.00,0.00,24.48
2026-STL-0423,Order,114-1003406-6782819,2026-04-23,PH-TREAT-SALMON,3,56.97,0.00,-5.70,-7.69,-11.70,0.00,0.00,31.88
2026-STL-0423,Order,114-1003693-2633454,2026-04-23,PH-SHAMPOO-OAT,1,15.99,0.00,-0.00,-2.40,-3.95,0.00,0.00,9.64
2026-STL-0423,Order,114-1003694-5851168,2026-04-23,PH-SHAMPOO-OAT,1,15.99,0.00,-1.60,-2.16,-3.95,0.00,0.00,8.28
2026-STL-0423,Order,114-1003695-2059977,2026-04-23,PH-SHAMPOO-OAT,1,15.99,0.00,-0.00,-2.40,-3.95,0.00,0.00,9.64
2026-STL-0423,Order,114-1003846-7661660,2026-04-23,PH-TOY-ROPE-L,1,13.99,0.00,-0.00,-2.10,-3.75,0.00,0.00,8.14
2026-STL-0423,Order,114-1003847-1163295,2026-04-23,PH-TOY-ROPE-L,1,13.99,0.00,-0.00,-2.10,-3.75,0.00,0.00,8.14
2026-STL-0423,Order,114-1004265-4457963,2026-04-23,PH-DENTAL-30CT,1,21.99,0.00,-0.00,-3.30,-4.10,0.00,0.00,14.59
2026-STL-0423,Order,114-1004266-7563559,2026-04-23,PH-DENTAL-30CT,1,21.99,0.00,-0.00,-3.30,-4.10,0.00,0.00,14.59
2026-STL-0423,Order,114-1004267-4651356,2026-04-23,PH-DENTAL-30CT,1,21.99,0.00,-0.00,-3.30,-4.10,0.00,0.00,14.59
2026-STL-0423,Order,114-1004268-8288314,2026-04-23,PH-DENTAL-30CT,1,21.99,0.00,-0.00,-3.30,-4.10,0.00,0.00,14.59
2026-STL-0424,Order,114-1000066-2795765,2026-04-24,PF-WHEY-CHOC,1,44.99,0.00,-0.00,-6.75,-6.10,0.00,0.00,32.14
2026-STL-0424,Order,114-1000067-4533779,2026-04-24,PF-WHEY-CHOC,1,44.99,0.00,-0.00,-6.75,-6.10,0.00,0.00,32.14
2026-STL-0424,Order,114-1000377-3100009,2026-04-24,PF-WHEY-VAN,1,44.99,0.00,-0.00,-6.75,-6.10,0.00,0.00,32.14
2026-STL-0424,Order,114-1000378-3829240,2026-04-24,PF-WHEY-VAN,1,44.99,0.00,-0.00,-6.75,-6.10,0.00,0.00,32.14
2026-STL-0424,Order,114-1000578-3824903,2026-04-24,PF-PREWKT-BERRY,1,32.99,0.00,-0.00,-4.95,-4.35,0.00,0.00,23.69
2026-STL-0424,Order,114-1000579-5485272,2026-04-24,PF-PREWKT-BERRY,1,32.99,0.00,-0.00,-4.95,-4.35,0.00,0.00,23.69
2026-STL-0424,Order,114-1000793-1840206,2026-04-24,PF-CREATINE-300,3,74.97,0.00,-0.00,-11.25,-12.15,0.00,0.00,51.57
2026-STL-0424,Order,114-1000794-5874908,2026-04-24,PF-CREATINE-300,1,24.99,0.00,-0.00,-3.75,-4.05,0.00,0.00,17.19
2026-STL-0424,Order,114-1001091-6114011,2026-04-24,PF-BCAA-LEMON,1,27.99,0.00,-0.00,-4.20,-4.20,0.00,0.00,19.59
2026-STL-0424,Order,114-1001311-1409590,2026-04-24,PF-VEGAN-CHOC,1,39.99,0.00,-4.00,-5.40,-6.10,0.00,0.00,24.49
2026-STL-0424,Order,114-1001563-9679670,2026-04-24,GT-SERUM-VITC,1,28.99,0.00,-0.00,-4.35,-3.55,0.00,0.00,21.09
2026-STL-0424,Order,114-1001564-3756910,2026-04-24,GT-SERUM-VITC,1,28.99,0.00,-0.00,-4.35,-3.55,0.00,0.00,21.09
2026-STL-0424,Order,114-1001565-3532555,2026-04-24,GT-SERUM-VITC,1,28.99,0.00,-0.00,-4.35,-3.55,0.00,0.00,21.09
2026-STL-0424,Order,114-1001566-9720433,2026-04-24,GT-SERUM-VITC,1,28.99,0.00,-0.00,-4.35,-3.55,0.00,0.00,21.09
2026-STL-0424,Order,114-1001567-6105693,2026-04-24,GT-SERUM-VITC,1,28.99,0.00,-2.90,-3.91,-3.55,0.00,0.00,18.63
2026-STL-0424,Order,114-1001962-8014121,2026-04-24,GT-SERUM-HA,1,24.99,0.00,-0.00,-3.75,-3.55,0.00,0.00,17.69
2026-STL-0424,Order,114-1001963-1008991,2026-04-24,GT-SERUM-HA,2,49.98,0.00,-0.00,-7.50,-7.10,0.00,0.00,35.38
2026-STL-0424,Order,114-1002262-3656077,2026-04-24,GT-MOIST-50ML,1,22.99,0.00,-0.00,-3.45,-3.60,0.00,0.00,15.94
2026-STL-0424,Order,114-1002263-6852464,2026-04-24,GT-MOIST-50ML,2,45.98,0.00,-0.00,-6.90,-7.20,0.00,0.00,31.88
2026-STL-0424,Order,114-1002451-8149873,2026-04-24,GT-CLEANSE-150,1,16.99,0.00,-0.00,-2.55,-3.70,0.00,0.00,10.74
2026-STL-0424,Order,114-1002602-9793246,2026-04-24,GT-MASK-CLAY,2,29.98,0.00,-0.00,-4.50,-7.70,0.00,0.00,17.78
2026-STL-0424,Order,114-1002732-5003283,2026-04-24,GT-EYE-CREAM,1,26.99,0.00,-0.00,-4.05,-3.50,0.00,0.00,19.44
2026-STL-0424,Refund,114-1003125-4533549,2026-04-24,PH-CHEW-BULLY-6,-1,-29.99,0.00,6.00,2.88,0.00,0.00,0.00,-21.11
2026-STL-0424,Order,114-1003139-2112674,2026-04-24,PH-CHEW-BULLY-6,1,29.99,0.00,-0.00,-4.50,-4.60,0.00,0.00,20.89
2026-STL-0424,Order,114-1003140-7810286,2026-04-24,PH-CHEW-BULLY-6,2,59.98,0.00,-0.00,-9.00,-9.20,0.00,0.00,41.78
2026-STL-0424,Order,114-1003141-1513307,2026-04-24,PH-CHEW-BULLY-6,1,29.99,0.00,-0.00,-4.50,-4.60,0.00,0.00,20.89
2026-STL-0424,Order,114-1003407-8283798,2026-04-24,PH-TREAT-SALMON,1,18.99,0.00,-0.00,-2.85,-3.90,0.00,0.00,12.24
2026-STL-0424,Order,114-1003408-3470317,2026-04-24,PH-TREAT-SALMON,1,18.99,0.00,-1.90,-2.56,-3.90,0.00,0.00,10.63
2026-STL-0424,Order,114-1003409-3459745,2026-04-24,PH-TREAT-SALMON,1,18.99,0.00,-0.00,-2.85,-3.90,0.00,0.00,12.24
2026-STL-0424,Order,114-1003696-2096115,2026-04-24,PH-SHAMPOO-OAT,1,15.99,0.00,-1.60,-2.16,-3.95,0.00,0.00,8.28
2026-STL-0424,Order,114-1003848-9277618,2026-04-24,PH-TOY-ROPE-L,1,13.99,0.00,-0.00,-2.10,-3.75,0.00,0.00,8.14
2026-STL-0424,Order,114-1004118-4279979,2026-04-24,PH-BRUSH-DBL,1,12.99,0.00,-0.00,-1.95,-3.45,0.00,0.00,7.59
2026-STL-0424,Order,114-1004269-5123196,2026-04-24,PH-DENTAL-30CT,1,21.99,0.00,-0.00,-3.30,-4.10,0.00,0.00,14.59
2026-STL-0425,Order,114-1000068-1852264,2026-04-25,PF-WHEY-CHOC,1,44.99,0.00,-0.00,-6.75,-6.10,0.00,0.00,32.14
2026-STL-0425,Order,114-1000069-1059486,2026-04-25,PF-WHEY-CHOC,1,44.99,0.00,-0.00,-6.75,-6.10,0.00,0.00,32.14
2026-STL-0425,Order,114-1000070-3710895,2026-04-25,PF-WHEY-CHOC,1,44.99,0.00,-9.00,-5.40,-6.10,0.00,0.00,24.49
2026-STL-0425,Order,114-1000379-6664316,2026-04-25,PF-WHEY-VAN,1,44.99,0.00,-0.00,-6.75,-6.10,0.00,0.00,32.14
2026-STL-0425,Refund,114-1000767-1973306,2026-04-25,PF-CREATINE-300,-1,-24.99,0.00,0.00,3.00,0.00,0.00,0.00,-21.99
2026-STL-0425,Order,114-1000795-2944497,2026-04-25,PF-CREATINE-300,1,24.99,0.00,-0.00,-3.75,-4.05,0.00,0.00,17.19
2026-STL-0425,Order,114-1000796-3321873,2026-04-25,PF-CREATINE-300,1,24.99,0.00,-0.00,-3.75,-4.05,0.00,0.00,17.19
2026-STL-0425,Order,114-1001196-7439371,2026-04-25,PF-SHAKER-28,1,12.99,0.00,-2.60,-1.56,-3.45,0.00,0.00,5.38
2026-STL-0425,Order,114-1001197-8233471,2026-04-25,PF-SHAKER-28,1,12.99,0.00,-0.00,-1.95,-3.45,0.00,0.00,7.59
2026-STL-0425,Order,114-1001568-3463932,2026-04-25,GT-SERUM-VITC,2,57.98,0.00,-5.80,-7.83,-7.10,0.00,0.00,37.25
2026-STL-0425,Order,114-1001569-8417942,2026-04-25,GT-SERUM-VITC,1,28.99,0.00,-0.00,-4.35,-3.55,0.00,0.00,21.09
2026-STL-0425,Order,114-1001570-7786479,2026-04-25,GT-SERUM-VITC,2,57.98,0.00,-0.00,-8.70,-7.10,0.00,0.00,42.18
2026-STL-0425,Order,114-1001964-8919821,2026-04-25,GT-SERUM-HA,1,24.99,0.00,-0.00,-3.75,-3.55,0.00,0.00,17.69
2026-STL-0425,Order,114-1001965-5232271,2026-04-25,GT-SERUM-HA,1,24.99,0.00,-0.00,-3.75,-3.55,0.00,0.00,17.69
2026-STL-0425,Order,114-1001966-2625497,2026-04-25,GT-SERUM-HA,1,24.99,0.00,-0.00,-3.75,-3.55,0.00,0.00,17.69
2026-STL-0425,Order,114-1002264-6692359,2026-04-25,GT-MOIST-50ML,1,22.99,0.00,-0.00,-3.45,-3.60,0.00,0.00,15.94
2026-STL-0425,Order,114-1002452-7765720,2026-04-25,GT-CLEANSE-150,1,16.99,0.00,-0.00,-2.55,-3.70,0.00,0.00,10.74
2026-STL-0425,Order,114-1002603-6528345,2026-04-25,GT-MASK-CLAY,1,14.99,0.00,-0.00,-2.25,-3.85,0.00,0.00,8.89
2026-STL-0425,Order,114-1002860-3274969,2026-04-25,GT-SPF30-TINT,1,23.99,0.00,-0.00,-3.60,-3.60,0.00,0.00,16.79
2026-STL-0425,Order,114-1003142-7649560,2026-04-25,PH-CHEW-BULLY-6,1,29.99,0.00,-6.00,-3.60,-4.60,0.00,0.00,15.79
2026-STL-0425,Order,114-1003410-7416175,2026-04-25,PH-TREAT-SALMON,1,18.99,0.00,-0.00,-2.85,-3.90,0.00,0.00,12.24
2026-STL-0425,Order,114-1003411-4634483,2026-04-25,PH-TREAT-SALMON,1,18.99,0.00,-0.00,-2.85,-3.90,0.00,0.00,12.24
2026-STL-0425,Order,114-1003697-1701806,2026-04-25,PH-SHAMPOO-OAT,1,15.99,0.00,-0.00,-2.40,-3.95,0.00,0.00,9.64
2026-STL-0425,Order,114-1003698-7722708,2026-04-25,PH-SHAMPOO-OAT,2,31.98,0.00,-0.00,-4.80,-7.90,0.00,0.00,19.28
2026-STL-0425,Order,114-1003849-2706522,2026-04-25,PH-TOY-ROPE-L,1,13.99,0.00,-0.00,-2.10,-3.75,0.00,0.00,8.14
2026-STL-0425,Order,114-1004015-2203548,2026-04-25,PH-BED-MED-GRY,1,42.99,0.00,-4.30,-5.80,-12.40,0.00,0.00,20.49
2026-STL-0425,Order,114-1004119-1310742,2026-04-25,PH-BRUSH-DBL,1,12.99,0.00,-0.00,-1.95,-3.45,0.00,0.00,7.59
2026-STL-0425,Order,114-1004270-6646529,2026-04-25,PH-DENTAL-30CT,1,21.99,0.00,-2.20,-2.97,-4.10,0.00,0.00,12.72
2026-STL-0425,Order,114-1004271-3800519,2026-04-25,PH-DENTAL-30CT,2,43.98,0.00,-0.00,-6.60,-8.20,0.00,0.00,29.18
2026-STL-0425,Order,114-1004272-7214390,2026-04-25,PH-DENTAL-30CT,1,21.99,0.00,-0.00,-3.30,-4.10,0.00,0.00,14.59
2026-STL-0425,Order,114-1004273-8096065,2026-04-25,PH-DENTAL-30CT,1,21.99,0.00,-0.00,-3.30,-4.10,0.00,0.00,14.59
2026-STL-0426,Order,114-1000071-1162230,2026-04-26,PF-WHEY-CHOC,1,44.99,0.00,-0.00,-6.75,-6.10,0.00,0.00,32.14
2026-STL-0426,Order,114-1000072-3500715,2026-04-26,PF-WHEY-CHOC,2,89.98,0.00,-0.00,-13.50,-12.20,0.00,0.00,64.28
2026-STL-0426,Order,114-1000073-3484601,2026-04-26,PF-WHEY-CHOC,2,89.98,0.00,-0.00,-13.50,-12.20,0.00,0.00,64.28
2026-STL-0426,Order,114-1000074-1669324,2026-04-26,PF-WHEY-CHOC,1,44.99,0.00,-0.00,-6.75,-6.10,0.00,0.00,32.14
2026-STL-0426,Order,114-1000580-7905438,2026-04-26,PF-PREWKT-BERRY,1,32.99,0.00,-0.00,-4.95,-4.35,0.00,0.00,23.69
2026-STL-0426,Order,114-1000797-2559464,2026-04-26,PF-CREATINE-300,1,24.99,0.00,-0.00,-3.75,-4.05,0.00,0.00,17.19
2026-STL-0426,Order,114-1000798-7715084,2026-04-26,PF-CREATINE-300,1,24.99,0.00,-0.00,-3.75,-4.05,0.00,0.00,17.19
2026-STL-0426,Order,114-1000799-9023619,2026-04-26,PF-CREATINE-300,1,24.99,0.00,-0.00,-3.75,-4.05,0.00,0.00,17.19
2026-STL-0426,Order,114-1001092-8389750,2026-04-26,PF-BCAA-LEMON,1,27.99,0.00,-0.00,-4.20,-4.20,0.00,0.00,19.59
2026-STL-0426,Order,114-1001093-7271672,2026-04-26,PF-BCAA-LEMON,1,27.99,0.00,-0.00,-4.20,-4.20,0.00,0.00,19.59
2026-STL-0426,Order,114-1001571-6611860,2026-04-26,GT-SERUM-VITC,2,57.98,0.00,-0.00,-8.70,-7.10,0.00,0.00,42.18
2026-STL-0426,Order,114-1001572-9732032,2026-04-26,GT-SERUM-VITC,1,28.99,0.00,-2.90,-3.91,-3.55,0.00,0.00,18.63
2026-STL-0426,Order,114-1001573-6238726,2026-04-26,GT-SERUM-VITC,1,28.99,0.00,-0.00,-4.35,-3.55,0.00,0.00,21.09
2026-STL-0426,Order,114-1001574-1467937,2026-04-26,GT-SERUM-VITC,1,28.99,0.00,-0.00,-4.35,-3.55,0.00,0.00,21.09
2026-STL-0426,Order,114-1001967-7063033,2026-04-26,GT-SERUM-HA,1,24.99,0.00,-0.00,-3.75,-3.55,0.00,0.00,17.69
2026-STL-0426,Order,114-1001968-4997208,2026-04-26,GT-SERUM-HA,1,24.99,0.00,-0.00,-3.75,-3.55,0.00,0.00,17.69
2026-STL-0426,Order,114-1002265-6082320,2026-04-26,GT-MOIST-50ML,2,45.98,0.00,-0.00,-6.90,-7.20,0.00,0.00,31.88
2026-STL-0426,Refund,114-1002828-7213813,2026-04-26,GT-SPF30-TINT,-1,-23.99,0.00,2.40,2.59,0.00,0.00,0.00,-19.00
2026-STL-0426,Order,114-1002861-1334774,2026-04-26,GT-SPF30-TINT,1,23.99,0.00,-0.00,-3.60,-3.60,0.00,0.00,16.79
2026-STL-0426,Refund,114-1003007-6897140,2026-04-26,GT-ROLLER-JADE,-3,-41.97,0.00,0.00,5.04,0.00,0.00,0.00,-36.93
2026-STL-0426,Order,114-1003015-9669396,2026-04-26,GT-ROLLER-JADE,1,13.99,0.00,-0.00,-2.10,-3.40,0.00,0.00,8.49
2026-STL-0426,Order,114-1003016-3730427,2026-04-26,GT-ROLLER-JADE,2,27.98,0.00,-0.00,-4.20,-6.80,0.00,0.00,16.98
2026-STL-0426,Order,114-1003143-5806128,2026-04-26,PH-CHEW-BULLY-6,1,29.99,0.00,-3.00,-4.05,-4.60,0.00,0.00,18.34
2026-STL-0426,Order,114-1003144-6488547,2026-04-26,PH-CHEW-BULLY-6,1,29.99,0.00,-0.00,-4.50,-4.60,0.00,0.00,20.89
2026-STL-0426,Order,114-1003145-2380936,2026-04-26,PH-CHEW-BULLY-6,2,59.98,0.00,-0.00,-9.00,-9.20,0.00,0.00,41.78
2026-STL-0426,Order,114-1003412-4192479,2026-04-26,PH-TREAT-SALMON,2,37.98,0.00,-3.80,-5.13,-7.80,0.00,0.00,21.25
2026-STL-0426,Order,114-1003413-3016385,2026-04-26,PH-TREAT-SALMON,1,18.99,0.00,-0.00,-2.85,-3.90,0.00,0.00,12.24
2026-STL-0426,Order,114-1003699-2335792,2026-04-26,PH-SHAMPOO-OAT,1,15.99,0.00,-0.00,-2.40,-3.95,0.00,0.00,9.64
2026-STL-0426,Order,114-1003700-2754666,2026-04-26,PH-SHAMPOO-OAT,1,15.99,0.00,-1.60,-2.16,-3.95,0.00,0.00,8.28
2026-STL-0426,Order,114-1003850-7507886,2026-04-26,PH-TOY-ROPE-L,1,13.99,0.00,-0.00,-2.10,-3.75,0.00,0.00,8.14
2026-STL-0426,Order,114-1003851-6511885,2026-04-26,PH-TOY-ROPE-L,3,41.97,0.00,-0.00,-6.30,-11.25,0.00,0.00,24.42
2026-STL-0426,Order,114-1004016-1961870,2026-04-26,PH-BED-MED-GRY,1,42.99,0.00,-0.00,-6.45,-12.40,0.00,0.00,24.14
2026-STL-0426,Order,114-1004120-1197024,2026-04-26,PH-BRUSH-DBL,1,12.99,0.00,-1.30,-1.75,-3.45,0.00,0.00,6.49
2026-STL-0426,Order,114-1004274-2500390,2026-04-26,PH-DENTAL-30CT,1,21.99,0.00,-0.00,-3.30,-4.10,0.00,0.00,14.59
2026-STL-0426,Order,114-1004275-1346743,2026-04-26,PH-DENTAL-30CT,1,21.99,0.00,-0.00,-3.30,-4.10,0.00,0.00,14.59
2026-STL-0427,Order,114-1000075-7817881,2026-04-27,PF-WHEY-CHOC,1,44.99,0.00,-0.00,-6.75,-6.10,0.00,0.00,32.14
2026-STL-0427,Order,114-1000076-4971793,2026-04-27,PF-WHEY-CHOC,1,44.99,0.00,-4.50,-6.07,-6.10,0.00,0.00,28.32
2026-STL-0427,Order,114-1000077-7917152,2026-04-27,PF-WHEY-CHOC,3,134.97,0.00,-13.50,-18.22,-18.30,0.00,0.00,84.95
2026-STL-0427,Order,114-1000380-5440189,2026-04-27,PF-WHEY-VAN,1,44.99,0.00,-0.00,-6.75,-6.10,0.00,0.00,32.14
2026-STL-0427,Order,114-1000581-5188889,2026-04-27,PF-PREWKT-BERRY,1,32.99,0.00,-3.30,-4.45,-4.35,0.00,0.00,20.89
2026-STL-0427,Order,114-1000582-7588425,2026-04-27,PF-PREWKT-BERRY,1,32.99,0.00,-0.00,-4.95,-4.35,0.00,0.00,23.69
2026-STL-0427,Order,114-1000583-7949543,2026-04-27,PF-PREWKT-BERRY,1,32.99,0.00,-0.00,-4.95,-4.35,0.00,0.00,23.69
2026-STL-0427,Order,114-1000800-2896774,2026-04-27,PF-CREATINE-300,1,24.99,0.00,-0.00,-3.75,-4.05,0.00,0.00,17.19
2026-STL-0427,Order,114-1000801-3674211,2026-04-27,PF-CREATINE-300,1,24.99,0.00,-5.00,-3.00,-4.05,0.00,0.00,12.94
2026-STL-0427,Order,114-1000802-8351152,2026-04-27,PF-CREATINE-300,2,49.98,0.00,-0.00,-7.50,-8.10,0.00,0.00,34.38
2026-STL-0427,Order,114-1001094-3477610,2026-04-27,PF-BCAA-LEMON,1,27.99,0.00,-0.00,-4.20,-4.20,0.00,0.00,19.59
2026-STL-0427,Order,114-1001198-2306851,2026-04-27,PF-SHAKER-28,1,12.99,0.00,-0.00,-1.95,-3.45,0.00,0.00,7.59
2026-STL-0427,Order,114-1001199-2918019,2026-04-27,PF-SHAKER-28,1,12.99,0.00,-1.30,-1.75,-3.45,0.00,0.00,6.49
2026-STL-0427,Order,114-1001398-5205877,2026-04-27,PF-ELECTRO-CIT,1,21.99,0.00,-0.00,-3.30,-3.95,0.00,0.00,14.74
2026-STL-0427,Order,114-1001575-8092498,2026-04-27,GT-SERUM-VITC,2,57.98,0.00,-0.00,-8.70,-7.10,0.00,0.00,42.18
2026-STL-0427,Order,114-1001576-7257547,2026-04-27,GT-SERUM-VITC,1,28.99,0.00,-0.00,-4.35,-3.55,0.00,0.00,21.09
2026-STL-0427,Order,114-1001577-3092954,2026-04-27,GT-SERUM-VITC,1,28.99,0.00,-0.00,-4.35,-3.55,0.00,0.00,21.09
2026-STL-0427,Order,114-1001969-2784517,2026-04-27,GT-SERUM-HA,1,24.99,0.00,-0.00,-3.75,-3.55,0.00,0.00,17.69
2026-STL-0427,Order,114-1002266-4026182,2026-04-27,GT-MOIST-50ML,1,22.99,0.00,-4.60,-2.76,-3.60,0.00,0.00,12.03
2026-STL-0427,Order,114-1002267-9815318,2026-04-27,GT-MOIST-50ML,2,45.98,0.00,-0.00,-6.90,-7.20,0.00,0.00,31.88
2026-STL-0427,Order,114-1002268-6840068,2026-04-27,GT-MOIST-50ML,1,22.99,0.00,-0.00,-3.45,-3.60,0.00,0.00,15.94
2026-STL-0427,Order,114-1002453-2727655,2026-04-27,GT-CLEANSE-150,1,16.99,0.00,-0.00,-2.55,-3.70,0.00,0.00,10.74
2026-STL-0427,Order,114-1002604-2332904,2026-04-27,GT-MASK-CLAY,2,29.98,0.00,-0.00,-4.50,-7.70,0.00,0.00,17.78
2026-STL-0427,Order,114-1002862-8505009,2026-04-27,GT-SPF30-TINT,1,23.99,0.00,-0.00,-3.60,-3.60,0.00,0.00,16.79
2026-STL-0427,Order,114-1002863-6768490,2026-04-27,GT-SPF30-TINT,3,71.97,0.00,-7.20,-9.72,-10.80,0.00,0.00,44.25
2026-STL-0427,Order,114-1003146-3548252,2026-04-27,PH-CHEW-BULLY-6,1,29.99,0.00,-0.00,-4.50,-4.60,0.00,0.00,20.89
2026-STL-0427,Order,114-1003147-3239478,2026-04-27,PH-CHEW-BULLY-6,1,29.99,0.00,-0.00,-4.50,-4.60,0.00,0.00,20.89
2026-STL-0427,Order,114-1003148-6993668,2026-04-27,PH-CHEW-BULLY-6,2,59.98,0.00,-0.00,-9.00,-9.20,0.00,0.00,41.78
2026-STL-0427,Order,114-1003414-3499000,2026-04-27,PH-TREAT-SALMON,1,18.99,0.00,-0.00,-2.85,-3.90,0.00,0.00,12.24
2026-STL-0427,Order,114-1003415-9540127,2026-04-27,PH-TREAT-SALMON,1,18.99,0.00,-0.00,-2.85,-3.90,0.00,0.00,12.24
2026-STL-0427,Order,114-1003701-5446406,2026-04-27,PH-SHAMPOO-OAT,2,31.98,0.00,-0.00,-4.80,-7.90,0.00,0.00,19.28
2026-STL-0427,Order,114-1003702-5177120,2026-04-27,PH-SHAMPOO-OAT,1,15.99,0.00,-0.00,-2.40,-3.95,0.00,0.00,9.64
2026-STL-0427,Order,114-1003852-7527429,2026-04-27,PH-TOY-ROPE-L,1,13.99,0.00,-0.00,-2.10,-3.75,0.00,0.00,8.14
2026-STL-0428,FBA Storage Fee,,2026-04-28,,,0.00,0.00,0.00,0.00,0.00,-1843.72,0.00,-1843.72
2026-STL-0428,Subscription Fee,,2026-04-28,,,0.00,0.00,0.00,0.00,0.00,-39.99,0.00,-39.99
2026-STL-0428,Advertising Cost,,2026-04-28,,,0.00,0.00,0.00,0.00,0.00,-15210.44,0.00,-15210.44
2026-STL-0428,Order,114-1000078-7907400,2026-04-28,PF-WHEY-CHOC,2,89.98,0.00,-0.00,-13.50,-12.20,0.00,0.00,64.28
2026-STL-0428,Order,114-1000079-5476257,2026-04-28,PF-WHEY-CHOC,2,89.98,0.00,-9.00,-12.15,-12.20,0.00,0.00,56.63
2026-STL-0428,Order,114-1000080-1649691,2026-04-28,PF-WHEY-CHOC,1,44.99,0.00,-0.00,-6.75,-6.10,0.00,0.00,32.14
2026-STL-0428,Order,114-1000381-5859883,2026-04-28,PF-WHEY-VAN,1,44.99,0.00,-0.00,-6.75,-6.10,0.00,0.00,32.14
2026-STL-0428,Order,114-1000382-7813102,2026-04-28,PF-WHEY-VAN,1,44.99,0.00,-0.00,-6.75,-6.10,0.00,0.00,32.14
2026-STL-0428,Order,114-1000584-2561871,2026-04-28,PF-PREWKT-BERRY,1,32.99,0.00,-0.00,-4.95,-4.35,0.00,0.00,23.69
2026-STL-0428,Order,114-1000803-3192032,2026-04-28,PF-CREATINE-300,1,24.99,0.00,-0.00,-3.75,-4.05,0.00,0.00,17.19
2026-STL-0428,Order,114-1000804-8393515,2026-04-28,PF-CREATINE-300,1,24.99,0.00,-2.50,-3.37,-4.05,0.00,0.00,15.07
2026-STL-0428,Order,114-1001399-2144687,2026-04-28,PF-ELECTRO-CIT,1,21.99,0.00,-0.00,-3.30,-3.95,0.00,0.00,14.74
2026-STL-0428,Refund,114-1001533-5878387,2026-04-28,GT-SERUM-VITC,-2,-57.98,0.00,0.00,6.96,0.00,0.00,0.00,-51.02
2026-STL-0428,Order,114-1001578-6687145,2026-04-28,GT-SERUM-VITC,1,28.99,0.00,-0.00,-4.35,-3.55,0.00,0.00,21.09
2026-STL-0428,Order,114-1001579-9947098,2026-04-28,GT-SERUM-VITC,1,28.99,0.00,-5.80,-3.48,-3.55,0.00,0.00,16.16
2026-STL-0428,Order,114-1001580-3348331,2026-04-28,GT-SERUM-VITC,1,28.99,0.00,-0.00,-4.35,-3.55,0.00,0.00,21.09
2026-STL-0428,Order,114-1001970-4194945,2026-04-28,GT-SERUM-HA,1,24.99,0.00,-2.50,-3.37,-3.55,0.00,0.00,15.57
2026-STL-0428,Order,114-1001971-6752873,2026-04-28,GT-SERUM-HA,1,24.99,0.00,-0.00,-3.75,-3.55,0.00,0.00,17.69
2026-STL-0428,Order,114-1002269-1495294,2026-04-28,GT-MOIST-50ML,2,45.98,0.00,-0.00,-6.90,-7.20,0.00,0.00,31.88
2026-STL-0428,Order,114-1002270-2782083,2026-04-28,GT-MOIST-50ML,1,22.99,0.00,-0.00,-3.45,-3.60,0.00,0.00,15.94
2026-STL-0428,Refund,114-1002440-2906975,2026-04-28,GT-CLEANSE-150,-1,-16.99,0.00,0.00,2.04,0.00,0.00,0.00,-14.95
2026-STL-0428,Order,114-1002454-7424776,2026-04-28,GT-CLEANSE-150,1,16.99,0.00,-0.00,-2.55,-3.70,0.00,0.00,10.74
2026-STL-0428,Order,114-1002605-5160278,2026-04-28,GT-MASK-CLAY,1,14.99,0.00,-0.00,-2.25,-3.85,0.00,0.00,8.89
2026-STL-0428,Order,114-1002606-5111878,2026-04-28,GT-MASK-CLAY,1,14.99,0.00,-0.00,-2.25,-3.85,0.00,0.00,8.89
2026-STL-0428,Order,114-1002607-5458768,2026-04-28,GT-MASK-CLAY,1,14.99,0.00,-0.00,-2.25,-3.85,0.00,0.00,8.89
2026-STL-0428,Order,114-1002864-2155782,2026-04-28,GT-SPF30-TINT,3,71.97,0.00,-7.20,-9.72,-10.80,0.00,0.00,44.25
2026-STL-0428,Order,114-1003149-6197034,2026-04-28,PH-CHEW-BULLY-6,1,29.99,0.00,-0.00,-4.50,-4.60,0.00,0.00,20.89
2026-STL-0428,Order,114-1003150-1662930,2026-04-28,PH-CHEW-BULLY-6,1,29.99,0.00,-0.00,-4.50,-4.60,0.00,0.00,20.89
2026-STL-0428,Order,114-1003416-4753645,2026-04-28,PH-TREAT-SALMON,2,37.98,0.00,-0.00,-5.70,-7.80,0.00,0.00,24.48
2026-STL-0428,Order,114-1003417-7554404,2026-04-28,PH-TREAT-SALMON,2,37.98,0.00,-0.00,-5.70,-7.80,0.00,0.00,24.48
2026-STL-0428,Order,114-1003418-2959309,2026-04-28,PH-TREAT-SALMON,1,18.99,0.00,-3.80,-2.28,-3.90,0.00,0.00,9.01
2026-STL-0428,Order,114-1003419-2259243,2026-04-28,PH-TREAT-SALMON,1,18.99,0.00,-0.00,-2.85,-3.90,0.00,0.00,12.24
2026-STL-0428,Order,114-1003853-7223492,2026-04-28,PH-TOY-ROPE-L,1,13.99,0.00,-0.00,-2.10,-3.75,0.00,0.00,8.14
2026-STL-0428,Order,114-1004017-7129975,2026-04-28,PH-BED-MED-GRY,1,42.99,0.00,-0.00,-6.45,-12.40,0.00,0.00,24.14
2026-STL-0428,Order,114-1004121-7333787,2026-04-28,PH-BRUSH-DBL,2,25.98,0.00,-0.00,-3.90,-6.90,0.00,0.00,15.18
2026-STL-0428,Order,114-1004276-4274222,2026-04-28,PH-DENTAL-30CT,1,21.99,0.00,-0.00,-3.30,-4.10,0.00,0.00,14.59
2026-STL-0428,Order,114-1004277-3039067,2026-04-28,PH-DENTAL-30CT,1,21.99,0.00,-0.00,-3.30,-4.10,0.00,0.00,14.59
2026-STL-0429,Order,114-1000081-4818418,2026-04-29,PF-WHEY-CHOC,1,44.99,0.00,-0.00,-6.75,-6.10,0.00,0.00,32.14
2026-STL-0429,Order,114-1000082-5674183,2026-04-29,PF-WHEY-CHOC,1,44.99,0.00,-0.00,-6.75,-6.10,0.00,0.00,32.14
2026-STL-0429,Order,114-1000083-9546409,2026-04-29,PF-WHEY-CHOC,3,134.97,0.00,-0.00,-20.25,-18.30,0.00,0.00,96.42
2026-STL-0429,Order,114-1000383-8375356,2026-04-29,PF-WHEY-VAN,1,44.99,0.00,-0.00,-6.75,-6.10,0.00,0.00,32.14
2026-STL-0429,Order,114-1000585-9188027,2026-04-29,PF-PREWKT-BERRY,2,65.98,0.00,-0.00,-9.90,-8.70,0.00,0.00,47.38
2026-STL-0429,Order,114-1000805-9804983,2026-04-29,PF-CREATINE-300,1,24.99,0.00,-0.00,-3.75,-4.05,0.00,0.00,17.19
2026-STL-0429,Order,114-1000806-6675742,2026-04-29,PF-CREATINE-300,1,24.99,0.00,-0.00,-3.75,-4.05,0.00,0.00,17.19
2026-STL-0429,Order,114-1000807-8261982,2026-04-29,PF-CREATINE-300,1,24.99,0.00,-0.00,-3.75,-4.05,0.00,0.00,17.19
2026-STL-0429,Order,114-1001095-8550780,2026-04-29,PF-BCAA-LEMON,1,27.99,0.00,-0.00,-4.20,-4.20,0.00,0.00,19.59
2026-STL-0429,Order,114-1001200-7808088,2026-04-29,PF-SHAKER-28,2,25.98,0.00,-0.00,-3.90,-6.90,0.00,0.00,15.18
2026-STL-0429,Order,114-1001312-2186125,2026-04-29,PF-VEGAN-CHOC,1,39.99,0.00,-0.00,-6.00,-6.10,0.00,0.00,27.89
2026-STL-0429,Order,114-1001400-6485409,2026-04-29,PF-ELECTRO-CIT,1,21.99,0.00,-0.00,-3.30,-3.95,0.00,0.00,14.74
2026-STL-0429,Order,114-1001401-2283746,2026-04-29,PF-ELECTRO-CIT,1,21.99,0.00,-0.00,-3.30,-3.95,0.00,0.00,14.74
2026-STL-0429,Order,114-1001402-8818548,2026-04-29,PF-ELECTRO-CIT,1,21.99,0.00,-0.00,-3.30,-3.95,0.00,0.00,14.74
2026-STL-0429,Order,114-1001581-7061063,2026-04-29,GT-SERUM-VITC,1,28.99,0.00,-0.00,-4.35,-3.55,0.00,0.00,21.09
2026-STL-0429,Order,114-1001582-7913101,2026-04-29,GT-SERUM-VITC,1,28.99,0.00,-0.00,-4.35,-3.55,0.00,0.00,21.09
2026-STL-0429,Order,114-1001583-8990200,2026-04-29,GT-SERUM-VITC,1,28.99,0.00,-2.90,-3.91,-3.55,0.00,0.00,18.63
2026-STL-0429,Order,114-1001972-9951610,2026-04-29,GT-SERUM-HA,1,24.99,0.00,-0.00,-3.75,-3.55,0.00,0.00,17.69
2026-STL-0429,Order,114-1001973-5236674,2026-04-29,GT-SERUM-HA,1,24.99,0.00,-0.00,-3.75,-3.55,0.00,0.00,17.69
2026-STL-0429,Order,114-1002271-4969777,2026-04-29,GT-MOIST-50ML,1,22.99,0.00,-0.00,-3.45,-3.60,0.00,0.00,15.94
2026-STL-0429,Order,114-1002455-5651273,2026-04-29,GT-CLEANSE-150,1,16.99,0.00,-0.00,-2.55,-3.70,0.00,0.00,10.74
2026-STL-0429,Order,114-1002456-8942448,2026-04-29,GT-CLEANSE-150,1,16.99,0.00,-0.00,-2.55,-3.70,0.00,0.00,10.74
2026-STL-0429,Order,114-1002608-3223802,2026-04-29,GT-MASK-CLAY,2,29.98,0.00,-0.00,-4.50,-7.70,0.00,0.00,17.78
2026-STL-0429,Order,114-1002733-8386086,2026-04-29,GT-EYE-CREAM,1,26.99,0.00,-0.00,-4.05,-3.50,0.00,0.00,19.44
2026-STL-0429,Order,114-1003017-4340730,2026-04-29,GT-ROLLER-JADE,1,13.99,0.00,-1.40,-1.89,-3.40,0.00,0.00,7.30
2026-STL-0429,Order,114-1003151-9226877,2026-04-29,PH-CHEW-BULLY-6,1,29.99,0.00,-0.00,-4.50,-4.60,0.00,0.00,20.89
2026-STL-0429,Order,114-1003152-9826283,2026-04-29,PH-CHEW-BULLY-6,1,29.99,0.00,-0.00,-4.50,-4.60,0.00,0.00,20.89
2026-STL-0429,Order,114-1003420-1427572,2026-04-29,PH-TREAT-SALMON,1,18.99,0.00,-0.00,-2.85,-3.90,0.00,0.00,12.24
2026-STL-0429,Refund,114-1003840-8305164,2026-04-29,PH-TOY-ROPE-L,-1,-13.99,0.00,1.40,1.51,0.00,0.00,0.00,-11.08
2026-STL-0429,Order,114-1003854-5497120,2026-04-29,PH-TOY-ROPE-L,1,13.99,0.00,-1.40,-1.89,-3.75,0.00,0.00,6.95
2026-STL-0429,Order,114-1004122-6254989,2026-04-29,PH-BRUSH-DBL,1,12.99,0.00,-0.00,-1.95,-3.45,0.00,0.00,7.59
2026-STL-0429,Order,114-1004278-9936187,2026-04-29,PH-DENTAL-30CT,1,21.99,0.00,-4.40,-2.64,-4.10,0.00,0.00,10.85
2026-STL-0429,Order,114-1004279-3254876,2026-04-29,PH-DENTAL-30CT,1,21.99,0.00,-0.00,-3.30,-4.10,0.00,0.00,14.59
2026-STL-0430,Order,114-1000084-1463060,2026-04-30,PF-WHEY-CHOC,3,134.97,0.00,-0.00,-20.25,-18.30,0.00,0.00,96.42
2026-STL-0430,Order,114-1000085-5453786,2026-04-30,PF-WHEY-CHOC,3,134.97,0.00,-0.00,-20.25,-18.30,0.00,0.00,96.42
2026-STL-0430,Order,114-1000086-6262632,2026-04-30,PF-WHEY-CHOC,1,44.99,0.00,-0.00,-6.75,-6.10,0.00,0.00,32.14
2026-STL-0430,Order,114-1000087-4188992,2026-04-30,PF-WHEY-CHOC,3,134.97,0.00,-0.00,-20.25,-18.30,0.00,0.00,96.42
2026-STL-0430,Order,114-1000384-6357240,2026-04-30,PF-WHEY-VAN,1,44.99,0.00,-4.50,-6.07,-6.10,0.00,0.00,28.32
2026-STL-0430,Order,114-1000808-1915467,2026-04-30,PF-CREATINE-300,1,24.99,0.00,-0.00,-3.75,-4.05,0.00,0.00,17.19
2026-STL-0430,Order,114-1000809-9318729,2026-04-30,PF-CREATINE-300,1,24.99,0.00,-2.50,-3.37,-4.05,0.00,0.00,15.07
2026-STL-0430,Order,114-1000810-5041494,2026-04-30,PF-CREATINE-300,1,24.99,0.00,-0.00,-3.75,-4.05,0.00,0.00,17.19
2026-STL-0430,Order,114-1001096-4554677,2026-04-30,PF-BCAA-LEMON,1,27.99,0.00,-0.00,-4.20,-4.20,0.00,0.00,19.59
2026-STL-0430,Order,114-1001201-9292896,2026-04-30,PF-SHAKER-28,1,12.99,0.00,-0.00,-1.95,-3.45,0.00,0.00,7.59
2026-STL-0430,Order,114-1001202-3330636,2026-04-30,PF-SHAKER-28,1,12.99,0.00,-0.00,-1.95,-3.45,0.00,0.00,7.59
2026-STL-0430,Order,114-1001584-7757085,2026-04-30,GT-SERUM-VITC,1,28.99,0.00,-0.00,-4.35,-3.55,0.00,0.00,21.09
2026-STL-0430,Order,114-1001585-5424046,2026-04-30,GT-SERUM-VITC,1,28.99,0.00,-0.00,-4.35,-3.55,0.00,0.00,21.09
2026-STL-0430,Order,114-1001586-9213136,2026-04-30,GT-SERUM-VITC,1,28.99,0.00,-5.80,-3.48,-3.55,0.00,0.00,16.16
2026-STL-0430,Order,114-1001587-9485679,2026-04-30,GT-SERUM-VITC,1,28.99,0.00,-0.00,-4.35,-3.55,0.00,0.00,21.09
2026-STL-0430,Order,114-1001974-7140662,2026-04-30,GT-SERUM-HA,1,24.99,0.00,-0.00,-3.75,-3.55,0.00,0.00,17.69
2026-STL-0430,Order,114-1001975-2135960,2026-04-30,GT-SERUM-HA,1,24.99,0.00,-2.50,-3.37,-3.55,0.00,0.00,15.57
2026-STL-0430,Order,114-1001976-1366999,2026-04-30,GT-SERUM-HA,1,24.99,0.00,-5.00,-3.00,-3.55,0.00,0.00,13.44
2026-STL-0430,Order,114-1002272-7443851,2026-04-30,GT-MOIST-50ML,2,45.98,0.00,-0.00,-6.90,-7.20,0.00,0.00,31.88
2026-STL-0430,Order,114-1002457-3457722,2026-04-30,GT-CLEANSE-150,1,16.99,0.00,-1.70,-2.29,-3.70,0.00,0.00,9.30
2026-STL-0430,Order,114-1002458-2305056,2026-04-30,GT-CLEANSE-150,1,16.99,0.00,-0.00,-2.55,-3.70,0.00,0.00,10.74
2026-STL-0430,Order,114-1002609-9007468,2026-04-30,GT-MASK-CLAY,1,14.99,0.00,-0.00,-2.25,-3.85,0.00,0.00,8.89
2026-STL-0430,Order,114-1002865-4307323,2026-04-30,GT-SPF30-TINT,2,47.98,0.00,-0.00,-7.20,-7.20,0.00,0.00,33.58
2026-STL-0430,Order,114-1003018-3963386,2026-04-30,GT-ROLLER-JADE,1,13.99,0.00,-0.00,-2.10,-3.40,0.00,0.00,8.49
2026-STL-0430,Order,114-1003153-8756720,2026-04-30,PH-CHEW-BULLY-6,1,29.99,0.00,-0.00,-4.50,-4.60,0.00,0.00,20.89
2026-STL-0430,Order,114-1003154-9638445,2026-04-30,PH-CHEW-BULLY-6,1,29.99,0.00,-0.00,-4.50,-4.60,0.00,0.00,20.89
2026-STL-0430,Order,114-1003421-5916304,2026-04-30,PH-TREAT-SALMON,1,18.99,0.00,-0.00,-2.85,-3.90,0.00,0.00,12.24
2026-STL-0430,Order,114-1003422-1911397,2026-04-30,PH-TREAT-SALMON,1,18.99,0.00,-0.00,-2.85,-3.90,0.00,0.00,12.24
2026-STL-0430,Order,114-1003423-9754480,2026-04-30,PH-TREAT-SALMON,1,18.99,0.00,-1.90,-2.56,-3.90,0.00,0.00,10.63
2026-STL-0430,Order,114-1003424-7897700,2026-04-30,PH-TREAT-SALMON,1,18.99,0.00,-0.00,-2.85,-3.90,0.00,0.00,12.24
2026-STL-0430,Order,114-1003703-9501404,2026-04-30,PH-SHAMPOO-OAT,1,15.99,0.00,-0.00,-2.40,-3.95,0.00,0.00,9.64
2026-STL-0430,Order,114-1003855-3268836,2026-04-30,PH-TOY-ROPE-L,1,13.99,0.00,-0.00,-2.10,-3.75,0.00,0.00,8.14
2026-STL-0430,Order,114-1003856-6995244,2026-04-30,PH-TOY-ROPE-L,2,27.98,0.00,-0.00,-4.20,-7.50,0.00,0.00,16.28
2026-STL-0430,Order,114-1004018-5218246,2026-04-30,PH-BED-MED-GRY,1,42.99,0.00,-0.00,-6.45,-12.40,0.00,0.00,24.14
2026-STL-0430,Order,114-1004123-7664932,2026-04-30,PH-BRUSH-DBL,1,12.99,0.00,-1.30,-1.75,-3.45,0.00,0.00,6.49
2026-STL-0430,Order,114-1004280-8157024,2026-04-30,PH-DENTAL-30CT,1,21.99,0.00,-0.00,-3.30,-4.10,0.00,0.00,14.59
2026-STL-0430,Order,114-1004281-9976003,2026-04-30,PH-DENTAL-30CT,1,21.99,0.00,-0.00,-3.30,-4.10,0.00,0.00,14.59
2026-STL-0430,Order,114-1004282-1716663,2026-04-30,PH-DENTAL-30CT,2,43.98,0.00,-0.00,-6.60,-8.20,0.00,0.00,29.18
2026-STL-0501,Order,114-1000088-4305700,2026-05-01,PF-WHEY-CHOC,2,89.98,0.00,-0.00,-13.50,-12.20,0.00,0.00,64.28
2026-STL-0501,Order,114-1000089-6539837,2026-05-01,PF-WHEY-CHOC,1,44.99,0.00,-0.00,-6.75,-6.10,0.00,0.00,32.14
2026-STL-0501,Order,114-1000090-6038571,2026-05-01,PF-WHEY-CHOC,1,44.99,0.00,-0.00,-6.75,-6.10,0.00,0.00,32.14
2026-STL-0501,Order,114-1000385-3193891,2026-05-01,PF-WHEY-VAN,2,89.98,0.00,-18.00,-10.80,-12.20,0.00,0.00,48.98
2026-STL-0501,Order,114-1000386-5055688,2026-05-01,PF-WHEY-VAN,1,44.99,0.00,-0.00,-6.75,-6.10,0.00,0.00,32.14
2026-STL-0501,Order,114-1000586-8691502,2026-05-01,PF-PREWKT-BERRY,1,32.99,0.00,-0.00,-4.95,-4.35,0.00,0.00,23.69
2026-STL-0501,Order,114-1000587-9966154,2026-05-01,PF-PREWKT-BERRY,1,32.99,0.00,-3.30,-4.45,-4.35,0.00,0.00,20.89
2026-STL-0501,Order,114-1000588-9299939,2026-05-01,PF-PREWKT-BERRY,3,98.97,0.00,-9.90,-13.36,-13.05,0.00,0.00,62.66
2026-STL-0501,Order,114-1000811-7352484,2026-05-01,PF-CREATINE-300,1,24.99,0.00,-0.00,-3.75,-4.05,0.00,0.00,17.19
2026-STL-0501,Order,114-1000812-8517846,2026-05-01,PF-CREATINE-300,1,24.99,0.00,-0.00,-3.75,-4.05,0.00,0.00,17.19
2026-STL-0501,Order,114-1000813-9344540,2026-05-01,PF-CREATINE-300,1,24.99,0.00,-0.00,-3.75,-4.05,0.00,0.00,17.19
2026-STL-0501,Order,114-1000814-1601160,2026-05-01,PF-CREATINE-300,1,24.99,0.00,-0.00,-3.75,-4.05,0.00,0.00,17.19
2026-STL-0501,Order,114-1001203-1003092,2026-05-01,PF-SHAKER-28,2,25.98,0.00,-0.00,-3.90,-6.90,0.00,0.00,15.18
2026-STL-0501,Order,114-1001204-5890613,2026-05-01,PF-SHAKER-28,1,12.99,0.00,-0.00,-1.95,-3.45,0.00,0.00,7.59
2026-STL-0501,Order,114-1001588-2980687,2026-05-01,GT-SERUM-VITC,1,28.99,0.00,-2.90,-3.91,-3.55,0.00,0.00,18.63
2026-STL-0501,Order,114-1001589-3631333,2026-05-01,GT-SERUM-VITC,1,28.99,0.00,-0.00,-4.35,-3.55,0.00,0.00,21.09
2026-STL-0501,Order,114-1001590-7855503,2026-05-01,GT-SERUM-VITC,1,28.99,0.00,-5.80,-3.48,-3.55,0.00,0.00,16.16
2026-STL-0501,Order,114-1001591-9770751,2026-05-01,GT-SERUM-VITC,1,28.99,0.00,-0.00,-4.35,-3.55,0.00,0.00,21.09
2026-STL-0501,Order,114-1001977-5859627,2026-05-01,GT-SERUM-HA,1,24.99,0.00,-5.00,-3.00,-3.55,0.00,0.00,13.44
2026-STL-0501,Refund,114-1002250-2126456,2026-05-01,GT-MOIST-50ML,-1,-22.99,0.00,0.00,2.76,0.00,0.00,0.00,-20.23
2026-STL-0501,Order,114-1002273-2222751,2026-05-01,GT-MOIST-50ML,1,22.99,0.00,-0.00,-3.45,-3.60,0.00,0.00,15.94
2026-STL-0501,Order,114-1002274-1494247,2026-05-01,GT-MOIST-50ML,1,22.99,0.00,-0.00,-3.45,-3.60,0.00,0.00,15.94
2026-STL-0501,Order,114-1002459-8376757,2026-05-01,GT-CLEANSE-150,1,16.99,0.00,-0.00,-2.55,-3.70,0.00,0.00,10.74
2026-STL-0501,Order,114-1002866-9300525,2026-05-01,GT-SPF30-TINT,2,47.98,0.00,-0.00,-7.20,-7.20,0.00,0.00,33.58
2026-STL-0501,Order,114-1003019-6705434,2026-05-01,GT-ROLLER-JADE,1,13.99,0.00,-0.00,-2.10,-3.40,0.00,0.00,8.49
2026-STL-0501,Order,114-1003020-8460264,2026-05-01,GT-ROLLER-JADE,1,13.99,0.00,-0.00,-2.10,-3.40,0.00,0.00,8.49
2026-STL-0501,Order,114-1003155-3731440,2026-05-01,PH-CHEW-BULLY-6,1,29.99,0.00,-3.00,-4.05,-4.60,0.00,0.00,18.34
2026-STL-0501,Order,114-1003425-5694268,2026-05-01,PH-TREAT-SALMON,1,18.99,0.00,-0.00,-2.85,-3.90,0.00,0.00,12.24
2026-STL-0501,Order,114-1003426-5722802,2026-05-01,PH-TREAT-SALMON,2,37.98,0.00,-0.00,-5.70,-7.80,0.00,0.00,24.48
2026-STL-0501,Order,114-1003427-3344288,2026-05-01,PH-TREAT-SALMON,1,18.99,0.00,-1.90,-2.56,-3.90,0.00,0.00,10.63
2026-STL-0501,Order,114-1003704-5382525,2026-05-01,PH-SHAMPOO-OAT,1,15.99,0.00,-0.00,-2.40,-3.95,0.00,0.00,9.64
2026-STL-0501,Order,114-1003857-8007520,2026-05-01,PH-TOY-ROPE-L,1,13.99,0.00,-0.00,-2.10,-3.75,0.00,0.00,8.14
2026-STL-0501,Order,114-1003858-6360447,2026-05-01,PH-TOY-ROPE-L,1,13.99,0.00,-0.00,-2.10,-3.75,0.00,0.00,8.14
2026-STL-0501,Order,114-1004019-8182645,2026-05-01,PH-BED-MED-GRY,1,42.99,0.00,-0.00,-6.45,-12.40,0.00,0.00,24.14
2026-STL-0501,Order,114-1004283-7718619,2026-05-01,PH-DENTAL-30CT,1,21.99,0.00,-0.00,-3.30,-4.10,0.00,0.00,14.59
2026-STL-0501,Order,114-1004284-9907521,2026-05-01,PH-DENTAL-30CT,1,21.99,0.00,-0.00,-3.30,-4.10,0.00,0.00,14.59
2026-STL-0501,Order,114-1004285-8379807,2026-05-01,PH-DENTAL-30CT,1,21.99,0.00,-0.00,-3.30,-4.10,0.00,0.00,14.59
2026-STL-0502,Order,114-1000091-5960271,2026-05-02,PF-WHEY-CHOC,1,44.99,0.00,-0.00,-6.75,-6.10,0.00,0.00,32.14
2026-STL-0502,Order,114-1000092-7361002,2026-05-02,PF-WHEY-CHOC,1,44.99,0.00,-0.00,-6.75,-6.10,0.00,0.00,32.14
2026-STL-0502,Order,114-1000093-6049101,2026-05-02,PF-WHEY-CHOC,2,89.98,0.00,-0.00,-13.50,-12.20,0.00,0.00,64.28
2026-STL-0502,Order,114-1000387-7444964,2026-05-02,PF-WHEY-VAN,1,44.99,0.00,-0.00,-6.75,-6.10,0.00,0.00,32.14
2026-STL-0502,Order,114-1000388-3679315,2026-05-02,PF-WHEY-VAN,1,44.99,0.00,-9.00,-5.40,-6.10,0.00,0.00,24.49
2026-STL-0502,Order,114-1000589-3191007,2026-05-02,PF-PREWKT-BERRY,2,65.98,0.00,-0.00,-9.90,-8.70,0.00,0.00,47.38
2026-STL-0502,Order,114-1000590-1812172,2026-05-02,PF-PREWKT-BERRY,1,32.99,0.00,-0.00,-4.95,-4.35,0.00,0.00,23.69
2026-STL-0502,Order,114-1000815-6110305,2026-05-02,PF-CREATINE-300,1,24.99,0.00,-0.00,-3.75,-4.05,0.00,0.00,17.19
2026-STL-0502,Order,114-1000816-8653898,2026-05-02,PF-CREATINE-300,1,24.99,0.00,-0.00,-3.75,-4.05,0.00,0.00,17.19
2026-STL-0502,Order,114-1000817-4739945,2026-05-02,PF-CREATINE-300,1,24.99,0.00,-0.00,-3.75,-4.05,0.00,0.00,17.19
2026-STL-0502,Order,114-1000818-8937865,2026-05-02,PF-CREATINE-300,1,24.99,0.00,-0.00,-3.75,-4.05,0.00,0.00,17.19
2026-STL-0502,Order,114-1001097-3371416,2026-05-02,PF-BCAA-LEMON,1,27.99,0.00,-0.00,-4.20,-4.20,0.00,0.00,19.59
2026-STL-0502,Order,114-1001205-6109503,2026-05-02,PF-SHAKER-28,1,12.99,0.00,-0.00,-1.95,-3.45,0.00,0.00,7.59
2026-STL-0502,Order,114-1001403-1530135,2026-05-02,PF-ELECTRO-CIT,2,43.98,0.00,-0.00,-6.60,-7.90,0.00,0.00,29.48
2026-STL-0502,Order,114-1001592-6087859,2026-05-02,GT-SERUM-VITC,1,28.99,0.00,-5.80,-3.48,-3.55,0.00,0.00,16.16
2026-STL-0502,Order,114-1001593-8075907,2026-05-02,GT-SERUM-VITC,1,28.99,0.00,-0.00,-4.35,-3.55,0.00,0.00,21.09
2026-STL-0502,Order,114-1001594-4071524,2026-05-02,GT-SERUM-VITC,1,28.99,0.00,-0.00,-4.35,-3.55,0.00,0.00,21.09
2026-STL-0502,Order,114-1001595-6849358,2026-05-02,GT-SERUM-VITC,1,28.99,0.00,-0.00,-4.35,-3.55,0.00,0.00,21.09
2026-STL-0502,Order,114-1001978-9305156,2026-05-02,GT-SERUM-HA,1,24.99,0.00,-2.50,-3.37,-3.55,0.00,0.00,15.57
2026-STL-0502,Order,114-1001979-3776934,2026-05-02,GT-SERUM-HA,2,49.98,0.00,-10.00,-6.00,-7.10,0.00,0.00,26.88
2026-STL-0502,Order,114-1001980-7547256,2026-05-02,GT-SERUM-HA,1,24.99,0.00,-0.00,-3.75,-3.55,0.00,0.00,17.69
2026-STL-0502,Order,114-1001981-3684405,2026-05-02,GT-SERUM-HA,1,24.99,0.00,-0.00,-3.75,-3.55,0.00,0.00,17.69
2026-STL-0502,Order,114-1001982-9603283,2026-05-02,GT-SERUM-HA,1,24.99,0.00,-0.00,-3.75,-3.55,0.00,0.00,17.69
2026-STL-0502,Order,114-1001983-6090377,2026-05-02,GT-SERUM-HA,1,24.99,0.00,-0.00,-3.75,-3.55,0.00,0.00,17.69
2026-STL-0502,Order,114-1002275-7335562,2026-05-02,GT-MOIST-50ML,1,22.99,0.00,-0.00,-3.45,-3.60,0.00,0.00,15.94
2026-STL-0502,Order,114-1002276-4283602,2026-05-02,GT-MOIST-50ML,1,22.99,0.00,-0.00,-3.45,-3.60,0.00,0.00,15.94
2026-STL-0502,Order,114-1002460-7597584,2026-05-02,GT-CLEANSE-150,1,16.99,0.00,-0.00,-2.55,-3.70,0.00,0.00,10.74
2026-STL-0502,Order,114-1002610-4295478,2026-05-02,GT-MASK-CLAY,1,14.99,0.00,-0.00,-2.25,-3.85,0.00,0.00,8.89
2026-STL-0502,Order,114-1002734-1430177,2026-05-02,GT-EYE-CREAM,1,26.99,0.00,-0.00,-4.05,-3.50,0.00,0.00,19.44
2026-STL-0502,Order,114-1002735-6519070,2026-05-02,GT-EYE-CREAM,1,26.99,0.00,-0.00,-4.05,-3.50,0.00,0.00,19.44
2026-STL-0502,Order,114-1002736-8660865,2026-05-02,GT-EYE-CREAM,2,53.98,0.00,-5.40,-7.29,-7.00,0.00,0.00,34.29
2026-STL-0502,Order,114-1002867-7127307,2026-05-02,GT-SPF30-TINT,1,23.99,0.00,-4.80,-2.88,-3.60,0.00,0.00,12.71
2026-STL-0502,Order,114-1002868-9731393,2026-05-02,GT-SPF30-TINT,1,23.99,0.00,-0.00,-3.60,-3.60,0.00,0.00,16.79
2026-STL-0502,Order,114-1002869-3799814,2026-05-02,GT-SPF30-TINT,1,23.99,0.00,-0.00,-3.60,-3.60,0.00,0.00,16.79
2026-STL-0502,Order,114-1003021-1397254,2026-05-02,GT-ROLLER-JADE,1,13.99,0.00,-0.00,-2.10,-3.40,0.00,0.00,8.49
2026-STL-0502,Order,114-1003156-9537520,2026-05-02,PH-CHEW-BULLY-6,1,29.99,0.00,-0.00,-4.50,-4.60,0.00,0.00,20.89
2026-STL-0502,Order,114-1003157-8012366,2026-05-02,PH-CHEW-BULLY-6,1,29.99,0.00,-3.00,-4.05,-4.60,0.00,0.00,18.34
2026-STL-0502,Order,114-1003428-1326526,2026-05-02,PH-TREAT-SALMON,1,18.99,0.00,-0.00,-2.85,-3.90,0.00,0.00,12.24
2026-STL-0502,Order,114-1003429-8954738,2026-05-02,PH-TREAT-SALMON,1,18.99,0.00,-1.90,-2.56,-3.90,0.00,0.00,10.63
2026-STL-0502,Order,114-1003430-2120619,2026-05-02,PH-TREAT-SALMON,2,37.98,0.00,-7.60,-4.56,-7.80,0.00,0.00,18.02
2026-STL-0502,Order,114-1003705-3082334,2026-05-02,PH-SHAMPOO-OAT,1,15.99,0.00,-0.00,-2.40,-3.95,0.00,0.00,9.64
2026-STL-0502,Order,114-1003706-1982944,2026-05-02,PH-SHAMPOO-OAT,1,15.99,0.00,-0.00,-2.40,-3.95,0.00,0.00,9.64
2026-STL-0502,Order,114-1003707-5133847,2026-05-02,PH-SHAMPOO-OAT,1,15.99,0.00,-3.20,-1.92,-3.95,0.00,0.00,6.92
2026-STL-0502,Order,114-1003859-5355863,2026-05-02,PH-TOY-ROPE-L,1,13.99,0.00,-1.40,-1.89,-3.75,0.00,0.00,6.95
2026-STL-0502,Order,114-1003860-8349455,2026-05-02,PH-TOY-ROPE-L,2,27.98,0.00,-0.00,-4.20,-7.50,0.00,0.00,16.28
2026-STL-0502,Order,114-1004124-7947694,2026-05-02,PH-BRUSH-DBL,2,25.98,0.00,-0.00,-3.90,-6.90,0.00,0.00,15.18
2026-STL-0502,Order,114-1004286-7726711,2026-05-02,PH-DENTAL-30CT,1,21.99,0.00,-0.00,-3.30,-4.10,0.00,0.00,14.59
2026-STL-0502,Order,114-1004287-2012566,2026-05-02,PH-DENTAL-30CT,1,21.99,0.00,-0.00,-3.30,-4.10,0.00,0.00,14.59
2026-STL-0502,Order,114-1004288-8217588,2026-05-02,PH-DENTAL-30CT,1,21.99,0.00,-0.00,-3.30,-4.10,0.00,0.00,14.59
2026-STL-0503,Order,114-1000094-6406444,2026-05-03,PF-WHEY-CHOC,1,44.99,0.00,-0.00,-6.75,-6.10,0.00,0.00,32.14
2026-STL-0503,Order,114-1000095-8938746,2026-05-03,PF-WHEY-CHOC,1,44.99,0.00,-0.00,-6.75,-6.10,0.00,0.00,32.14
2026-STL-0503,Order,114-1000096-2422633,2026-05-03,PF-WHEY-CHOC,2,89.98,0.00,-0.00,-13.50,-12.20,0.00,0.00,64.28
2026-STL-0503,Order,114-1000097-2566777,2026-05-03,PF-WHEY-CHOC,1,44.99,0.00,-0.00,-6.75,-6.10,0.00,0.00,32.14
2026-STL-0503,Order,114-1000389-4184887,2026-05-03,PF-WHEY-VAN,2,89.98,0.00,-0.00,-13.50,-12.20,0.00,0.00,64.28
2026-STL-0503,Order,114-1000390-9367799,2026-05-03,PF-WHEY-VAN,1,44.99,0.00,-0.00,-6.75,-6.10,0.00,0.00,32.14
2026-STL-0503,Order,114-1000391-7597509,2026-05-03,PF-WHEY-VAN,1,44.99,0.00,-0.00,-6.75,-6.10,0.00,0.00,32.14
2026-STL-0503,Order,114-1000591-3650523,2026-05-03,PF-PREWKT-BERRY,1,32.99,0.00,-3.30,-4.45,-4.35,0.00,0.00,20.89
2026-STL-0503,Order,114-1000819-2634721,2026-05-03,PF-CREATINE-300,1,24.99,0.00,-0.00,-3.75,-4.05,0.00,0.00,17.19
2026-STL-0503,Order,114-1000820-5898671,2026-05-03,PF-CREATINE-300,1,24.99,0.00,-0.00,-3.75,-4.05,0.00,0.00,17.19
2026-STL-0503,Order,114-1000821-3754070,2026-05-03,PF-CREATINE-300,1,24.99,0.00,-0.00,-3.75,-4.05,0.00,0.00,17.19
2026-STL-0503,Order,114-1000822-7865417,2026-05-03,PF-CREATINE-300,2,49.98,0.00,-0.00,-7.50,-8.10,0.00,0.00,34.38
2026-STL-0503,Order,114-1001098-5285846,2026-05-03,PF-BCAA-LEMON,2,55.98,0.00,-0.00,-8.40,-8.40,0.00,0.00,39.18
2026-STL-0503,Order,114-1001206-6775801,2026-05-03,PF-SHAKER-28,2,25.98,0.00,-0.00,-3.90,-6.90,0.00,0.00,15.18
2026-STL-0503,Order,114-1001404-8551685,2026-05-03,PF-ELECTRO-CIT,2,43.98,0.00,-0.00,-6.60,-7.90,0.00,0.00,29.48
2026-STL-0503,Order,114-1001405-1551295,2026-05-03,PF-ELECTRO-CIT,1,21.99,0.00,-0.00,-3.30,-3.95,0.00,0.00,14.74
2026-STL-0503,Order,114-1001596-6667733,2026-05-03,GT-SERUM-VITC,1,28.99,0.00,-0.00,-4.35,-3.55,0.00,0.00,21.09
2026-STL-0503,Order,114-1001597-3228175,2026-05-03,GT-SERUM-VITC,1,28.99,0.00,-0.00,-4.35,-3.55,0.00,0.00,21.09
2026-STL-0503,Order,114-1001598-8548562,2026-05-03,GT-SERUM-VITC,1,28.99,0.00,-0.00,-4.35,-3.55,0.00,0.00,21.09
2026-STL-0503,Order,114-1001599-2498456,2026-05-03,GT-SERUM-VITC,1,28.99,0.00,-0.00,-4.35,-3.55,0.00,0.00,21.09
2026-STL-0503,Order,114-1001600-4906109,2026-05-03,GT-SERUM-VITC,1,28.99,0.00,-0.00,-4.35,-3.55,0.00,0.00,21.09
2026-STL-0503,Order,114-1001601-8433920,2026-05-03,GT-SERUM-VITC,1,28.99,0.00,-0.00,-4.35,-3.55,0.00,0.00,21.09
2026-STL-0503,Order,114-1001984-2998223,2026-05-03,GT-SERUM-HA,1,24.99,0.00,-0.00,-3.75,-3.55,0.00,0.00,17.69
2026-STL-0503,Order,114-1001985-1655832,2026-05-03,GT-SERUM-HA,1,24.99,0.00,-0.00,-3.75,-3.55,0.00,0.00,17.69
2026-STL-0503,Order,114-1001986-3230889,2026-05-03,GT-SERUM-HA,2,49.98,0.00,-0.00,-7.50,-7.10,0.00,0.00,35.38
2026-STL-0503,Order,114-1001987-5177662,2026-05-03,GT-SERUM-HA,1,24.99,0.00,-0.00,-3.75,-3.55,0.00,0.00,17.69
2026-STL-0503,Order,114-1002277-9867252,2026-05-03,GT-MOIST-50ML,1,22.99,0.00,-0.00,-3.45,-3.60,0.00,0.00,15.94
2026-STL-0503,Order,114-1002278-2614070,2026-05-03,GT-MOIST-50ML,1,22.99,0.00,-0.00,-3.45,-3.60,0.00,0.00,15.94
2026-STL-0503,Order,114-1002461-6230495,2026-05-03,GT-CLEANSE-150,1,16.99,0.00,-0.00,-2.55,-3.70,0.00,0.00,10.74
2026-STL-0503,Order,114-1002462-4588635,2026-05-03,GT-CLEANSE-150,1,16.99,0.00,-0.00,-2.55,-3.70,0.00,0.00,10.74
2026-STL-0503,Order,114-1002737-6772196,2026-05-03,GT-EYE-CREAM,1,26.99,0.00,-2.70,-3.64,-3.50,0.00,0.00,17.15
2026-STL-0503,Order,114-1002870-1678734,2026-05-03,GT-SPF30-TINT,1,23.99,0.00,-0.00,-3.60,-3.60,0.00,0.00,16.79
2026-STL-0503,Order,114-1002871-2346274,2026-05-03,GT-SPF30-TINT,3,71.97,0.00,-0.00,-10.80,-10.80,0.00,0.00,50.37
2026-STL-0503,Order,114-1003022-1344563,2026-05-03,GT-ROLLER-JADE,1,13.99,0.00,-0.00,-2.10,-3.40,0.00,0.00,8.49
2026-STL-0503,Order,114-1003158-5037961,2026-05-03,PH-CHEW-BULLY-6,1,29.99,0.00,-0.00,-4.50,-4.60,0.00,0.00,20.89
2026-STL-0503,Order,114-1003159-1985629,2026-05-03,PH-CHEW-BULLY-6,1,29.99,0.00,-0.00,-4.50,-4.60,0.00,0.00,20.89
2026-STL-0503,Order,114-1003160-8531631,2026-05-03,PH-CHEW-BULLY-6,1,29.99,0.00,-0.00,-4.50,-4.60,0.00,0.00,20.89
2026-STL-0503,Order,114-1003431-9790949,2026-05-03,PH-TREAT-SALMON,1,18.99,0.00,-0.00,-2.85,-3.90,0.00,0.00,12.24
2026-STL-0503,Order,114-1003432-4329258,2026-05-03,PH-TREAT-SALMON,1,18.99,0.00,-3.80,-2.28,-3.90,0.00,0.00,9.01
2026-STL-0503,Order,114-1003708-2318795,2026-05-03,PH-SHAMPOO-OAT,1,15.99,0.00,-0.00,-2.40,-3.95,0.00,0.00,9.64
2026-STL-0503,Order,114-1003861-8431337,2026-05-03,PH-TOY-ROPE-L,2,27.98,0.00,-0.00,-4.20,-7.50,0.00,0.00,16.28
2026-STL-0503,Order,114-1003862-1830765,2026-05-03,PH-TOY-ROPE-L,2,27.98,0.00,-0.00,-4.20,-7.50,0.00,0.00,16.28
2026-STL-0503,Order,114-1003863-7143103,2026-05-03,PH-TOY-ROPE-L,1,13.99,0.00,-0.00,-2.10,-3.75,0.00,0.00,8.14
2026-STL-0503,Order,114-1004020-6535614,2026-05-03,PH-BED-MED-GRY,1,42.99,0.00,-0.00,-6.45,-12.40,0.00,0.00,24.14
2026-STL-0503,Order,114-1004125-8955173,2026-05-03,PH-BRUSH-DBL,1,12.99,0.00,-1.30,-1.75,-3.45,0.00,0.00,6.49
2026-STL-0503,Order,114-1004289-6608828,2026-05-03,PH-DENTAL-30CT,1,21.99,0.00,-0.00,-3.30,-4.10,0.00,0.00,14.59
2026-STL-0503,Order,114-1004290-9176265,2026-05-03,PH-DENTAL-30CT,2,43.98,0.00,-0.00,-6.60,-8.20,0.00,0.00,29.18
2026-STL-0504,Refund,114-1000060-2217071,2026-05-04,PF-WHEY-CHOC,-1,-44.99,0.00,0.00,5.40,0.00,0.00,0.00,-39.59
2026-STL-0504,Order,114-1000098-4768844,2026-05-04,PF-WHEY-CHOC,1,44.99,0.00,-0.00,-6.75,-6.10,0.00,0.00,32.14
2026-STL-0504,Order,114-1000099-8971465,2026-05-04,PF-WHEY-CHOC,1,44.99,0.00,-0.00,-6.75,-6.10,0.00,0.00,32.14
2026-STL-0504,Order,114-1000100-4262081,2026-05-04,PF-WHEY-CHOC,1,44.99,0.00,-0.00,-6.75,-6.10,0.00,0.00,32.14
2026-STL-0504,Order,114-1000392-9302946,2026-05-04,PF-WHEY-VAN,1,44.99,0.00,-0.00,-6.75,-6.10,0.00,0.00,32.14
2026-STL-0504,Order,114-1000393-5794062,2026-05-04,PF-WHEY-VAN,2,89.98,0.00,-0.00,-13.50,-12.20,0.00,0.00,64.28
2026-STL-0504,Order,114-1000394-5437118,2026-05-04,PF-WHEY-VAN,2,89.98,0.00,-0.00,-13.50,-12.20,0.00,0.00,64.28
2026-STL-0504,Order,114-1000592-4394336,2026-05-04,PF-PREWKT-BERRY,1,32.99,0.00,-6.60,-3.96,-4.35,0.00,0.00,18.08
2026-STL-0504,Order,114-1000823-8667959,2026-05-04,PF-CREATINE-300,2,49.98,0.00,-0.00,-7.50,-8.10,0.00,0.00,34.38
2026-STL-0504,Order,114-1000824-7953658,2026-05-04,PF-CREATINE-300,1,24.99,0.00,-0.00,-3.75,-4.05,0.00,0.00,17.19
2026-STL-0504,Order,114-1000825-3067274,2026-05-04,PF-CREATINE-300,1,24.99,0.00,-0.00,-3.75,-4.05,0.00,0.00,17.19
2026-STL-0504,Order,114-1000826-9459031,2026-05-04,PF-CREATINE-300,1,24.99,0.00,-0.00,-3.75,-4.05,0.00,0.00,17.19
2026-STL-0504,Order,114-1001207-5935599,2026-05-04,PF-SHAKER-28,1,12.99,0.00,-1.30,-1.75,-3.45,0.00,0.00,6.49
2026-STL-0504,Order,114-1001313-4475340,2026-05-04,PF-VEGAN-CHOC,1,39.99,0.00,-0.00,-6.00,-6.10,0.00,0.00,27.89
2026-STL-0504,Order,114-1001314-1919587,2026-05-04,PF-VEGAN-CHOC,1,39.99,0.00,-4.00,-5.40,-6.10,0.00,0.00,24.49
2026-STL-0504,Refund,114-1001391-4008109,2026-05-04,PF-ELECTRO-CIT,-1,-21.99,0.00,0.00,2.64,0.00,0.00,0.00,-19.35
2026-STL-0504,Order,114-1001406-8225630,2026-05-04,PF-ELECTRO-CIT,2,43.98,0.00,-0.00,-6.60,-7.90,0.00,0.00,29.48
2026-STL-0504,Order,114-1001602-1416143,2026-05-04,GT-SERUM-VITC,1,28.99,0.00,-2.90,-3.91,-3.55,0.00,0.00,18.63
2026-STL-0504,Order,114-1001603-3076710,2026-05-04,GT-SERUM-VITC,1,28.99,0.00,-0.00,-4.35,-3.55,0.00,0.00,21.09
2026-STL-0504,Order,114-1001604-1887084,2026-05-04,GT-SERUM-VITC,1,28.99,0.00,-5.80,-3.48,-3.55,0.00,0.00,16.16
2026-STL-0504,Order,114-1001605-9432879,2026-05-04,GT-SERUM-VITC,1,28.99,0.00,-0.00,-4.35,-3.55,0.00,0.00,21.09
2026-STL-0504,Order,114-1001606-4015593,2026-05-04,GT-SERUM-VITC,1,28.99,0.00,-2.90,-3.91,-3.55,0.00,0.00,18.63
2026-STL-0504,Order,114-1001988-7192640,2026-05-04,GT-SERUM-HA,1,24.99,0.00,-0.00,-3.75,-3.55,0.00,0.00,17.69
2026-STL-0504,Order,114-1001989-5429825,2026-05-04,GT-SERUM-HA,2,49.98,0.00,-5.00,-6.75,-7.10,0.00,0.00,31.13
2026-STL-0504,Order,114-1001990-6446473,2026-05-04,GT-SERUM-HA,1,24.99,0.00,-0.00,-3.75,-3.55,0.00,0.00,17.69
2026-STL-0504,Order,114-1001991-6964017,2026-05-04,GT-SERUM-HA,1,24.99,0.00,-0.00,-3.75,-3.55,0.00,0.00,17.69
2026-STL-0504,Order,114-1002279-7032432,2026-05-04,GT-MOIST-50ML,1,22.99,0.00,-2.30,-3.10,-3.60,0.00,0.00,13.99
2026-STL-0504,Order,114-1002280-6716187,2026-05-04,GT-MOIST-50ML,1,22.99,0.00,-2.30,-3.10,-3.60,0.00,0.00,13.99
2026-STL-0504,Order,114-1002281-9860962,2026-05-04,GT-MOIST-50ML,1,22.99,0.00,-2.30,-3.10,-3.60,0.00,0.00,13.99
2026-STL-0504,Order,114-1002463-8409604,2026-05-04,GT-CLEANSE-150,1,16.99,0.00,-1.70,-2.29,-3.70,0.00,0.00,9.30
2026-STL-0504,Order,114-1002464-8305024,2026-05-04,GT-CLEANSE-150,1,16.99,0.00,-0.00,-2.55,-3.70,0.00,0.00,10.74
2026-STL-0504,Order,114-1002465-8819455,2026-05-04,GT-CLEANSE-150,1,16.99,0.00,-1.70,-2.29,-3.70,0.00,0.00,9.30
2026-STL-0504,Order,114-1002611-9174374,2026-05-04,GT-MASK-CLAY,1,14.99,0.00,-0.00,-2.25,-3.85,0.00,0.00,8.89
2026-STL-0504,Order,114-1002612-2871060,2026-05-04,GT-MASK-CLAY,1,14.99,0.00,-0.00,-2.25,-3.85,0.00,0.00,8.89
2026-STL-0504,Order,114-1002738-5415321,2026-05-04,GT-EYE-CREAM,1,26.99,0.00,-0.00,-4.05,-3.50,0.00,0.00,19.44
2026-STL-0504,Order,114-1002739-6400269,2026-05-04,GT-EYE-CREAM,1,26.99,0.00,-0.00,-4.05,-3.50,0.00,0.00,19.44
2026-STL-0504,Order,114-1002872-1179145,2026-05-04,GT-SPF30-TINT,1,23.99,0.00,-2.40,-3.24,-3.60,0.00,0.00,14.75
2026-STL-0504,Order,114-1002873-8887321,2026-05-04,GT-SPF30-TINT,1,23.99,0.00,-0.00,-3.60,-3.60,0.00,0.00,16.79
2026-STL-0504,Order,114-1002874-7293837,2026-05-04,GT-SPF30-TINT,1,23.99,0.00,-0.00,-3.60,-3.60,0.00,0.00,16.79
2026-STL-0504,Order,114-1003023-1562655,2026-05-04,GT-ROLLER-JADE,1,13.99,0.00,-0.00,-2.10,-3.40,0.00,0.00,8.49
2026-STL-0504,Order,114-1003024-2093460,2026-05-04,GT-ROLLER-JADE,1,13.99,0.00,-0.00,-2.10,-3.40,0.00,0.00,8.49
2026-STL-0504,Order,114-1003161-6582253,2026-05-04,PH-CHEW-BULLY-6,1,29.99,0.00,-0.00,-4.50,-4.60,0.00,0.00,20.89
2026-STL-0504,Order,114-1003162-8303706,2026-05-04,PH-CHEW-BULLY-6,1,29.99,0.00,-0.00,-4.50,-4.60,0.00,0.00,20.89
2026-STL-0504,Order,114-1003163-6075879,2026-05-04,PH-CHEW-BULLY-6,2,59.98,0.00,-0.00,-9.00,-9.20,0.00,0.00,41.78
2026-STL-0504,Order,114-1003164-1567676,2026-05-04,PH-CHEW-BULLY-6,1,29.99,0.00,-0.00,-4.50,-4.60,0.00,0.00,20.89
2026-STL-0504,Order,114-1003165-1820610,2026-05-04,PH-CHEW-BULLY-6,1,29.99,0.00,-0.00,-4.50,-4.60,0.00,0.00,20.89
2026-STL-0504,Order,114-1003166-4129999,2026-05-04,PH-CHEW-BULLY-6,2,59.98,0.00,-0.00,-9.00,-9.20,0.00,0.00,41.78
2026-STL-0504,Order,114-1003433-3873072,2026-05-04,PH-TREAT-SALMON,2,37.98,0.00,-0.00,-5.70,-7.80,0.00,0.00,24.48
2026-STL-0504,Order,114-1003434-8838194,2026-05-04,PH-TREAT-SALMON,2,37.98,0.00,-0.00,-5.70,-7.80,0.00,0.00,24.48
2026-STL-0504,Order,114-1003435-3756041,2026-05-04,PH-TREAT-SALMON,1,18.99,0.00,-0.00,-2.85,-3.90,0.00,0.00,12.24
2026-STL-0504,Order,114-1003436-7372482,2026-05-04,PH-TREAT-SALMON,1,18.99,0.00,-0.00,-2.85,-3.90,0.00,0.00,12.24
2026-STL-0504,Order,114-1003709-7625083,2026-05-04,PH-SHAMPOO-OAT,1,15.99,0.00,-0.00,-2.40,-3.95,0.00,0.00,9.64
2026-STL-0504,Order,114-1003710-3109953,2026-05-04,PH-SHAMPOO-OAT,1,15.99,0.00,-0.00,-2.40,-3.95,0.00,0.00,9.64
2026-STL-0504,Order,114-1003711-1936359,2026-05-04,PH-SHAMPOO-OAT,1,15.99,0.00,-0.00,-2.40,-3.95,0.00,0.00,9.64
2026-STL-0504,Order,114-1003864-7587916,2026-05-04,PH-TOY-ROPE-L,2,27.98,0.00,-0.00,-4.20,-7.50,0.00,0.00,16.28
2026-STL-0504,Order,114-1003865-6101321,2026-05-04,PH-TOY-ROPE-L,1,13.99,0.00,-0.00,-2.10,-3.75,0.00,0.00,8.14
2026-STL-0504,Order,114-1003866-2988393,2026-05-04,PH-TOY-ROPE-L,1,13.99,0.00,-0.00,-2.10,-3.75,0.00,0.00,8.14
2026-STL-0504,Refund,114-1004012-5104413,2026-05-04,PH-BED-MED-GRY,-1,-42.99,0.00,0.00,5.16,0.00,0.00,0.00,-37.83
2026-STL-0504,Order,114-1004021-2532162,2026-05-04,PH-BED-MED-GRY,1,42.99,0.00,-4.30,-5.80,-12.40,0.00,0.00,20.49
2026-STL-0504,Order,114-1004126-2351461,2026-05-04,PH-BRUSH-DBL,1,12.99,0.00,-0.00,-1.95,-3.45,0.00,0.00,7.59
2026-STL-0504,Order,114-1004127-3245147,2026-05-04,PH-BRUSH-DBL,1,12.99,0.00,-0.00,-1.95,-3.45,0.00,0.00,7.59
2026-STL-0504,Order,114-1004291-2940958,2026-05-04,PH-DENTAL-30CT,1,21.99,0.00,-0.00,-3.30,-4.10,0.00,0.00,14.59
2026-STL-0504,Order,114-1004292-1714496,2026-05-04,PH-DENTAL-30CT,1,21.99,0.00,-0.00,-3.30,-4.10,0.00,0.00,14.59
2026-STL-0505,Order,114-1000101-2788238,2026-05-05,PF-WHEY-CHOC,1,44.99,0.00,-0.00,-6.75,-6.10,0.00,0.00,32.14
2026-STL-0505,Order,114-1000102-9689889,2026-05-05,PF-WHEY-CHOC,1,44.99,0.00,-4.50,-6.07,-6.10,0.00,0.00,28.32
2026-STL-0505,Order,114-1000103-3036059,2026-05-05,PF-WHEY-CHOC,1,44.99,0.00,-4.50,-6.07,-6.10,0.00,0.00,28.32
2026-STL-0505,Order,114-1000395-7720644,2026-05-05,PF-WHEY-VAN,1,44.99,0.00,-0.00,-6.75,-6.10,0.00,0.00,32.14
2026-STL-0505,Order,114-1000396-5841933,2026-05-05,PF-WHEY-VAN,1,44.99,0.00,-0.00,-6.75,-6.10,0.00,0.00,32.14
2026-STL-0505,Order,114-1000397-5692934,2026-05-05,PF-WHEY-VAN,1,44.99,0.00,-0.00,-6.75,-6.10,0.00,0.00,32.14
2026-STL-0505,Order,114-1000593-5597283,2026-05-05,PF-PREWKT-BERRY,1,32.99,0.00,-3.30,-4.45,-4.35,0.00,0.00,20.89
2026-STL-0505,Order,114-1000594-3777050,2026-05-05,PF-PREWKT-BERRY,1,32.99,0.00,-0.00,-4.95,-4.35,0.00,0.00,23.69
2026-STL-0505,Order,114-1000595-4928281,2026-05-05,PF-PREWKT-BERRY,1,32.99,0.00,-0.00,-4.95,-4.35,0.00,0.00,23.69
2026-STL-0505,Order,114-1000596-4580613,2026-05-05,PF-PREWKT-BERRY,1,32.99,0.00,-0.00,-4.95,-4.35,0.00,0.00,23.69
2026-STL-0505,Order,114-1000827-1814896,2026-05-05,PF-CREATINE-300,1,24.99,0.00,-0.00,-3.75,-4.05,0.00,0.00,17.19
2026-STL-0505,Order,114-1000828-9528410,2026-05-05,PF-CREATINE-300,1,24.99,0.00,-0.00,-3.75,-4.05,0.00,0.00,17.19
2026-STL-0505,Order,114-1000829-3913368,2026-05-05,PF-CREATINE-300,2,49.98,0.00,-0.00,-7.50,-8.10,0.00,0.00,34.38
2026-STL-0505,Order,114-1000830-6399642,2026-05-05,PF-CREATINE-300,1,24.99,0.00,-0.00,-3.75,-4.05,0.00,0.00,17.19
2026-STL-0505,Order,114-1001099-1139824,2026-05-05,PF-BCAA-LEMON,1,27.99,0.00,-0.00,-4.20,-4.20,0.00,0.00,19.59
2026-STL-0505,Order,114-1001208-1014148,2026-05-05,PF-SHAKER-28,2,25.98,0.00,-5.20,-3.12,-6.90,0.00,0.00,10.76
2026-STL-0505,Order,114-1001315-8807325,2026-05-05,PF-VEGAN-CHOC,1,39.99,0.00,-0.00,-6.00,-6.10,0.00,0.00,27.89
2026-STL-0505,Order,114-1001316-2124172,2026-05-05,PF-VEGAN-CHOC,1,39.99,0.00,-0.00,-6.00,-6.10,0.00,0.00,27.89
2026-STL-0505,Order,114-1001607-8452933,2026-05-05,GT-SERUM-VITC,2,57.98,0.00,-5.80,-7.83,-7.10,0.00,0.00,37.25
2026-STL-0505,Order,114-1001608-1754700,2026-05-05,GT-SERUM-VITC,1,28.99,0.00,-0.00,-4.35,-3.55,0.00,0.00,21.09
2026-STL-0505,Order,114-1001609-4028421,2026-05-05,GT-SERUM-VITC,2,57.98,0.00,-0.00,-8.70,-7.10,0.00,0.00,42.18
2026-STL-0505,Order,114-1001610-5314727,2026-05-05,GT-SERUM-VITC,2,57.98,0.00,-0.00,-8.70,-7.10,0.00,0.00,42.18
2026-STL-0505,Order,114-1001611-5787407,2026-05-05,GT-SERUM-VITC,3,86.97,0.00,-0.00,-13.05,-10.65,0.00,0.00,63.27
2026-STL-0505,Order,114-1001992-1262370,2026-05-05,GT-SERUM-HA,3,74.97,0.00,-0.00,-11.25,-10.65,0.00,0.00,53.07
2026-STL-0505,Order,114-1001993-2785812,2026-05-05,GT-SERUM-HA,3,74.97,0.00,-0.00,-11.25,-10.65,0.00,0.00,53.07
2026-STL-0505,Order,114-1001994-5317535,2026-05-05,GT-SERUM-HA,1,24.99,0.00,-2.50,-3.37,-3.55,0.00,0.00,15.57
2026-STL-0505,Order,114-1001995-8418631,2026-05-05,GT-SERUM-HA,1,24.99,0.00,-0.00,-3.75,-3.55,0.00,0.00,17.69
2026-STL-0505,Order,114-1002282-3313134,2026-05-05,GT-MOIST-50ML,1,22.99,0.00,-0.00,-3.45,-3.60,0.00,0.00,15.94
2026-STL-0505,Order,114-1002283-2188961,2026-05-05,GT-MOIST-50ML,1,22.99,0.00,-0.00,-3.45,-3.60,0.00,0.00,15.94
2026-STL-0505,Order,114-1002284-2693039,2026-05-05,GT-MOIST-50ML,1,22.99,0.00,-0.00,-3.45,-3.60,0.00,0.00,15.94
2026-STL-0505,Order,114-1002466-4204180,2026-05-05,GT-CLEANSE-150,1,16.99,0.00,-0.00,-2.55,-3.70,0.00,0.00,10.74
2026-STL-0505,Order,114-1002740-3886654,2026-05-05,GT-EYE-CREAM,1,26.99,0.00,-0.00,-4.05,-3.50,0.00,0.00,19.44
2026-STL-0505,Order,114-1002875-6739966,2026-05-05,GT-SPF30-TINT,1,23.99,0.00,-0.00,-3.60,-3.60,0.00,0.00,16.79
2026-STL-0505,Order,114-1002876-4236382,2026-05-05,GT-SPF30-TINT,1,23.99,0.00,-0.00,-3.60,-3.60,0.00,0.00,16.79
2026-STL-0505,Order,114-1002877-2422629,2026-05-05,GT-SPF30-TINT,1,23.99,0.00,-2.40,-3.24,-3.60,0.00,0.00,14.75
2026-STL-0505,Order,114-1003167-8543241,2026-05-05,PH-CHEW-BULLY-6,1,29.99,0.00,-3.00,-4.05,-4.60,0.00,0.00,18.34
2026-STL-0505,Order,114-1003437-9611651,2026-05-05,PH-TREAT-SALMON,1,18.99,0.00,-0.00,-2.85,-3.90,0.00,0.00,12.24
2026-STL-0505,Order,114-1003438-6787556,2026-05-05,PH-TREAT-SALMON,1,18.99,0.00,-0.00,-2.85,-3.90,0.00,0.00,12.24
2026-STL-0505,Order,114-1003439-5978272,2026-05-05,PH-TREAT-SALMON,1,18.99,0.00,-0.00,-2.85,-3.90,0.00,0.00,12.24
2026-STL-0505,Order,114-1003440-3830208,2026-05-05,PH-TREAT-SALMON,1,18.99,0.00,-0.00,-2.85,-3.90,0.00,0.00,12.24
2026-STL-0505,Order,114-1003441-7636874,2026-05-05,PH-TREAT-SALMON,1,18.99,0.00,-0.00,-2.85,-3.90,0.00,0.00,12.24
2026-STL-0505,Order,114-1003442-8233660,2026-05-05,PH-TREAT-SALMON,1,18.99,0.00,-1.90,-2.56,-3.90,0.00,0.00,10.63
2026-STL-0505,Order,114-1003712-3279801,2026-05-05,PH-SHAMPOO-OAT,1,15.99,0.00,-0.00,-2.40,-3.95,0.00,0.00,9.64
2026-STL-0505,Order,114-1003713-1787829,2026-05-05,PH-SHAMPOO-OAT,3,47.97,0.00,-0.00,-7.20,-11.85,0.00,0.00,28.92
2026-STL-0505,Order,114-1003867-4598930,2026-05-05,PH-TOY-ROPE-L,1,13.99,0.00,-0.00,-2.10,-3.75,0.00,0.00,8.14
2026-STL-0505,Order,114-1003868-5768275,2026-05-05,PH-TOY-ROPE-L,1,13.99,0.00,-0.00,-2.10,-3.75,0.00,0.00,8.14
2026-STL-0505,Order,114-1004128-3531839,2026-05-05,PH-BRUSH-DBL,1,12.99,0.00,-1.30,-1.75,-3.45,0.00,0.00,6.49
2026-STL-0505,Order,114-1004129-7887260,2026-05-05,PH-BRUSH-DBL,1,12.99,0.00,-0.00,-1.95,-3.45,0.00,0.00,7.59
2026-STL-0505,Order,114-1004130-7748185,2026-05-05,PH-BRUSH-DBL,1,12.99,0.00,-0.00,-1.95,-3.45,0.00,0.00,7.59
2026-STL-0505,Order,114-1004293-1472665,2026-05-05,PH-DENTAL-30CT,1,21.99,0.00,-0.00,-3.30,-4.10,0.00,0.00,14.59
2026-STL-0505,Order,114-1004294-7345316,2026-05-05,PH-DENTAL-30CT,1,21.99,0.00,-0.00,-3.30,-4.10,0.00,0.00,14.59
2026-STL-0505,Order,114-1004295-3971063,2026-05-05,PH-DENTAL-30CT,1,21.99,0.00,-0.00,-3.30,-4.10,0.00,0.00,14.59
2026-STL-0505,Order,114-1004296-2152393,2026-05-05,PH-DENTAL-30CT,1,21.99,0.00,-0.00,-3.30,-4.10,0.00,0.00,14.59
2026-STL-0506,Order,114-1000104-6323376,2026-05-06,PF-WHEY-CHOC,1,44.99,0.00,-0.00,-6.75,-6.10,0.00,0.00,32.14
2026-STL-0506,Order,114-1000105-9468772,2026-05-06,PF-WHEY-CHOC,2,89.98,0.00,-0.00,-13.50,-12.20,0.00,0.00,64.28
2026-STL-0506,Order,114-1000106-3670226,2026-05-06,PF-WHEY-CHOC,2,89.98,0.00,-0.00,-13.50,-12.20,0.00,0.00,64.28
2026-STL-0506,Order,114-1000107-5147994,2026-05-06,PF-WHEY-CHOC,1,44.99,0.00,-0.00,-6.75,-6.10,0.00,0.00,32.14
2026-STL-0506,Order,114-1000108-9130188,2026-05-06,PF-WHEY-CHOC,1,44.99,0.00,-0.00,-6.75,-6.10,0.00,0.00,32.14
2026-STL-0506,Order,114-1000398-7261229,2026-05-06,PF-WHEY-VAN,1,44.99,0.00,-0.00,-6.75,-6.10,0.00,0.00,32.14
2026-STL-0506,Order,114-1000399-3420404,2026-05-06,PF-WHEY-VAN,1,44.99,0.00,-4.50,-6.07,-6.10,0.00,0.00,28.32
2026-STL-0506,Order,114-1000597-8466983,2026-05-06,PF-PREWKT-BERRY,1,32.99,0.00,-0.00,-4.95,-4.35,0.00,0.00,23.69
2026-STL-0506,Order,114-1000831-5590177,2026-05-06,PF-CREATINE-300,2,49.98,0.00,-0.00,-7.50,-8.10,0.00,0.00,34.38
2026-STL-0506,Order,114-1000832-3237608,2026-05-06,PF-CREATINE-300,1,24.99,0.00,-0.00,-3.75,-4.05,0.00,0.00,17.19
2026-STL-0506,Order,114-1000833-9594877,2026-05-06,PF-CREATINE-300,1,24.99,0.00,-2.50,-3.37,-4.05,0.00,0.00,15.07
2026-STL-0506,Order,114-1001100-7043474,2026-05-06,PF-BCAA-LEMON,1,27.99,0.00,-0.00,-4.20,-4.20,0.00,0.00,19.59
2026-STL-0506,Order,114-1001101-7484783,2026-05-06,PF-BCAA-LEMON,1,27.99,0.00,-2.80,-3.78,-4.20,0.00,0.00,17.21
2026-STL-0506,Order,114-1001102-2671072,2026-05-06,PF-BCAA-LEMON,1,27.99,0.00,-5.60,-3.36,-4.20,0.00,0.00,14.83
2026-STL-0506,Order,114-1001209-4946691,2026-05-06,PF-SHAKER-28,2,25.98,0.00,-2.60,-3.51,-6.90,0.00,0.00,12.97
2026-STL-0506,Order,114-1001210-7422144,2026-05-06,PF-SHAKER-28,1,12.99,0.00,-0.00,-1.95,-3.45,0.00,0.00,7.59
2026-STL-0506,Order,114-1001407-8882244,2026-05-06,PF-ELECTRO-CIT,1,21.99,0.00,-0.00,-3.30,-3.95,0.00,0.00,14.74
2026-STL-0506,Order,114-1001612-6147152,2026-05-06,GT-SERUM-VITC,1,28.99,0.00,-0.00,-4.35,-3.55,0.00,0.00,21.09
2026-STL-0506,Order,114-1001613-6457472,2026-05-06,GT-SERUM-VITC,1,28.99,0.00,-0.00,-4.35,-3.55,0.00,0.00,21.09
2026-STL-0506,Order,114-1001614-2656653,2026-05-06,GT-SERUM-VITC,1,28.99,0.00,-0.00,-4.35,-3.55,0.00,0.00,21.09
2026-STL-0506,Order,114-1001615-7300065,2026-05-06,GT-SERUM-VITC,1,28.99,0.00,-0.00,-4.35,-3.55,0.00,0.00,21.09
2026-STL-0506,Order,114-1001616-5020206,2026-05-06,GT-SERUM-VITC,2,57.98,0.00,-0.00,-8.70,-7.10,0.00,0.00,42.18
2026-STL-0506,Order,114-1001617-9462784,2026-05-06,GT-SERUM-VITC,1,28.99,0.00,-0.00,-4.35,-3.55,0.00,0.00,21.09
2026-STL-0506,Refund,114-1001943-8280643,2026-05-06,GT-SERUM-HA,-1,-24.99,0.00,0.00,3.00,0.00,0.00,0.00,-21.99
2026-STL-0506,Order,114-1001996-3611230,2026-05-06,GT-SERUM-HA,1,24.99,0.00,-0.00,-3.75,-3.55,0.00,0.00,17.69
2026-STL-0506,Order,114-1001997-3488634,2026-05-06,GT-SERUM-HA,1,24.99,0.00,-0.00,-3.75,-3.55,0.00,0.00,17.69
2026-STL-0506,Order,114-1001998-4104255,2026-05-06,GT-SERUM-HA,1,24.99,0.00,-0.00,-3.75,-3.55,0.00,0.00,17.69
2026-STL-0506,Order,114-1001999-4026721,2026-05-06,GT-SERUM-HA,1,24.99,0.00,-0.00,-3.75,-3.55,0.00,0.00,17.69
2026-STL-0506,Order,114-1002285-6551912,2026-05-06,GT-MOIST-50ML,1,22.99,0.00,-0.00,-3.45,-3.60,0.00,0.00,15.94
2026-STL-0506,Order,114-1002286-5217487,2026-05-06,GT-MOIST-50ML,2,45.98,0.00,-4.60,-6.21,-7.20,0.00,0.00,27.97
2026-STL-0506,Order,114-1002467-9824859,2026-05-06,GT-CLEANSE-150,1,16.99,0.00,-0.00,-2.55,-3.70,0.00,0.00,10.74
2026-STL-0506,Order,114-1002468-7188568,2026-05-06,GT-CLEANSE-150,1,16.99,0.00,-0.00,-2.55,-3.70,0.00,0.00,10.74
2026-STL-0506,Order,114-1002469-5580646,2026-05-06,GT-CLEANSE-150,1,16.99,0.00,-0.00,-2.55,-3.70,0.00,0.00,10.74
2026-STL-0506,Order,114-1002613-8654679,2026-05-06,GT-MASK-CLAY,1,14.99,0.00,-0.00,-2.25,-3.85,0.00,0.00,8.89
2026-STL-0506,Order,114-1002614-5542317,2026-05-06,GT-MASK-CLAY,1,14.99,0.00,-0.00,-2.25,-3.85,0.00,0.00,8.89
2026-STL-0506,Order,114-1002741-4818006,2026-05-06,GT-EYE-CREAM,1,26.99,0.00,-0.00,-4.05,-3.50,0.00,0.00,19.44
2026-STL-0506,Order,114-1002742-2517205,2026-05-06,GT-EYE-CREAM,1,26.99,0.00,-2.70,-3.64,-3.50,0.00,0.00,17.15
2026-STL-0506,Order,114-1002878-2904638,2026-05-06,GT-SPF30-TINT,2,47.98,0.00,-4.80,-6.48,-7.20,0.00,0.00,29.50
2026-STL-0506,Order,114-1003025-5080755,2026-05-06,GT-ROLLER-JADE,1,13.99,0.00,-0.00,-2.10,-3.40,0.00,0.00,8.49
2026-STL-0506,Order,114-1003026-3717830,2026-05-06,GT-ROLLER-JADE,2,27.98,0.00,-0.00,-4.20,-6.80,0.00,0.00,16.98
2026-STL-0506,Order,114-1003168-8085830,2026-05-06,PH-CHEW-BULLY-6,1,29.99,0.00,-6.00,-3.60,-4.60,0.00,0.00,15.79
2026-STL-0506,Order,114-1003169-4086368,2026-05-06,PH-CHEW-BULLY-6,2,59.98,0.00,-0.00,-9.00,-9.20,0.00,0.00,41.78
2026-STL-0506,Order,114-1003170-2563910,2026-05-06,PH-CHEW-BULLY-6,1,29.99,0.00,-0.00,-4.50,-4.60,0.00,0.00,20.89
2026-STL-0506,Order,114-1003171-3354531,2026-05-06,PH-CHEW-BULLY-6,3,89.97,0.00,-0.00,-13.50,-13.80,0.00,0.00,62.67
2026-STL-0506,Refund,114-1003411-4634483,2026-05-06,PH-TREAT-SALMON,-1,-18.99,0.00,0.00,2.28,0.00,0.00,0.00,-16.71
2026-STL-0506,Order,114-1003443-2704824,2026-05-06,PH-TREAT-SALMON,1,18.99,0.00,-0.00,-2.85,-3.90,0.00,0.00,12.24
2026-STL-0506,Order,114-1003444-8771291,2026-05-06,PH-TREAT-SALMON,1,18.99,0.00,-1.90,-2.56,-3.90,0.00,0.00,10.63
2026-STL-0506,Order,114-1003445-4131439,2026-05-06,PH-TREAT-SALMON,1,18.99,0.00,-0.00,-2.85,-3.90,0.00,0.00,12.24
2026-STL-0506,Order,114-1003446-9247265,2026-05-06,PH-TREAT-SALMON,2,37.98,0.00,-0.00,-5.70,-7.80,0.00,0.00,24.48
2026-STL-0506,Order,114-1003447-2716946,2026-05-06,PH-TREAT-SALMON,1,18.99,0.00,-1.90,-2.56,-3.90,0.00,0.00,10.63
2026-STL-0506,Order,114-1003714-5596482,2026-05-06,PH-SHAMPOO-OAT,1,15.99,0.00,-0.00,-2.40,-3.95,0.00,0.00,9.64
2026-STL-0506,Order,114-1003715-8296545,2026-05-06,PH-SHAMPOO-OAT,1,15.99,0.00,-0.00,-2.40,-3.95,0.00,0.00,9.64
2026-STL-0506,Order,114-1003869-6650746,2026-05-06,PH-TOY-ROPE-L,2,27.98,0.00,-5.60,-3.36,-7.50,0.00,0.00,11.52
2026-STL-0506,Order,114-1004022-9332423,2026-05-06,PH-BED-MED-GRY,1,42.99,0.00,-0.00,-6.45,-12.40,0.00,0.00,24.14
2026-STL-0506,Order,114-1004023-1008857,2026-05-06,PH-BED-MED-GRY,1,42.99,0.00,-0.00,-6.45,-12.40,0.00,0.00,24.14
2026-STL-0506,Order,114-1004024-3655761,2026-05-06,PH-BED-MED-GRY,1,42.99,0.00,-0.00,-6.45,-12.40,0.00,0.00,24.14
2026-STL-0506,Order,114-1004131-3891728,2026-05-06,PH-BRUSH-DBL,1,12.99,0.00,-0.00,-1.95,-3.45,0.00,0.00,7.59
2026-STL-0506,Order,114-1004132-4017976,2026-05-06,PH-BRUSH-DBL,1,12.99,0.00,-0.00,-1.95,-3.45,0.00,0.00,7.59
2026-STL-0506,Order,114-1004297-2758975,2026-05-06,PH-DENTAL-30CT,1,21.99,0.00,-0.00,-3.30,-4.10,0.00,0.00,14.59
2026-STL-0507,Order,114-1000109-6363836,2026-05-07,PF-WHEY-CHOC,1,44.99,0.00,-0.00,-6.75,-6.10,0.00,0.00,32.14
2026-STL-0507,Order,114-1000110-7426265,2026-05-07,PF-WHEY-CHOC,1,44.99,0.00,-0.00,-6.75,-6.10,0.00,0.00,32.14
2026-STL-0507,Order,114-1000111-7838382,2026-05-07,PF-WHEY-CHOC,1,44.99,0.00,-0.00,-6.75,-6.10,0.00,0.00,32.14
2026-STL-0507,Order,114-1000112-8048838,2026-05-07,PF-WHEY-CHOC,1,44.99,0.00,-0.00,-6.75,-6.10,0.00,0.00,32.14
2026-STL-0507,Order,114-1000400-1760064,2026-05-07,PF-WHEY-VAN,1,44.99,0.00,-0.00,-6.75,-6.10,0.00,0.00,32.14
2026-STL-0507,Order,114-1000401-9712957,2026-05-07,PF-WHEY-VAN,1,44.99,0.00,-4.50,-6.07,-6.10,0.00,0.00,28.32
2026-STL-0507,Order,114-1000598-9014480,2026-05-07,PF-PREWKT-BERRY,2,65.98,0.00,-0.00,-9.90,-8.70,0.00,0.00,47.38
2026-STL-0507,Order,114-1000599-2718442,2026-05-07,PF-PREWKT-BERRY,1,32.99,0.00,-0.00,-4.95,-4.35,0.00,0.00,23.69
2026-STL-0507,Refund,114-1000790-4934345,2026-05-07,PF-CREATINE-300,-1,-24.99,0.00,0.00,3.00,0.00,0.00,0.00,-21.99
2026-STL-0507,Order,114-1000834-4646403,2026-05-07,PF-CREATINE-300,1,24.99,0.00,-2.50,-3.37,-4.05,0.00,0.00,15.07
2026-STL-0507,Order,114-1000835-6793064,2026-05-07,PF-CREATINE-300,1,24.99,0.00,-0.00,-3.75,-4.05,0.00,0.00,17.19
2026-STL-0507,Order,114-1000836-3983202,2026-05-07,PF-CREATINE-300,1,24.99,0.00,-0.00,-3.75,-4.05,0.00,0.00,17.19
2026-STL-0507,Order,114-1000837-2936178,2026-05-07,PF-CREATINE-300,1,24.99,0.00,-0.00,-3.75,-4.05,0.00,0.00,17.19
2026-STL-0507,Order,114-1000838-8004117,2026-05-07,PF-CREATINE-300,1,24.99,0.00,-0.00,-3.75,-4.05,0.00,0.00,17.19
2026-STL-0507,Order,114-1000839-8086467,2026-05-07,PF-CREATINE-300,2,49.98,0.00,-0.00,-7.50,-8.10,0.00,0.00,34.38
2026-STL-0507,Order,114-1001211-3909338,2026-05-07,PF-SHAKER-28,1,12.99,0.00,-0.00,-1.95,-3.45,0.00,0.00,7.59
2026-STL-0507,Order,114-1001317-9027788,2026-05-07,PF-VEGAN-CHOC,1,39.99,0.00,-0.00,-6.00,-6.10,0.00,0.00,27.89
2026-STL-0507,Order,114-1001408-7566347,2026-05-07,PF-ELECTRO-CIT,2,43.98,0.00,-0.00,-6.60,-7.90,0.00,0.00,29.48
2026-STL-0507,Order,114-1001618-9123050,2026-05-07,GT-SERUM-VITC,1,28.99,0.00,-0.00,-4.35,-3.55,0.00,0.00,21.09
2026-STL-0507,Order,114-1001619-5515751,2026-05-07,GT-SERUM-VITC,1,28.99,0.00,-2.90,-3.91,-3.55,0.00,0.00,18.63
2026-STL-0507,Order,114-1001620-3106737,2026-05-07,GT-SERUM-VITC,1,28.99,0.00,-0.00,-4.35,-3.55,0.00,0.00,21.09
2026-STL-0507,Order,114-1001621-9395862,2026-05-07,GT-SERUM-VITC,1,28.99,0.00,-0.00,-4.35,-3.55,0.00,0.00,21.09
2026-STL-0507,Order,114-1001622-3821731,2026-05-07,GT-SERUM-VITC,3,86.97,0.00,-0.00,-13.05,-10.65,0.00,0.00,63.27
2026-STL-0507,Order,114-1001623-8578973,2026-05-07,GT-SERUM-VITC,1,28.99,0.00,-0.00,-4.35,-3.55,0.00,0.00,21.09
2026-STL-0507,Order,114-1002000-3981886,2026-05-07,GT-SERUM-HA,1,24.99,0.00,-0.00,-3.75,-3.55,0.00,0.00,17.69
2026-STL-0507,Order,114-1002001-3407905,2026-05-07,GT-SERUM-HA,1,24.99,0.00,-0.00,-3.75,-3.55,0.00,0.00,17.69
2026-STL-0507,Order,114-1002002-7752901,2026-05-07,GT-SERUM-HA,1,24.99,0.00,-2.50,-3.37,-3.55,0.00,0.00,15.57
2026-STL-0507,Order,114-1002003-1197778,2026-05-07,GT-SERUM-HA,1,24.99,0.00,-0.00,-3.75,-3.55,0.00,0.00,17.69
2026-STL-0507,Order,114-1002004-1227365,2026-05-07,GT-SERUM-HA,1,24.99,0.00,-0.00,-3.75,-3.55,0.00,0.00,17.69
2026-STL-0507,Order,114-1002287-9966143,2026-05-07,GT-MOIST-50ML,1,22.99,0.00,-0.00,-3.45,-3.60,0.00,0.00,15.94
2026-STL-0507,Order,114-1002288-9389396,2026-05-07,GT-MOIST-50ML,2,45.98,0.00,-4.60,-6.21,-7.20,0.00,0.00,27.97
2026-STL-0507,Order,114-1002470-5245272,2026-05-07,GT-CLEANSE-150,1,16.99,0.00,-0.00,-2.55,-3.70,0.00,0.00,10.74
2026-STL-0507,Order,114-1002471-1510471,2026-05-07,GT-CLEANSE-150,1,16.99,0.00,-0.00,-2.55,-3.70,0.00,0.00,10.74
2026-STL-0507,Order,114-1002472-8624921,2026-05-07,GT-CLEANSE-150,2,33.98,0.00,-6.80,-4.08,-7.40,0.00,0.00,15.70
2026-STL-0507,Order,114-1002615-6027079,2026-05-07,GT-MASK-CLAY,1,14.99,0.00,-3.00,-1.80,-3.85,0.00,0.00,6.34
2026-STL-0507,Order,114-1002616-9439984,2026-05-07,GT-MASK-CLAY,1,14.99,0.00,-0.00,-2.25,-3.85,0.00,0.00,8.89
2026-STL-0507,Order,114-1002743-4123785,2026-05-07,GT-EYE-CREAM,1,26.99,0.00,-0.00,-4.05,-3.50,0.00,0.00,19.44
2026-STL-0507,Order,114-1002879-3583794,2026-05-07,GT-SPF30-TINT,1,23.99,0.00,-0.00,-3.60,-3.60,0.00,0.00,16.79
2026-STL-0507,Order,114-1002880-2265195,2026-05-07,GT-SPF30-TINT,1,23.99,0.00,-0.00,-3.60,-3.60,0.00,0.00,16.79
2026-STL-0507,Order,114-1002881-2180827,2026-05-07,GT-SPF30-TINT,1,23.99,0.00,-0.00,-3.60,-3.60,0.00,0.00,16.79
2026-STL-0507,Order,114-1003172-8010698,2026-05-07,PH-CHEW-BULLY-6,2,59.98,0.00,-0.00,-9.00,-9.20,0.00,0.00,41.78
2026-STL-0507,Order,114-1003173-6753964,2026-05-07,PH-CHEW-BULLY-6,1,29.99,0.00,-0.00,-4.50,-4.60,0.00,0.00,20.89
2026-STL-0507,Order,114-1003448-8044211,2026-05-07,PH-TREAT-SALMON,1,18.99,0.00,-1.90,-2.56,-3.90,0.00,0.00,10.63
2026-STL-0507,Order,114-1003449-9242744,2026-05-07,PH-TREAT-SALMON,1,18.99,0.00,-0.00,-2.85,-3.90,0.00,0.00,12.24
2026-STL-0507,Order,114-1003450-8147437,2026-05-07,PH-TREAT-SALMON,1,18.99,0.00,-0.00,-2.85,-3.90,0.00,0.00,12.24
2026-STL-0507,Order,114-1003451-5077356,2026-05-07,PH-TREAT-SALMON,1,18.99,0.00,-1.90,-2.56,-3.90,0.00,0.00,10.63
2026-STL-0507,Order,114-1003716-6213387,2026-05-07,PH-SHAMPOO-OAT,1,15.99,0.00,-0.00,-2.40,-3.95,0.00,0.00,9.64
2026-STL-0507,Order,114-1003870-7025942,2026-05-07,PH-TOY-ROPE-L,1,13.99,0.00,-0.00,-2.10,-3.75,0.00,0.00,8.14
2026-STL-0507,Order,114-1003871-6712098,2026-05-07,PH-TOY-ROPE-L,1,13.99,0.00,-1.40,-1.89,-3.75,0.00,0.00,6.95
2026-STL-0507,Order,114-1004025-2506684,2026-05-07,PH-BED-MED-GRY,1,42.99,0.00,-0.00,-6.45,-12.40,0.00,0.00,24.14
2026-STL-0507,Order,114-1004026-5087783,2026-05-07,PH-BED-MED-GRY,1,42.99,0.00,-0.00,-6.45,-12.40,0.00,0.00,24.14
2026-STL-0507,Order,114-1004027-7770171,2026-05-07,PH-BED-MED-GRY,1,42.99,0.00,-4.30,-5.80,-12.40,0.00,0.00,20.49
2026-STL-0507,Order,114-1004133-9629731,2026-05-07,PH-BRUSH-DBL,1,12.99,0.00,-0.00,-1.95,-3.45,0.00,0.00,7.59
2026-STL-0507,Order,114-1004134-4435348,2026-05-07,PH-BRUSH-DBL,1,12.99,0.00,-0.00,-1.95,-3.45,0.00,0.00,7.59
2026-STL-0507,Order,114-1004135-1678596,2026-05-07,PH-BRUSH-DBL,1,12.99,0.00,-0.00,-1.95,-3.45,0.00,0.00,7.59
2026-STL-0507,Order,114-1004298-6616376,2026-05-07,PH-DENTAL-30CT,1,21.99,0.00,-2.20,-2.97,-4.10,0.00,0.00,12.72
2026-STL-0507,Order,114-1004299-7871859,2026-05-07,PH-DENTAL-30CT,1,21.99,0.00,-2.20,-2.97,-4.10,0.00,0.00,12.72
2026-STL-0508,Order,114-1000113-1327691,2026-05-08,PF-WHEY-CHOC,1,44.99,0.00,-4.50,-6.07,-6.10,0.00,0.00,28.32
2026-STL-0508,Order,114-1000114-1098919,2026-05-08,PF-WHEY-CHOC,1,44.99,0.00,-0.00,-6.75,-6.10,0.00,0.00,32.14
2026-STL-0508,Order,114-1000115-8030010,2026-05-08,PF-WHEY-CHOC,1,44.99,0.00,-0.00,-6.75,-6.10,0.00,0.00,32.14
2026-STL-0508,Order,114-1000116-4700025,2026-05-08,PF-WHEY-CHOC,1,44.99,0.00,-0.00,-6.75,-6.10,0.00,0.00,32.14
2026-STL-0508,Order,114-1000117-7523941,2026-05-08,PF-WHEY-CHOC,1,44.99,0.00,-0.00,-6.75,-6.10,0.00,0.00,32.14
2026-STL-0508,Order,114-1000402-3726331,2026-05-08,PF-WHEY-VAN,1,44.99,0.00,-0.00,-6.75,-6.10,0.00,0.00,32.14
2026-STL-0508,Order,114-1000403-6643410,2026-05-08,PF-WHEY-VAN,1,44.99,0.00,-4.50,-6.07,-6.10,0.00,0.00,28.32
2026-STL-0508,Order,114-1000600-7420993,2026-05-08,PF-PREWKT-BERRY,1,32.99,0.00,-0.00,-4.95,-4.35,0.00,0.00,23.69
2026-STL-0508,Order,114-1000601-3396676,2026-05-08,PF-PREWKT-BERRY,1,32.99,0.00,-0.00,-4.95,-4.35,0.00,0.00,23.69
2026-STL-0508,Order,114-1000602-3753418,2026-05-08,PF-PREWKT-BERRY,1,32.99,0.00,-0.00,-4.95,-4.35,0.00,0.00,23.69
2026-STL-0508,Order,114-1000840-4353806,2026-05-08,PF-CREATINE-300,1,24.99,0.00,-0.00,-3.75,-4.05,0.00,0.00,17.19
2026-STL-0508,Order,114-1000841-5203716,2026-05-08,PF-CREATINE-300,1,24.99,0.00,-5.00,-3.00,-4.05,0.00,0.00,12.94
2026-STL-0508,Order,114-1000842-4422567,2026-05-08,PF-CREATINE-300,1,24.99,0.00,-0.00,-3.75,-4.05,0.00,0.00,17.19
2026-STL-0508,Order,114-1000843-2719329,2026-05-08,PF-CREATINE-300,1,24.99,0.00,-2.50,-3.37,-4.05,0.00,0.00,15.07
2026-STL-0508,Order,114-1000844-4763253,2026-05-08,PF-CREATINE-300,1,24.99,0.00,-0.00,-3.75,-4.05,0.00,0.00,17.19
2026-STL-0508,Order,114-1001103-8683734,2026-05-08,PF-BCAA-LEMON,1,27.99,0.00,-0.00,-4.20,-4.20,0.00,0.00,19.59
2026-STL-0508,Order,114-1001212-3588175,2026-05-08,PF-SHAKER-28,2,25.98,0.00,-2.60,-3.51,-6.90,0.00,0.00,12.97
2026-STL-0508,Order,114-1001213-1194661,2026-05-08,PF-SHAKER-28,2,25.98,0.00,-0.00,-3.90,-6.90,0.00,0.00,15.18
2026-STL-0508,Order,114-1001409-5772070,2026-05-08,PF-ELECTRO-CIT,1,21.99,0.00,-0.00,-3.30,-3.95,0.00,0.00,14.74
2026-STL-0508,Order,114-1001624-5852800,2026-05-08,GT-SERUM-VITC,1,28.99,0.00,-2.90,-3.91,-3.55,0.00,0.00,18.63
2026-STL-0508,Order,114-1001625-9089743,2026-05-08,GT-SERUM-VITC,1,28.99,0.00,-0.00,-4.35,-3.55,0.00,0.00,21.09
2026-STL-0508,Order,114-1001626-6895814,2026-05-08,GT-SERUM-VITC,1,28.99,0.00,-0.00,-4.35,-3.55,0.00,0.00,21.09
2026-STL-0508,Order,114-1001627-5719620,2026-05-08,GT-SERUM-VITC,1,28.99,0.00,-2.90,-3.91,-3.55,0.00,0.00,18.63
2026-STL-0508,Order,114-1001628-2505169,2026-05-08,GT-SERUM-VITC,1,28.99,0.00,-0.00,-4.35,-3.55,0.00,0.00,21.09
2026-STL-0508,Order,114-1001629-5688532,2026-05-08,GT-SERUM-VITC,1,28.99,0.00,-0.00,-4.35,-3.55,0.00,0.00,21.09
2026-STL-0508,Order,114-1002005-3393028,2026-05-08,GT-SERUM-HA,1,24.99,0.00,-0.00,-3.75,-3.55,0.00,0.00,17.69
2026-STL-0508,Order,114-1002006-1157641,2026-05-08,GT-SERUM-HA,1,24.99,0.00,-0.00,-3.75,-3.55,0.00,0.00,17.69
2026-STL-0508,Order,114-1002007-6677240,2026-05-08,GT-SERUM-HA,1,24.99,0.00,-0.00,-3.75,-3.55,0.00,0.00,17.69
2026-STL-0508,Order,114-1002008-8454556,2026-05-08,GT-SERUM-HA,1,24.99,0.00,-0.00,-3.75,-3.55,0.00,0.00,17.69
2026-STL-0508,Order,114-1002289-2860164,2026-05-08,GT-MOIST-50ML,1,22.99,0.00,-0.00,-3.45,-3.60,0.00,0.00,15.94
2026-STL-0508,Order,114-1002290-1502947,2026-05-08,GT-MOIST-50ML,2,45.98,0.00,-9.20,-5.52,-7.20,0.00,0.00,24.06
2026-STL-0508,Order,114-1002291-1996431,2026-05-08,GT-MOIST-50ML,1,22.99,0.00,-0.00,-3.45,-3.60,0.00,0.00,15.94
2026-STL-0508,Order,114-1002292-2045698,2026-05-08,GT-MOIST-50ML,1,22.99,0.00,-0.00,-3.45,-3.60,0.00,0.00,15.94
2026-STL-0508,Order,114-1002617-4056477,2026-05-08,GT-MASK-CLAY,1,14.99,0.00,-3.00,-1.80,-3.85,0.00,0.00,6.34
2026-STL-0508,Order,114-1002618-8893786,2026-05-08,GT-MASK-CLAY,1,14.99,0.00,-3.00,-1.80,-3.85,0.00,0.00,6.34
2026-STL-0508,Order,114-1002619-6111027,2026-05-08,GT-MASK-CLAY,1,14.99,0.00,-0.00,-2.25,-3.85,0.00,0.00,8.89
2026-STL-0508,Order,114-1002744-8344546,2026-05-08,GT-EYE-CREAM,1,26.99,0.00,-0.00,-4.05,-3.50,0.00,0.00,19.44
2026-STL-0508,Order,114-1002745-6415010,2026-05-08,GT-EYE-CREAM,1,26.99,0.00,-5.40,-3.24,-3.50,0.00,0.00,14.85
2026-STL-0508,Order,114-1002882-8730320,2026-05-08,GT-SPF30-TINT,1,23.99,0.00,-2.40,-3.24,-3.60,0.00,0.00,14.75
2026-STL-0508,Order,114-1002883-3046457,2026-05-08,GT-SPF30-TINT,1,23.99,0.00,-0.00,-3.60,-3.60,0.00,0.00,16.79
2026-STL-0508,Order,114-1003027-5412519,2026-05-08,GT-ROLLER-JADE,1,13.99,0.00,-0.00,-2.10,-3.40,0.00,0.00,8.49
2026-STL-0508,Order,114-1003174-9100012,2026-05-08,PH-CHEW-BULLY-6,1,29.99,0.00,-0.00,-4.50,-4.60,0.00,0.00,20.89
2026-STL-0508,Order,114-1003175-3479770,2026-05-08,PH-CHEW-BULLY-6,3,89.97,0.00,-0.00,-13.50,-13.80,0.00,0.00,62.67
2026-STL-0508,Order,114-1003452-1489172,2026-05-08,PH-TREAT-SALMON,1,18.99,0.00,-0.00,-2.85,-3.90,0.00,0.00,12.24
2026-STL-0508,Order,114-1003453-1384511,2026-05-08,PH-TREAT-SALMON,1,18.99,0.00,-0.00,-2.85,-3.90,0.00,0.00,12.24
2026-STL-0508,Order,114-1003454-8192211,2026-05-08,PH-TREAT-SALMON,1,18.99,0.00,-0.00,-2.85,-3.90,0.00,0.00,12.24
2026-STL-0508,Order,114-1003455-9024898,2026-05-08,PH-TREAT-SALMON,2,37.98,0.00,-0.00,-5.70,-7.80,0.00,0.00,24.48
2026-STL-0508,Order,114-1003717-8433918,2026-05-08,PH-SHAMPOO-OAT,2,31.98,0.00,-0.00,-4.80,-7.90,0.00,0.00,19.28
2026-STL-0508,Order,114-1003718-6176130,2026-05-08,PH-SHAMPOO-OAT,2,31.98,0.00,-0.00,-4.80,-7.90,0.00,0.00,19.28
2026-STL-0508,Order,114-1003872-1218912,2026-05-08,PH-TOY-ROPE-L,1,13.99,0.00,-2.80,-1.68,-3.75,0.00,0.00,5.76
2026-STL-0508,Order,114-1003873-1986329,2026-05-08,PH-TOY-ROPE-L,1,13.99,0.00,-0.00,-2.10,-3.75,0.00,0.00,8.14
2026-STL-0508,Order,114-1004028-1609611,2026-05-08,PH-BED-MED-GRY,1,42.99,0.00,-0.00,-6.45,-12.40,0.00,0.00,24.14
2026-STL-0508,Order,114-1004029-3767799,2026-05-08,PH-BED-MED-GRY,1,42.99,0.00,-0.00,-6.45,-12.40,0.00,0.00,24.14
2026-STL-0508,Order,114-1004300-3087752,2026-05-08,PH-DENTAL-30CT,1,21.99,0.00,-0.00,-3.30,-4.10,0.00,0.00,14.59
2026-STL-0509,Order,114-1000118-3141239,2026-05-09,PF-WHEY-CHOC,1,44.99,0.00,-0.00,-6.75,-6.10,0.00,0.00,32.14
2026-STL-0509,Order,114-1000119-1454696,2026-05-09,PF-WHEY-CHOC,1,44.99,0.00,-4.50,-6.07,-6.10,0.00,0.00,28.32
2026-STL-0509,Order,114-1000120-4048907,2026-05-09,PF-WHEY-CHOC,1,44.99,0.00,-4.50,-6.07,-6.10,0.00,0.00,28.32
2026-STL-0509,Order,114-1000121-6483562,2026-05-09,PF-WHEY-CHOC,1,44.99,0.00,-0.00,-6.75,-6.10,0.00,0.00,32.14
2026-STL-0509,Order,114-1000404-6029651,2026-05-09,PF-WHEY-VAN,1,44.99,0.00,-0.00,-6.75,-6.10,0.00,0.00,32.14
2026-STL-0509,Order,114-1000405-2838859,2026-05-09,PF-WHEY-VAN,1,44.99,0.00,-0.00,-6.75,-6.10,0.00,0.00,32.14
2026-STL-0509,Order,114-1000603-8421969,2026-05-09,PF-PREWKT-BERRY,1,32.99,0.00,-0.00,-4.95,-4.35,0.00,0.00,23.69
2026-STL-0509,Order,114-1000604-3066235,2026-05-09,PF-PREWKT-BERRY,1,32.99,0.00,-0.00,-4.95,-4.35,0.00,0.00,23.69
2026-STL-0509,Order,114-1000845-5825775,2026-05-09,PF-CREATINE-300,1,24.99,0.00,-0.00,-3.75,-4.05,0.00,0.00,17.19
2026-STL-0509,Order,114-1000846-7988821,2026-05-09,PF-CREATINE-300,1,24.99,0.00,-0.00,-3.75,-4.05,0.00,0.00,17.19
2026-STL-0509,Order,114-1000847-1902651,2026-05-09,PF-CREATINE-300,3,74.97,0.00,-0.00,-11.25,-12.15,0.00,0.00,51.57
2026-STL-0509,Order,114-1000848-8433377,2026-05-09,PF-CREATINE-300,1,24.99,0.00,-2.50,-3.37,-4.05,0.00,0.00,15.07
2026-STL-0509,Order,114-1000849-7169672,2026-05-09,PF-CREATINE-300,2,49.98,0.00,-0.00,-7.50,-8.10,0.00,0.00,34.38
2026-STL-0509,Order,114-1001104-9219709,2026-05-09,PF-BCAA-LEMON,2,55.98,0.00,-0.00,-8.40,-8.40,0.00,0.00,39.18
2026-STL-0509,Order,114-1001214-9165493,2026-05-09,PF-SHAKER-28,1,12.99,0.00,-0.00,-1.95,-3.45,0.00,0.00,7.59
2026-STL-0509,Order,114-1001215-3302174,2026-05-09,PF-SHAKER-28,3,38.97,0.00,-0.00,-5.85,-10.35,0.00,0.00,22.77
2026-STL-0509,Order,114-1001216-8142130,2026-05-09,PF-SHAKER-28,1,12.99,0.00,-0.00,-1.95,-3.45,0.00,0.00,7.59
2026-STL-0509,Order,114-1001318-4782209,2026-05-09,PF-VEGAN-CHOC,1,39.99,0.00,-0.00,-6.00,-6.10,0.00,0.00,27.89
2026-STL-0509,Order,114-1001410-7147341,2026-05-09,PF-ELECTRO-CIT,1,21.99,0.00,-0.00,-3.30,-3.95,0.00,0.00,14.74
2026-STL-0509,Order,114-1001630-6748465,2026-05-09,GT-SERUM-VITC,1,28.99,0.00,-2.90,-3.91,-3.55,0.00,0.00,18.63
2026-STL-0509,Order,114-1001631-5580400,2026-05-09,GT-SERUM-VITC,3,86.97,0.00,-0.00,-13.05,-10.65,0.00,0.00,63.27
2026-STL-0509,Order,114-1001632-8714152,2026-05-09,GT-SERUM-VITC,3,86.97,0.00,-0.00,-13.05,-10.65,0.00,0.00,63.27
2026-STL-0509,Order,114-1001633-3243545,2026-05-09,GT-SERUM-VITC,1,28.99,0.00,-2.90,-3.91,-3.55,0.00,0.00,18.63
2026-STL-0509,Order,114-1001634-1160702,2026-05-09,GT-SERUM-VITC,1,28.99,0.00,-0.00,-4.35,-3.55,0.00,0.00,21.09
2026-STL-0509,Order,114-1001635-9203667,2026-05-09,GT-SERUM-VITC,1,28.99,0.00,-2.90,-3.91,-3.55,0.00,0.00,18.63
2026-STL-0509,Order,114-1002009-5090433,2026-05-09,GT-SERUM-HA,1,24.99,0.00,-0.00,-3.75,-3.55,0.00,0.00,17.69
2026-STL-0509,Order,114-1002010-3064864,2026-05-09,GT-SERUM-HA,1,24.99,0.00,-0.00,-3.75,-3.55,0.00,0.00,17.69
2026-STL-0509,Order,114-1002011-9582257,2026-05-09,GT-SERUM-HA,1,24.99,0.00,-0.00,-3.75,-3.55,0.00,0.00,17.69
2026-STL-0509,Order,114-1002012-4763343,2026-05-09,GT-SERUM-HA,1,24.99,0.00,-0.00,-3.75,-3.55,0.00,0.00,17.69
2026-STL-0509,Order,114-1002293-1593277,2026-05-09,GT-MOIST-50ML,2,45.98,0.00,-0.00,-6.90,-7.20,0.00,0.00,31.88
2026-STL-0509,Order,114-1002294-2352134,2026-05-09,GT-MOIST-50ML,1,22.99,0.00,-0.00,-3.45,-3.60,0.00,0.00,15.94
2026-STL-0509,Order,114-1002295-1700297,2026-05-09,GT-MOIST-50ML,1,22.99,0.00,-0.00,-3.45,-3.60,0.00,0.00,15.94
2026-STL-0509,Order,114-1002296-6876348,2026-05-09,GT-MOIST-50ML,1,22.99,0.00,-0.00,-3.45,-3.60,0.00,0.00,15.94
2026-STL-0509,Order,114-1002297-4821097,2026-05-09,GT-MOIST-50ML,1,22.99,0.00,-2.30,-3.10,-3.60,0.00,0.00,13.99
2026-STL-0509,Order,114-1002473-1640782,2026-05-09,GT-CLEANSE-150,1,16.99,0.00,-1.70,-2.29,-3.70,0.00,0.00,9.30
2026-STL-0509,Order,114-1002474-3968018,2026-05-09,GT-CLEANSE-150,1,16.99,0.00,-0.00,-2.55,-3.70,0.00,0.00,10.74
2026-STL-0509,Order,114-1002620-2823879,2026-05-09,GT-MASK-CLAY,1,14.99,0.00,-0.00,-2.25,-3.85,0.00,0.00,8.89
2026-STL-0509,Order,114-1002746-5969473,2026-05-09,GT-EYE-CREAM,1,26.99,0.00,-2.70,-3.64,-3.50,0.00,0.00,17.15
2026-STL-0509,Order,114-1002747-2273983,2026-05-09,GT-EYE-CREAM,1,26.99,0.00,-0.00,-4.05,-3.50,0.00,0.00,19.44
2026-STL-0509,Order,114-1002748-7788683,2026-05-09,GT-EYE-CREAM,1,26.99,0.00,-0.00,-4.05,-3.50,0.00,0.00,19.44
2026-STL-0509,Order,114-1002884-2536556,2026-05-09,GT-SPF30-TINT,2,47.98,0.00,-0.00,-7.20,-7.20,0.00,0.00,33.58
2026-STL-0509,Order,114-1002885-2332311,2026-05-09,GT-SPF30-TINT,1,23.99,0.00,-0.00,-3.60,-3.60,0.00,0.00,16.79
2026-STL-0509,Order,114-1002886-4310140,2026-05-09,GT-SPF30-TINT,1,23.99,0.00,-0.00,-3.60,-3.60,0.00,0.00,16.79
2026-STL-0509,Order,114-1002887-8872045,2026-05-09,GT-SPF30-TINT,1,23.99,0.00,-0.00,-3.60,-3.60,0.00,0.00,16.79
2026-STL-0509,Refund,114-1003016-3730427,2026-05-09,GT-ROLLER-JADE,-2,-27.98,0.00,0.00,3.36,0.00,0.00,0.00,-24.62
2026-STL-0509,Order,114-1003028-7933281,2026-05-09,GT-ROLLER-JADE,3,41.97,0.00,-0.00,-6.30,-10.20,0.00,0.00,25.47
2026-STL-0509,Order,114-1003029-6038921,2026-05-09,GT-ROLLER-JADE,1,13.99,0.00,-0.00,-2.10,-3.40,0.00,0.00,8.49
2026-STL-0509,Order,114-1003176-9870703,2026-05-09,PH-CHEW-BULLY-6,1,29.99,0.00,-0.00,-4.50,-4.60,0.00,0.00,20.89
2026-STL-0509,Order,114-1003177-8297043,2026-05-09,PH-CHEW-BULLY-6,1,29.99,0.00,-0.00,-4.50,-4.60,0.00,0.00,20.89
2026-STL-0509,Order,114-1003178-5868635,2026-05-09,PH-CHEW-BULLY-6,1,29.99,0.00,-0.00,-4.50,-4.60,0.00,0.00,20.89
2026-STL-0509,Order,114-1003456-4958582,2026-05-09,PH-TREAT-SALMON,1,18.99,0.00,-1.90,-2.56,-3.90,0.00,0.00,10.63
2026-STL-0509,Order,114-1003457-1259406,2026-05-09,PH-TREAT-SALMON,1,18.99,0.00,-1.90,-2.56,-3.90,0.00,0.00,10.63
2026-STL-0509,Order,114-1003458-2415200,2026-05-09,PH-TREAT-SALMON,1,18.99,0.00,-0.00,-2.85,-3.90,0.00,0.00,12.24
2026-STL-0509,Order,114-1003459-6860345,2026-05-09,PH-TREAT-SALMON,1,18.99,0.00,-0.00,-2.85,-3.90,0.00,0.00,12.24
2026-STL-0509,Order,114-1003719-8132857,2026-05-09,PH-SHAMPOO-OAT,1,15.99,0.00,-0.00,-2.40,-3.95,0.00,0.00,9.64
2026-STL-0509,Order,114-1003720-7785319,2026-05-09,PH-SHAMPOO-OAT,2,31.98,0.00,-0.00,-4.80,-7.90,0.00,0.00,19.28
2026-STL-0509,Order,114-1003721-4092466,2026-05-09,PH-SHAMPOO-OAT,1,15.99,0.00,-1.60,-2.16,-3.95,0.00,0.00,8.28
2026-STL-0509,Order,114-1003874-5408514,2026-05-09,PH-TOY-ROPE-L,1,13.99,0.00,-0.00,-2.10,-3.75,0.00,0.00,8.14
2026-STL-0509,Order,114-1003875-9035984,2026-05-09,PH-TOY-ROPE-L,1,13.99,0.00,-0.00,-2.10,-3.75,0.00,0.00,8.14
2026-STL-0509,Order,114-1003876-4654144,2026-05-09,PH-TOY-ROPE-L,1,13.99,0.00,-0.00,-2.10,-3.75,0.00,0.00,8.14
2026-STL-0509,Order,114-1004030-4110064,2026-05-09,PH-BED-MED-GRY,1,42.99,0.00,-8.60,-5.16,-12.40,0.00,0.00,16.83
2026-STL-0509,Order,114-1004031-1475103,2026-05-09,PH-BED-MED-GRY,1,42.99,0.00,-0.00,-6.45,-12.40,0.00,0.00,24.14
2026-STL-0509,Order,114-1004136-2404386,2026-05-09,PH-BRUSH-DBL,1,12.99,0.00,-0.00,-1.95,-3.45,0.00,0.00,7.59
2026-STL-0509,Order,114-1004301-1138790,2026-05-09,PH-DENTAL-30CT,1,21.99,0.00,-4.40,-2.64,-4.10,0.00,0.00,10.85
2026-STL-0509,Order,114-1004302-3253530,2026-05-09,PH-DENTAL-30CT,1,21.99,0.00,-0.00,-3.30,-4.10,0.00,0.00,14.59
2026-STL-0509,Order,114-1004303-5348034,2026-05-09,PH-DENTAL-30CT,1,21.99,0.00,-0.00,-3.30,-4.10,0.00,0.00,14.59
2026-STL-0510,Refund,114-1000064-9874152,2026-05-10,PF-WHEY-CHOC,-3,-134.97,0.00,13.50,14.58,0.00,0.00,0.00,-106.89
2026-STL-0510,Order,114-1000122-8072684,2026-05-10,PF-WHEY-CHOC,2,89.98,0.00,-0.00,-13.50,-12.20,0.00,0.00,64.28
2026-STL-0510,Order,114-1000123-1873851,2026-05-10,PF-WHEY-CHOC,1,44.99,0.00,-0.00,-6.75,-6.10,0.00,0.00,32.14
2026-STL-0510,Order,114-1000124-1675419,2026-05-10,PF-WHEY-CHOC,1,44.99,0.00,-0.00,-6.75,-6.10,0.00,0.00,32.14
2026-STL-0510,Order,114-1000406-1447065,2026-05-10,PF-WHEY-VAN,1,44.99,0.00,-0.00,-6.75,-6.10,0.00,0.00,32.14
2026-STL-0510,Order,114-1000407-4817541,2026-05-10,PF-WHEY-VAN,1,44.99,0.00,-0.00,-6.75,-6.10,0.00,0.00,32.14
2026-STL-0510,Order,114-1000605-6276495,2026-05-10,PF-PREWKT-BERRY,1,32.99,0.00,-6.60,-3.96,-4.35,0.00,0.00,18.08
2026-STL-0510,Order,114-1000850-5935483,2026-05-10,PF-CREATINE-300,1,24.99,0.00,-5.00,-3.00,-4.05,0.00,0.00,12.94
2026-STL-0510,Order,114-1000851-3915798,2026-05-10,PF-CREATINE-300,3,74.97,0.00,-0.00,-11.25,-12.15,0.00,0.00,51.57
2026-STL-0510,Order,114-1000852-5682726,2026-05-10,PF-CREATINE-300,1,24.99,0.00,-0.00,-3.75,-4.05,0.00,0.00,17.19
2026-STL-0510,Order,114-1001105-6904121,2026-05-10,PF-BCAA-LEMON,1,27.99,0.00,-0.00,-4.20,-4.20,0.00,0.00,19.59
2026-STL-0510,Order,114-1001217-4787304,2026-05-10,PF-SHAKER-28,2,25.98,0.00,-0.00,-3.90,-6.90,0.00,0.00,15.18
2026-STL-0510,Order,114-1001411-2633262,2026-05-10,PF-ELECTRO-CIT,2,43.98,0.00,-0.00,-6.60,-7.90,0.00,0.00,29.48
2026-STL-0510,Order,114-1001412-1947061,2026-05-10,PF-ELECTRO-CIT,3,65.97,0.00,-0.00,-9.90,-11.85,0.00,0.00,44.22
2026-STL-0510,Order,114-1001636-2300622,2026-05-10,GT-SERUM-VITC,1,28.99,0.00,-0.00,-4.35,-3.55,0.00,0.00,21.09
2026-STL-0510,Order,114-1001637-8468826,2026-05-10,GT-SERUM-VITC,2,57.98,0.00,-5.80,-7.83,-7.10,0.00,0.00,37.25
2026-STL-0510,Order,114-1001638-7005668,2026-05-10,GT-SERUM-VITC,1,28.99,0.00,-2.90,-3.91,-3.55,0.00,0.00,18.63
2026-STL-0510,Order,114-1001639-1141455,2026-05-10,GT-SERUM-VITC,2,57.98,0.00,-5.80,-7.83,-7.10,0.00,0.00,37.25
2026-STL-0510,Order,114-1001640-1157090,2026-05-10,GT-SERUM-VITC,1,28.99,0.00,-0.00,-4.35,-3.55,0.00,0.00,21.09
2026-STL-0510,Order,114-1001641-7003240,2026-05-10,GT-SERUM-VITC,1,28.99,0.00,-0.00,-4.35,-3.55,0.00,0.00,21.09
2026-STL-0510,Order,114-1002013-7454929,2026-05-10,GT-SERUM-HA,1,24.99,0.00,-2.50,-3.37,-3.55,0.00,0.00,15.57
2026-STL-0510,Order,114-1002014-9251380,2026-05-10,GT-SERUM-HA,1,24.99,0.00,-2.50,-3.37,-3.55,0.00,0.00,15.57
2026-STL-0510,Order,114-1002015-5728058,2026-05-10,GT-SERUM-HA,1,24.99,0.00,-0.00,-3.75,-3.55,0.00,0.00,17.69
2026-STL-0510,Order,114-1002016-2422780,2026-05-10,GT-SERUM-HA,1,24.99,0.00,-0.00,-3.75,-3.55,0.00,0.00,17.69
2026-STL-0510,Order,114-1002298-4291258,2026-05-10,GT-MOIST-50ML,1,22.99,0.00,-0.00,-3.45,-3.60,0.00,0.00,15.94
2026-STL-0510,Order,114-1002299-1303581,2026-05-10,GT-MOIST-50ML,2,45.98,0.00,-0.00,-6.90,-7.20,0.00,0.00,31.88
2026-STL-0510,Order,114-1002300-3101134,2026-05-10,GT-MOIST-50ML,1,22.99,0.00,-0.00,-3.45,-3.60,0.00,0.00,15.94
2026-STL-0510,Order,114-1002301-8347629,2026-05-10,GT-MOIST-50ML,1,22.99,0.00,-0.00,-3.45,-3.60,0.00,0.00,15.94
2026-STL-0510,Order,114-1002475-2045647,2026-05-10,GT-CLEANSE-150,2,33.98,0.00,-0.00,-5.10,-7.40,0.00,0.00,21.48
2026-STL-0510,Order,114-1002476-4257839,2026-05-10,GT-CLEANSE-150,2,33.98,0.00,-0.00,-5.10,-7.40,0.00,0.00,21.48
2026-STL-0510,Order,114-1002477-6309658,2026-05-10,GT-CLEANSE-150,1,16.99,0.00,-0.00,-2.55,-3.70,0.00,0.00,10.74
2026-STL-0510,Order,114-1002621-6368975,2026-05-10,GT-MASK-CLAY,1,14.99,0.00,-0.00,-2.25,-3.85,0.00,0.00,8.89
2026-STL-0510,Order,114-1002622-4528113,2026-05-10,GT-MASK-CLAY,1,14.99,0.00,-0.00,-2.25,-3.85,0.00,0.00,8.89
2026-STL-0510,Order,114-1002749-7463257,2026-05-10,GT-EYE-CREAM,1,26.99,0.00,-0.00,-4.05,-3.50,0.00,0.00,19.44
2026-STL-0510,Order,114-1002750-5931029,2026-05-10,GT-EYE-CREAM,2,53.98,0.00,-5.40,-7.29,-7.00,0.00,0.00,34.29
2026-STL-0510,Order,114-1002888-2027878,2026-05-10,GT-SPF30-TINT,1,23.99,0.00,-2.40,-3.24,-3.60,0.00,0.00,14.75
2026-STL-0510,Order,114-1002889-4317199,2026-05-10,GT-SPF30-TINT,1,23.99,0.00,-0.00,-3.60,-3.60,0.00,0.00,16.79
2026-STL-0510,Order,114-1002890-4176691,2026-05-10,GT-SPF30-TINT,2,47.98,0.00,-0.00,-7.20,-7.20,0.00,0.00,33.58
2026-STL-0510,Order,114-1002891-4138145,2026-05-10,GT-SPF30-TINT,1,23.99,0.00,-0.00,-3.60,-3.60,0.00,0.00,16.79
2026-STL-0510,Order,114-1003030-2891674,2026-05-10,GT-ROLLER-JADE,1,13.99,0.00,-0.00,-2.10,-3.40,0.00,0.00,8.49
2026-STL-0510,Order,114-1003179-6580192,2026-05-10,PH-CHEW-BULLY-6,1,29.99,0.00,-0.00,-4.50,-4.60,0.00,0.00,20.89
2026-STL-0510,Order,114-1003180-8961083,2026-05-10,PH-CHEW-BULLY-6,1,29.99,0.00,-0.00,-4.50,-4.60,0.00,0.00,20.89
2026-STL-0510,Order,114-1003460-1248842,2026-05-10,PH-TREAT-SALMON,1,18.99,0.00,-0.00,-2.85,-3.90,0.00,0.00,12.24
2026-STL-0510,Order,114-1003461-2759945,2026-05-10,PH-TREAT-SALMON,1,18.99,0.00,-0.00,-2.85,-3.90,0.00,0.00,12.24
2026-STL-0510,Order,114-1003462-2222424,2026-05-10,PH-TREAT-SALMON,1,18.99,0.00,-0.00,-2.85,-3.90,0.00,0.00,12.24
2026-STL-0510,Order,114-1003463-3327739,2026-05-10,PH-TREAT-SALMON,1,18.99,0.00,-0.00,-2.85,-3.90,0.00,0.00,12.24
2026-STL-0510,Order,114-1003464-1661606,2026-05-10,PH-TREAT-SALMON,1,18.99,0.00,-0.00,-2.85,-3.90,0.00,0.00,12.24
2026-STL-0510,Order,114-1003722-2818628,2026-05-10,PH-SHAMPOO-OAT,1,15.99,0.00,-0.00,-2.40,-3.95,0.00,0.00,9.64
2026-STL-0510,Order,114-1003723-4840340,2026-05-10,PH-SHAMPOO-OAT,1,15.99,0.00,-0.00,-2.40,-3.95,0.00,0.00,9.64
2026-STL-0510,Order,114-1003877-7290929,2026-05-10,PH-TOY-ROPE-L,1,13.99,0.00,-2.80,-1.68,-3.75,0.00,0.00,5.76
2026-STL-0510,Order,114-1003878-8691955,2026-05-10,PH-TOY-ROPE-L,1,13.99,0.00,-0.00,-2.10,-3.75,0.00,0.00,8.14
2026-STL-0510,Order,114-1004032-9898935,2026-05-10,PH-BED-MED-GRY,1,42.99,0.00,-0.00,-6.45,-12.40,0.00,0.00,24.14
2026-STL-0510,Order,114-1004137-5967272,2026-05-10,PH-BRUSH-DBL,1,12.99,0.00,-0.00,-1.95,-3.45,0.00,0.00,7.59
2026-STL-0510,Order,114-1004138-7249336,2026-05-10,PH-BRUSH-DBL,2,25.98,0.00,-0.00,-3.90,-6.90,0.00,0.00,15.18
2026-STL-0510,Order,114-1004139-9988988,2026-05-10,PH-BRUSH-DBL,2,25.98,0.00,-0.00,-3.90,-6.90,0.00,0.00,15.18
2026-STL-0510,Order,114-1004304-4857362,2026-05-10,PH-DENTAL-30CT,1,21.99,0.00,-0.00,-3.30,-4.10,0.00,0.00,14.59
2026-STL-0510,Order,114-1004305-7908210,2026-05-10,PH-DENTAL-30CT,1,21.99,0.00,-2.20,-2.97,-4.10,0.00,0.00,12.72
2026-STL-0511,Order,114-1000125-3117636,2026-05-11,PF-WHEY-CHOC,1,44.99,0.00,-0.00,-6.75,-6.10,0.00,0.00,32.14
2026-STL-0511,Order,114-1000126-8801975,2026-05-11,PF-WHEY-CHOC,1,44.99,0.00,-4.50,-6.07,-6.10,0.00,0.00,28.32
2026-STL-0511,Order,114-1000127-2921542,2026-05-11,PF-WHEY-CHOC,1,44.99,0.00,-0.00,-6.75,-6.10,0.00,0.00,32.14
2026-STL-0511,Order,114-1000128-1430812,2026-05-11,PF-WHEY-CHOC,1,44.99,0.00,-0.00,-6.75,-6.10,0.00,0.00,32.14
2026-STL-0511,Order,114-1000129-7296605,2026-05-11,PF-WHEY-CHOC,1,44.99,0.00,-4.50,-6.07,-6.10,0.00,0.00,28.32
2026-STL-0511,Order,114-1000408-7378535,2026-05-11,PF-WHEY-VAN,1,44.99,0.00,-0.00,-6.75,-6.10,0.00,0.00,32.14
2026-STL-0511,Order,114-1000409-2843740,2026-05-11,PF-WHEY-VAN,1,44.99,0.00,-0.00,-6.75,-6.10,0.00,0.00,32.14
2026-STL-0511,Order,114-1000606-5780177,2026-05-11,PF-PREWKT-BERRY,1,32.99,0.00,-0.00,-4.95,-4.35,0.00,0.00,23.69
2026-STL-0511,Order,114-1000607-6060836,2026-05-11,PF-PREWKT-BERRY,1,32.99,0.00,-3.30,-4.45,-4.35,0.00,0.00,20.89
2026-STL-0511,Order,114-1000853-5278461,2026-05-11,PF-CREATINE-300,1,24.99,0.00,-0.00,-3.75,-4.05,0.00,0.00,17.19
2026-STL-0511,Order,114-1000854-3578714,2026-05-11,PF-CREATINE-300,1,24.99,0.00,-0.00,-3.75,-4.05,0.00,0.00,17.19
2026-STL-0511,Order,114-1000855-6052539,2026-05-11,PF-CREATINE-300,1,24.99,0.00,-0.00,-3.75,-4.05,0.00,0.00,17.19
2026-STL-0511,Order,114-1000856-6332789,2026-05-11,PF-CREATINE-300,1,24.99,0.00,-0.00,-3.75,-4.05,0.00,0.00,17.19
2026-STL-0511,Order,114-1001218-4972005,2026-05-11,PF-SHAKER-28,1,12.99,0.00,-0.00,-1.95,-3.45,0.00,0.00,7.59
2026-STL-0511,Order,114-1001219-7156735,2026-05-11,PF-SHAKER-28,1,12.99,0.00,-1.30,-1.75,-3.45,0.00,0.00,6.49
2026-STL-0511,Order,114-1001319-7254777,2026-05-11,PF-VEGAN-CHOC,1,39.99,0.00,-0.00,-6.00,-6.10,0.00,0.00,27.89
2026-STL-0511,Order,114-1001320-3058722,2026-05-11,PF-VEGAN-CHOC,1,39.99,0.00,-0.00,-6.00,-6.10,0.00,0.00,27.89
2026-STL-0511,Order,114-1001413-2425085,2026-05-11,PF-ELECTRO-CIT,1,21.99,0.00,-0.00,-3.30,-3.95,0.00,0.00,14.74
2026-STL-0511,Order,114-1001642-9284734,2026-05-11,GT-SERUM-VITC,1,28.99,0.00,-0.00,-4.35,-3.55,0.00,0.00,21.09
2026-STL-0511,Order,114-1001643-4507886,2026-05-11,GT-SERUM-VITC,1,28.99,0.00,-0.00,-4.35,-3.55,0.00,0.00,21.09
2026-STL-0511,Order,114-1001644-5653119,2026-05-11,GT-SERUM-VITC,1,28.99,0.00,-0.00,-4.35,-3.55,0.00,0.00,21.09
2026-STL-0511,Order,114-1001645-3944885,2026-05-11,GT-SERUM-VITC,1,28.99,0.00,-0.00,-4.35,-3.55,0.00,0.00,21.09
2026-STL-0511,Order,114-1001646-5355775,2026-05-11,GT-SERUM-VITC,1,28.99,0.00,-0.00,-4.35,-3.55,0.00,0.00,21.09
2026-STL-0511,Order,114-1001647-5602459,2026-05-11,GT-SERUM-VITC,2,57.98,0.00,-5.80,-7.83,-7.10,0.00,0.00,37.25
2026-STL-0511,Order,114-1002017-9899988,2026-05-11,GT-SERUM-HA,1,24.99,0.00,-0.00,-3.75,-3.55,0.00,0.00,17.69
2026-STL-0511,Order,114-1002018-6059400,2026-05-11,GT-SERUM-HA,1,24.99,0.00,-0.00,-3.75,-3.55,0.00,0.00,17.69
2026-STL-0511,Order,114-1002019-5548190,2026-05-11,GT-SERUM-HA,1,24.99,0.00,-2.50,-3.37,-3.55,0.00,0.00,15.57
2026-STL-0511,Order,114-1002020-2281267,2026-05-11,GT-SERUM-HA,1,24.99,0.00,-2.50,-3.37,-3.55,0.00,0.00,15.57
2026-STL-0511,Order,114-1002021-3459356,2026-05-11,GT-SERUM-HA,2,49.98,0.00,-10.00,-6.00,-7.10,0.00,0.00,26.88
2026-STL-0511,Order,114-1002302-1971778,2026-05-11,GT-MOIST-50ML,1,22.99,0.00,-0.00,-3.45,-3.60,0.00,0.00,15.94
2026-STL-0511,Order,114-1002478-7144765,2026-05-11,GT-CLEANSE-150,1,16.99,0.00,-3.40,-2.04,-3.70,0.00,0.00,7.85
2026-STL-0511,Order,114-1002479-2031520,2026-05-11,GT-CLEANSE-150,2,33.98,0.00,-0.00,-5.10,-7.40,0.00,0.00,21.48
2026-STL-0511,Order,114-1002480-5473408,2026-05-11,GT-CLEANSE-150,2,33.98,0.00,-0.00,-5.10,-7.40,0.00,0.00,21.48
2026-STL-0511,Order,114-1002623-3649846,2026-05-11,GT-MASK-CLAY,1,14.99,0.00,-0.00,-2.25,-3.85,0.00,0.00,8.89
2026-STL-0511,Order,114-1002624-8948628,2026-05-11,GT-MASK-CLAY,1,14.99,0.00,-3.00,-1.80,-3.85,0.00,0.00,6.34
2026-STL-0511,Order,114-1002751-4771935,2026-05-11,GT-EYE-CREAM,3,80.97,0.00,-0.00,-12.15,-10.50,0.00,0.00,58.32
2026-STL-0511,Order,114-1002752-5593405,2026-05-11,GT-EYE-CREAM,1,26.99,0.00,-0.00,-4.05,-3.50,0.00,0.00,19.44
2026-STL-0511,Refund,114-1002880-2265195,2026-05-11,GT-SPF30-TINT,-1,-23.99,0.00,0.00,2.88,0.00,0.00,0.00,-21.11
2026-STL-0511,Order,114-1002892-5978127,2026-05-11,GT-SPF30-TINT,1,23.99,0.00,-2.40,-3.24,-3.60,0.00,0.00,14.75
2026-STL-0511,Order,114-1002893-8155873,2026-05-11,GT-SPF30-TINT,1,23.99,0.00,-0.00,-3.60,-3.60,0.00,0.00,16.79
2026-STL-0511,Order,114-1003031-6089270,2026-05-11,GT-ROLLER-JADE,1,13.99,0.00,-0.00,-2.10,-3.40,0.00,0.00,8.49
2026-STL-0511,Order,114-1003181-6287835,2026-05-11,PH-CHEW-BULLY-6,2,59.98,0.00,-0.00,-9.00,-9.20,0.00,0.00,41.78
2026-STL-0511,Order,114-1003182-1649453,2026-05-11,PH-CHEW-BULLY-6,1,29.99,0.00,-0.00,-4.50,-4.60,0.00,0.00,20.89
2026-STL-0511,Order,114-1003465-4946323,2026-05-11,PH-TREAT-SALMON,1,18.99,0.00,-0.00,-2.85,-3.90,0.00,0.00,12.24
2026-STL-0511,Order,114-1003466-1271225,2026-05-11,PH-TREAT-SALMON,1,18.99,0.00,-0.00,-2.85,-3.90,0.00,0.00,12.24
2026-STL-0511,Order,114-1003467-6551272,2026-05-11,PH-TREAT-SALMON,1,18.99,0.00,-1.90,-2.56,-3.90,0.00,0.00,10.63
2026-STL-0511,Order,114-1003468-4855388,2026-05-11,PH-TREAT-SALMON,2,37.98,0.00,-0.00,-5.70,-7.80,0.00,0.00,24.48
2026-STL-0511,Order,114-1003469-5207244,2026-05-11,PH-TREAT-SALMON,1,18.99,0.00,-3.80,-2.28,-3.90,0.00,0.00,9.01
2026-STL-0511,Order,114-1003470-6666017,2026-05-11,PH-TREAT-SALMON,1,18.99,0.00,-0.00,-2.85,-3.90,0.00,0.00,12.24
2026-STL-0511,Order,114-1003724-2986662,2026-05-11,PH-SHAMPOO-OAT,1,15.99,0.00,-1.60,-2.16,-3.95,0.00,0.00,8.28
2026-STL-0511,Order,114-1003725-8582065,2026-05-11,PH-SHAMPOO-OAT,1,15.99,0.00,-3.20,-1.92,-3.95,0.00,0.00,6.92
2026-STL-0511,Order,114-1003726-8951535,2026-05-11,PH-SHAMPOO-OAT,2,31.98,0.00,-0.00,-4.80,-7.90,0.00,0.00,19.28
2026-STL-0511,Order,114-1003727-2129648,2026-05-11,PH-SHAMPOO-OAT,1,15.99,0.00,-0.00,-2.40,-3.95,0.00,0.00,9.64
2026-STL-0511,Order,114-1003879-6504465,2026-05-11,PH-TOY-ROPE-L,2,27.98,0.00,-0.00,-4.20,-7.50,0.00,0.00,16.28
2026-STL-0511,Order,114-1003880-2222698,2026-05-11,PH-TOY-ROPE-L,1,13.99,0.00,-1.40,-1.89,-3.75,0.00,0.00,6.95
2026-STL-0511,Order,114-1004140-2744514,2026-05-11,PH-BRUSH-DBL,1,12.99,0.00,-1.30,-1.75,-3.45,0.00,0.00,6.49
2026-STL-0511,Order,114-1004141-1981259,2026-05-11,PH-BRUSH-DBL,1,12.99,0.00,-0.00,-1.95,-3.45,0.00,0.00,7.59
2026-STL-0511,Order,114-1004142-1016106,2026-05-11,PH-BRUSH-DBL,3,38.97,0.00,-0.00,-5.85,-10.35,0.00,0.00,22.77
2026-STL-0511,Order,114-1004306-1060293,2026-05-11,PH-DENTAL-30CT,1,21.99,0.00,-0.00,-3.30,-4.10,0.00,0.00,14.59
2026-STL-0511,Order,114-1004307-5667750,2026-05-11,PH-DENTAL-30CT,1,21.99,0.00,-0.00,-3.30,-4.10,0.00,0.00,14.59
2026-STL-0511,Order,114-1004308-6367049,2026-05-11,PH-DENTAL-30CT,1,21.99,0.00,-0.00,-3.30,-4.10,0.00,0.00,14.59
2026-STL-0511,Order,114-1004309-4978372,2026-05-11,PH-DENTAL-30CT,1,21.99,0.00,-2.20,-2.97,-4.10,0.00,0.00,12.72
2026-STL-0512,Adjustment,,2026-05-12,PF-WHEY-CHOC,2,0.00,0.00,0.00,0.00,0.00,0.00,61.40,61.40
2026-STL-0512,Refund,114-1000077-7917152,2026-05-12,PF-WHEY-CHOC,-3,-134.97,0.00,13.50,14.58,0.00,0.00,0.00,-106.89
2026-STL-0512,Order,114-1000130-5074336,2026-05-12,PF-WHEY-CHOC,1,44.99,0.00,-0.00,-6.75,-6.10,0.00,0.00,32.14
2026-STL-0512,Order,114-1000131-3030966,2026-05-12,PF-WHEY-CHOC,1,44.99,0.00,-4.50,-6.07,-6.10,0.00,0.00,28.32
2026-STL-0512,Order,114-1000132-9937982,2026-05-12,PF-WHEY-CHOC,1,44.99,0.00,-0.00,-6.75,-6.10,0.00,0.00,32.14
2026-STL-0512,Order,114-1000133-6724909,2026-05-12,PF-WHEY-CHOC,1,44.99,0.00,-0.00,-6.75,-6.10,0.00,0.00,32.14
2026-STL-0512,Order,114-1000410-9419134,2026-05-12,PF-WHEY-VAN,1,44.99,0.00,-0.00,-6.75,-6.10,0.00,0.00,32.14
2026-STL-0512,Order,114-1000411-2044906,2026-05-12,PF-WHEY-VAN,2,89.98,0.00,-9.00,-12.15,-12.20,0.00,0.00,56.63
2026-STL-0512,Order,114-1000608-7572491,2026-05-12,PF-PREWKT-BERRY,1,32.99,0.00,-0.00,-4.95,-4.35,0.00,0.00,23.69
2026-STL-0512,Order,114-1000609-5015476,2026-05-12,PF-PREWKT-BERRY,1,32.99,0.00,-3.30,-4.45,-4.35,0.00,0.00,20.89
2026-STL-0512,Order,114-1000610-2191383,2026-05-12,PF-PREWKT-BERRY,1,32.99,0.00,-0.00,-4.95,-4.35,0.00,0.00,23.69
2026-STL-0512,Order,114-1000857-7768215,2026-05-12,PF-CREATINE-300,1,24.99,0.00,-0.00,-3.75,-4.05,0.00,0.00,17.19
2026-STL-0512,Order,114-1000858-6568081,2026-05-12,PF-CREATINE-300,1,24.99,0.00,-0.00,-3.75,-4.05,0.00,0.00,17.19
2026-STL-0512,Order,114-1000859-9900294,2026-05-12,PF-CREATINE-300,1,24.99,0.00,-5.00,-3.00,-4.05,0.00,0.00,12.94
2026-STL-0512,Order,114-1000860-1147701,2026-05-12,PF-CREATINE-300,1,24.99,0.00,-0.00,-3.75,-4.05,0.00,0.00,17.19
2026-STL-0512,Order,114-1000861-5090740,2026-05-12,PF-CREATINE-300,1,24.99,0.00,-0.00,-3.75,-4.05,0.00,0.00,17.19
2026-STL-0512,Order,114-1001106-2040350,2026-05-12,PF-BCAA-LEMON,3,83.97,0.00,-0.00,-12.60,-12.60,0.00,0.00,58.77
2026-STL-0512,Order,114-1001107-1494355,2026-05-12,PF-BCAA-LEMON,2,55.98,0.00,-5.60,-7.56,-8.40,0.00,0.00,34.42
2026-STL-0512,Order,114-1001108-6734220,2026-05-12,PF-BCAA-LEMON,2,55.98,0.00,-0.00,-8.40,-8.40,0.00,0.00,39.18
2026-STL-0512,Order,114-1001109-7412371,2026-05-12,PF-BCAA-LEMON,1,27.99,0.00,-0.00,-4.20,-4.20,0.00,0.00,19.59
2026-STL-0512,Order,114-1001414-6471332,2026-05-12,PF-ELECTRO-CIT,1,21.99,0.00,-0.00,-3.30,-3.95,0.00,0.00,14.74
2026-STL-0512,Order,114-1001415-9636236,2026-05-12,PF-ELECTRO-CIT,1,21.99,0.00,-0.00,-3.30,-3.95,0.00,0.00,14.74
2026-STL-0512,Order,114-1001648-9941274,2026-05-12,GT-SERUM-VITC,1,28.99,0.00,-5.80,-3.48,-3.55,0.00,0.00,16.16
2026-STL-0512,Order,114-1001649-1032798,2026-05-12,GT-SERUM-VITC,1,28.99,0.00,-2.90,-3.91,-3.55,0.00,0.00,18.63
2026-STL-0512,Order,114-1001650-1870113,2026-05-12,GT-SERUM-VITC,1,28.99,0.00,-2.90,-3.91,-3.55,0.00,0.00,18.63
2026-STL-0512,Order,114-1001651-7826244,2026-05-12,GT-SERUM-VITC,1,28.99,0.00,-2.90,-3.91,-3.55,0.00,0.00,18.63
2026-STL-0512,Order,114-1002022-2129335,2026-05-12,GT-SERUM-HA,1,24.99,0.00,-0.00,-3.75,-3.55,0.00,0.00,17.69
2026-STL-0512,Order,114-1002023-3427123,2026-05-12,GT-SERUM-HA,1,24.99,0.00,-0.00,-3.75,-3.55,0.00,0.00,17.69
2026-STL-0512,Order,114-1002024-7459520,2026-05-12,GT-SERUM-HA,3,74.97,0.00,-0.00,-11.25,-10.65,0.00,0.00,53.07
2026-STL-0512,Order,114-1002303-7930088,2026-05-12,GT-MOIST-50ML,1,22.99,0.00,-0.00,-3.45,-3.60,0.00,0.00,15.94
2026-STL-0512,Order,114-1002481-3901925,2026-05-12,GT-CLEANSE-150,1,16.99,0.00,-0.00,-2.55,-3.70,0.00,0.00,10.74
2026-STL-0512,Order,114-1002625-5519499,2026-05-12,GT-MASK-CLAY,1,14.99,0.00,-0.00,-2.25,-3.85,0.00,0.00,8.89
2026-STL-0512,Order,114-1002626-6093866,2026-05-12,GT-MASK-CLAY,1,14.99,0.00,-1.50,-2.02,-3.85,0.00,0.00,7.62
2026-STL-0512,Order,114-1002753-4623343,2026-05-12,GT-EYE-CREAM,1,26.99,0.00,-0.00,-4.05,-3.50,0.00,0.00,19.44
2026-STL-0512,Order,114-1002754-9107980,2026-05-12,GT-EYE-CREAM,1,26.99,0.00,-5.40,-3.24,-3.50,0.00,0.00,14.85
2026-STL-0512,Order,114-1002755-4225237,2026-05-12,GT-EYE-CREAM,1,26.99,0.00,-0.00,-4.05,-3.50,0.00,0.00,19.44
2026-STL-0512,Refund,114-1002878-2904638,2026-05-12,GT-SPF30-TINT,-2,-47.98,0.00,4.80,5.18,0.00,0.00,0.00,-38.00
2026-STL-0512,Order,114-1002894-1117156,2026-05-12,GT-SPF30-TINT,1,23.99,0.00,-0.00,-3.60,-3.60,0.00,0.00,16.79
2026-STL-0512,Order,114-1002895-3705563,2026-05-12,GT-SPF30-TINT,3,71.97,0.00,-0.00,-10.80,-10.80,0.00,0.00,50.37
2026-STL-0512,Order,114-1003032-4165307,2026-05-12,GT-ROLLER-JADE,2,27.98,0.00,-2.80,-3.78,-6.80,0.00,0.00,14.60
2026-STL-0512,Order,114-1003033-3892693,2026-05-12,GT-ROLLER-JADE,1,13.99,0.00,-0.00,-2.10,-3.40,0.00,0.00,8.49
2026-STL-0512,Order,114-1003183-7623855,2026-05-12,PH-CHEW-BULLY-6,1,29.99,0.00,-0.00,-4.50,-4.60,0.00,0.00,20.89
2026-STL-0512,Order,114-1003184-8537163,2026-05-12,PH-CHEW-BULLY-6,1,29.99,0.00,-0.00,-4.50,-4.60,0.00,0.00,20.89
2026-STL-0512,Order,114-1003185-2276841,2026-05-12,PH-CHEW-BULLY-6,1,29.99,0.00,-0.00,-4.50,-4.60,0.00,0.00,20.89
2026-STL-0512,Order,114-1003186-7991989,2026-05-12,PH-CHEW-BULLY-6,1,29.99,0.00,-3.00,-4.05,-4.60,0.00,0.00,18.34
2026-STL-0512,Refund,114-1003416-4753645,2026-05-12,PH-TREAT-SALMON,-2,-37.98,0.00,0.00,4.56,0.00,0.00,0.00,-33.42
2026-STL-0512,Order,114-1003471-6817992,2026-05-12,PH-TREAT-SALMON,1,18.99,0.00,-0.00,-2.85,-3.90,0.00,0.00,12.24
2026-STL-0512,Order,114-1003472-1600615,2026-05-12,PH-TREAT-SALMON,1,18.99,0.00,-0.00,-2.85,-3.90,0.00,0.00,12.24
2026-STL-0512,Order,114-1003473-4003831,2026-05-12,PH-TREAT-SALMON,1,18.99,0.00,-0.00,-2.85,-3.90,0.00,0.00,12.24
2026-STL-0512,Order,114-1003728-2676290,2026-05-12,PH-SHAMPOO-OAT,1,15.99,0.00,-0.00,-2.40,-3.95,0.00,0.00,9.64
2026-STL-0512,Order,114-1003729-5214454,2026-05-12,PH-SHAMPOO-OAT,2,31.98,0.00,-3.20,-4.32,-7.90,0.00,0.00,16.56
2026-STL-0512,Order,114-1003881-5796087,2026-05-12,PH-TOY-ROPE-L,1,13.99,0.00,-0.00,-2.10,-3.75,0.00,0.00,8.14
2026-STL-0512,Order,114-1003882-2025898,2026-05-12,PH-TOY-ROPE-L,1,13.99,0.00,-0.00,-2.10,-3.75,0.00,0.00,8.14
2026-STL-0512,Order,114-1003883-3507382,2026-05-12,PH-TOY-ROPE-L,1,13.99,0.00,-0.00,-2.10,-3.75,0.00,0.00,8.14
2026-STL-0512,Order,114-1004033-4489742,2026-05-12,PH-BED-MED-GRY,1,42.99,0.00,-4.30,-5.80,-12.40,0.00,0.00,20.49
2026-STL-0512,Order,114-1004143-9798264,2026-05-12,PH-BRUSH-DBL,2,25.98,0.00,-0.00,-3.90,-6.90,0.00,0.00,15.18
2026-STL-0512,Order,114-1004144-7504808,2026-05-12,PH-BRUSH-DBL,2,25.98,0.00,-0.00,-3.90,-6.90,0.00,0.00,15.18
2026-STL-0512,Order,114-1004310-8611395,2026-05-12,PH-DENTAL-30CT,1,21.99,0.00,-0.00,-3.30,-4.10,0.00,0.00,14.59
2026-STL-0512,Order,114-1004311-4297494,2026-05-12,PH-DENTAL-30CT,1,21.99,0.00,-0.00,-3.30,-4.10,0.00,0.00,14.59
2026-STL-0512,Order,114-1004312-3010214,2026-05-12,PH-DENTAL-30CT,1,21.99,0.00,-4.40,-2.64,-4.10,0.00,0.00,10.85
2026-STL-0513,Order,114-1000134-8713146,2026-05-13,PF-WHEY-CHOC,3,134.97,0.00,-0.00,-20.25,-18.30,0.00,0.00,96.42
2026-STL-0513,Order,114-1000135-5531230,2026-05-13,PF-WHEY-CHOC,1,44.99,0.00,-0.00,-6.75,-6.10,0.00,0.00,32.14
2026-STL-0513,Order,114-1000136-8799287,2026-05-13,PF-WHEY-CHOC,2,89.98,0.00,-0.00,-13.50,-12.20,0.00,0.00,64.28
2026-STL-0513,Order,114-1000137-5118725,2026-05-13,PF-WHEY-CHOC,1,44.99,0.00,-0.00,-6.75,-6.10,0.00,0.00,32.14
2026-STL-0513,Order,114-1000412-9025733,2026-05-13,PF-WHEY-VAN,1,44.99,0.00,-0.00,-6.75,-6.10,0.00,0.00,32.14
2026-STL-0513,Order,114-1000413-9944387,2026-05-13,PF-WHEY-VAN,1,44.99,0.00,-0.00,-6.75,-6.10,0.00,0.00,32.14
2026-STL-0513,Order,114-1000414-5435261,2026-05-13,PF-WHEY-VAN,1,44.99,0.00,-0.00,-6.75,-6.10,0.00,0.00,32.14
2026-STL-0513,Order,114-1000611-8060918,2026-05-13,PF-PREWKT-BERRY,2,65.98,0.00,-0.00,-9.90,-8.70,0.00,0.00,47.38
2026-STL-0513,Order,114-1000612-2224599,2026-05-13,PF-PREWKT-BERRY,1,32.99,0.00,-0.00,-4.95,-4.35,0.00,0.00,23.69
2026-STL-0513,Order,114-1000613-2014499,2026-05-13,PF-PREWKT-BERRY,1,32.99,0.00,-0.00,-4.95,-4.35,0.00,0.00,23.69
2026-STL-0513,Order,114-1000614-9406206,2026-05-13,PF-PREWKT-BERRY,1,32.99,0.00,-0.00,-4.95,-4.35,0.00,0.00,23.69
2026-STL-0513,Order,114-1000862-2902100,2026-05-13,PF-CREATINE-300,1,24.99,0.00,-0.00,-3.75,-4.05,0.00,0.00,17.19
2026-STL-0513,Order,114-1000863-9671603,2026-05-13,PF-CREATINE-300,1,24.99,0.00,-0.00,-3.75,-4.05,0.00,0.00,17.19
2026-STL-0513,Order,114-1000864-8475204,2026-05-13,PF-CREATINE-300,1,24.99,0.00,-2.50,-3.37,-4.05,0.00,0.00,15.07
2026-STL-0513,Order,114-1000865-6373956,2026-05-13,PF-CREATINE-300,1,24.99,0.00,-0.00,-3.75,-4.05,0.00,0.00,17.19
2026-STL-0513,Order,114-1001220-2343236,2026-05-13,PF-SHAKER-28,1,12.99,0.00,-0.00,-1.95,-3.45,0.00,0.00,7.59
2026-STL-0513,Order,114-1001416-1373065,2026-05-13,PF-ELECTRO-CIT,1,21.99,0.00,-0.00,-3.30,-3.95,0.00,0.00,14.74
2026-STL-0513,Order,114-1001417-2639564,2026-05-13,PF-ELECTRO-CIT,1,21.99,0.00,-0.00,-3.30,-3.95,0.00,0.00,14.74
2026-STL-0513,Order,114-1001652-4767293,2026-05-13,GT-SERUM-VITC,1,28.99,0.00,-0.00,-4.35,-3.55,0.00,0.00,21.09
2026-STL-0513,Order,114-1001653-1086558,2026-05-13,GT-SERUM-VITC,1,28.99,0.00,-0.00,-4.35,-3.55,0.00,0.00,21.09
2026-STL-0513,Order,114-1001654-1425670,2026-05-13,GT-SERUM-VITC,1,28.99,0.00,-2.90,-3.91,-3.55,0.00,0.00,18.63
2026-STL-0513,Order,114-1001655-2248902,2026-05-13,GT-SERUM-VITC,1,28.99,0.00,-0.00,-4.35,-3.55,0.00,0.00,21.09
2026-STL-0513,Refund,114-1002010-3064864,2026-05-13,GT-SERUM-HA,-1,-24.99,0.00,0.00,3.00,0.00,0.00,0.00,-21.99
2026-STL-0513,Order,114-1002025-7944833,2026-05-13,GT-SERUM-HA,1,24.99,0.00,-0.00,-3.75,-3.55,0.00,0.00,17.69
2026-STL-0513,Order,114-1002026-5125653,2026-05-13,GT-SERUM-HA,1,24.99,0.00,-0.00,-3.75,-3.55,0.00,0.00,17.69
2026-STL-0513,Order,114-1002027-9264480,2026-05-13,GT-SERUM-HA,1,24.99,0.00,-0.00,-3.75,-3.55,0.00,0.00,17.69
2026-STL-0513,Order,114-1002028-8077313,2026-05-13,GT-SERUM-HA,2,49.98,0.00,-0.00,-7.50,-7.10,0.00,0.00,35.38
2026-STL-0513,Refund,114-1002297-4821097,2026-05-13,GT-MOIST-50ML,-1,-22.99,0.00,2.30,2.48,0.00,0.00,0.00,-18.21
2026-STL-0513,Order,114-1002304-1249956,2026-05-13,GT-MOIST-50ML,1,22.99,0.00,-4.60,-2.76,-3.60,0.00,0.00,12.03
2026-STL-0513,Order,114-1002305-1950506,2026-05-13,GT-MOIST-50ML,1,22.99,0.00,-0.00,-3.45,-3.60,0.00,0.00,15.94
2026-STL-0513,Order,114-1002306-6866446,2026-05-13,GT-MOIST-50ML,1,22.99,0.00,-0.00,-3.45,-3.60,0.00,0.00,15.94
2026-STL-0513,Order,114-1002307-3176277,2026-05-13,GT-MOIST-50ML,2,45.98,0.00,-9.20,-5.52,-7.20,0.00,0.00,24.06
2026-STL-0513,Order,114-1002482-6220474,2026-05-13,GT-CLEANSE-150,2,33.98,0.00,-3.40,-4.59,-7.40,0.00,0.00,18.59
2026-STL-0513,Order,114-1002483-2444438,2026-05-13,GT-CLEANSE-150,1,16.99,0.00,-0.00,-2.55,-3.70,0.00,0.00,10.74
2026-STL-0513,Order,114-1002627-6167665,2026-05-13,GT-MASK-CLAY,2,29.98,0.00,-0.00,-4.50,-7.70,0.00,0.00,17.78
2026-STL-0513,Order,114-1002896-8215793,2026-05-13,GT-SPF30-TINT,1,23.99,0.00,-0.00,-3.60,-3.60,0.00,0.00,16.79
2026-STL-0513,Order,114-1002897-1201308,2026-05-13,GT-SPF30-TINT,1,23.99,0.00,-0.00,-3.60,-3.60,0.00,0.00,16.79
2026-STL-0513,Order,114-1002898-7064624,2026-05-13,GT-SPF30-TINT,1,23.99,0.00,-0.00,-3.60,-3.60,0.00,0.00,16.79
2026-STL-0513,Order,114-1003034-2189815,2026-05-13,GT-ROLLER-JADE,1,13.99,0.00,-0.00,-2.10,-3.40,0.00,0.00,8.49
2026-STL-0513,Order,114-1003035-2140750,2026-05-13,GT-ROLLER-JADE,1,13.99,0.00,-0.00,-2.10,-3.40,0.00,0.00,8.49
2026-STL-0513,Order,114-1003187-1858921,2026-05-13,PH-CHEW-BULLY-6,1,29.99,0.00,-0.00,-4.50,-4.60,0.00,0.00,20.89
2026-STL-0513,Order,114-1003188-5824408,2026-05-13,PH-CHEW-BULLY-6,1,29.99,0.00,-0.00,-4.50,-4.60,0.00,0.00,20.89
2026-STL-0513,Order,114-1003189-7526781,2026-05-13,PH-CHEW-BULLY-6,2,59.98,0.00,-6.00,-8.10,-9.20,0.00,0.00,36.68
2026-STL-0513,Order,114-1003190-4359756,2026-05-13,PH-CHEW-BULLY-6,1,29.99,0.00,-0.00,-4.50,-4.60,0.00,0.00,20.89
2026-STL-0513,Order,114-1003474-9012822,2026-05-13,PH-TREAT-SALMON,1,18.99,0.00,-0.00,-2.85,-3.90,0.00,0.00,12.24
2026-STL-0513,Order,114-1003475-1439863,2026-05-13,PH-TREAT-SALMON,1,18.99,0.00,-0.00,-2.85,-3.90,0.00,0.00,12.24
2026-STL-0513,Order,114-1003476-2308486,2026-05-13,PH-TREAT-SALMON,1,18.99,0.00,-0.00,-2.85,-3.90,0.00,0.00,12.24
2026-STL-0513,Order,114-1003730-1251893,2026-05-13,PH-SHAMPOO-OAT,1,15.99,0.00,-0.00,-2.40,-3.95,0.00,0.00,9.64
2026-STL-0513,Refund,114-1003866-2988393,2026-05-13,PH-TOY-ROPE-L,-1,-13.99,0.00,0.00,1.68,0.00,0.00,0.00,-12.31
2026-STL-0513,Order,114-1003884-2598011,2026-05-13,PH-TOY-ROPE-L,1,13.99,0.00,-0.00,-2.10,-3.75,0.00,0.00,8.14
2026-STL-0513,Order,114-1003885-1668300,2026-05-13,PH-TOY-ROPE-L,1,13.99,0.00,-0.00,-2.10,-3.75,0.00,0.00,8.14
2026-STL-0513,Refund,114-1004127-3245147,2026-05-13,PH-BRUSH-DBL,-1,-12.99,0.00,0.00,1.56,0.00,0.00,0.00,-11.43
2026-STL-0513,Order,114-1004145-6214228,2026-05-13,PH-BRUSH-DBL,1,12.99,0.00,-1.30,-1.75,-3.45,0.00,0.00,6.49
2026-STL-0513,Order,114-1004146-3169313,2026-05-13,PH-BRUSH-DBL,1,12.99,0.00,-0.00,-1.95,-3.45,0.00,0.00,7.59
2026-STL-0513,Order,114-1004147-3364066,2026-05-13,PH-BRUSH-DBL,1,12.99,0.00,-0.00,-1.95,-3.45,0.00,0.00,7.59
2026-STL-0513,Order,114-1004313-1589128,2026-05-13,PH-DENTAL-30CT,2,43.98,0.00,-0.00,-6.60,-8.20,0.00,0.00,29.18
2026-STL-0513,Order,114-1004314-9769743,2026-05-13,PH-DENTAL-30CT,2,43.98,0.00,-0.00,-6.60,-8.20,0.00,0.00,29.18
2026-STL-0513,Order,114-1004315-8883501,2026-05-13,PH-DENTAL-30CT,1,21.99,0.00,-0.00,-3.30,-4.10,0.00,0.00,14.59
2026-STL-0514,Order,114-1000138-5091349,2026-05-14,PF-WHEY-CHOC,1,44.99,0.00,-4.50,-6.07,-6.10,0.00,0.00,28.32
2026-STL-0514,Order,114-1000139-6643798,2026-05-14,PF-WHEY-CHOC,1,44.99,0.00,-0.00,-6.75,-6.10,0.00,0.00,32.14
2026-STL-0514,Order,114-1000140-6952975,2026-05-14,PF-WHEY-CHOC,1,44.99,0.00,-0.00,-6.75,-6.10,0.00,0.00,32.14
2026-STL-0514,Order,114-1000415-5993143,2026-05-14,PF-WHEY-VAN,1,44.99,0.00,-0.00,-6.75,-6.10,0.00,0.00,32.14
2026-STL-0514,Order,114-1000416-9204110,2026-05-14,PF-WHEY-VAN,1,44.99,0.00,-0.00,-6.75,-6.10,0.00,0.00,32.14
2026-STL-0514,Order,114-1000417-5587856,2026-05-14,PF-WHEY-VAN,1,44.99,0.00,-4.50,-6.07,-6.10,0.00,0.00,28.32
2026-STL-0514,Order,114-1000615-3561552,2026-05-14,PF-PREWKT-BERRY,1,32.99,0.00,-0.00,-4.95,-4.35,0.00,0.00,23.69
2026-STL-0514,Order,114-1000866-1122986,2026-05-14,PF-CREATINE-300,2,49.98,0.00,-0.00,-7.50,-8.10,0.00,0.00,34.38
2026-STL-0514,Order,114-1000867-4576485,2026-05-14,PF-CREATINE-300,1,24.99,0.00,-0.00,-3.75,-4.05,0.00,0.00,17.19
2026-STL-0514,Order,114-1000868-8302077,2026-05-14,PF-CREATINE-300,1,24.99,0.00,-0.00,-3.75,-4.05,0.00,0.00,17.19
2026-STL-0514,Order,114-1000869-3579573,2026-05-14,PF-CREATINE-300,2,49.98,0.00,-0.00,-7.50,-8.10,0.00,0.00,34.38
2026-STL-0514,Order,114-1001221-8800337,2026-05-14,PF-SHAKER-28,3,38.97,0.00,-0.00,-5.85,-10.35,0.00,0.00,22.77
2026-STL-0514,Order,114-1001418-6696526,2026-05-14,PF-ELECTRO-CIT,1,21.99,0.00,-0.00,-3.30,-3.95,0.00,0.00,14.74
2026-STL-0514,Order,114-1001419-4384948,2026-05-14,PF-ELECTRO-CIT,1,21.99,0.00,-4.40,-2.64,-3.95,0.00,0.00,11.00
2026-STL-0514,Order,114-1001656-2054349,2026-05-14,GT-SERUM-VITC,1,28.99,0.00,-0.00,-4.35,-3.55,0.00,0.00,21.09
2026-STL-0514,Order,114-1001657-1403047,2026-05-14,GT-SERUM-VITC,1,28.99,0.00,-0.00,-4.35,-3.55,0.00,0.00,21.09
2026-STL-0514,Order,114-1001658-5201173,2026-05-14,GT-SERUM-VITC,1,28.99,0.00,-0.00,-4.35,-3.55,0.00,0.00,21.09
2026-STL-0514,Refund,114-1001977-5859627,2026-05-14,GT-SERUM-HA,-1,-24.99,0.00,5.00,2.40,0.00,0.00,0.00,-17.59
2026-STL-0514,Order,114-1002029-7068477,2026-05-14,GT-SERUM-HA,1,24.99,0.00,-0.00,-3.75,-3.55,0.00,0.00,17.69
2026-STL-0514,Order,114-1002030-3241313,2026-05-14,GT-SERUM-HA,1,24.99,0.00,-0.00,-3.75,-3.55,0.00,0.00,17.69
2026-STL-0514,Order,114-1002031-3337892,2026-05-14,GT-SERUM-HA,1,24.99,0.00,-0.00,-3.75,-3.55,0.00,0.00,17.69
2026-STL-0514,Order,114-1002032-8064499,2026-05-14,GT-SERUM-HA,1,24.99,0.00,-2.50,-3.37,-3.55,0.00,0.00,15.57
2026-STL-0514,Order,114-1002308-2288554,2026-05-14,GT-MOIST-50ML,1,22.99,0.00,-0.00,-3.45,-3.60,0.00,0.00,15.94
2026-STL-0514,Refund,114-1002469-5580646,2026-05-14,GT-CLEANSE-150,-1,-16.99,0.00,0.00,2.04,0.00,0.00,0.00,-14.95
2026-STL-0514,Order,114-1002484-4114839,2026-05-14,GT-CLEANSE-150,1,16.99,0.00,-0.00,-2.55,-3.70,0.00,0.00,10.74
2026-STL-0514,Order,114-1002628-7779356,2026-05-14,GT-MASK-CLAY,1,14.99,0.00,-0.00,-2.25,-3.85,0.00,0.00,8.89
2026-STL-0514,Order,114-1002629-8665337,2026-05-14,GT-MASK-CLAY,1,14.99,0.00,-1.50,-2.02,-3.85,0.00,0.00,7.62
2026-STL-0514,Order,114-1002630-4499878,2026-05-14,GT-MASK-CLAY,1,14.99,0.00,-0.00,-2.25,-3.85,0.00,0.00,8.89
2026-STL-0514,Order,114-1002756-7494523,2026-05-14,GT-EYE-CREAM,1,26.99,0.00,-2.70,-3.64,-3.50,0.00,0.00,17.15
2026-STL-0514,Order,114-1002757-5421758,2026-05-14,GT-EYE-CREAM,1,26.99,0.00,-5.40,-3.24,-3.50,0.00,0.00,14.85
2026-STL-0514,Order,114-1002899-5402967,2026-05-14,GT-SPF30-TINT,1,23.99,0.00,-4.80,-2.88,-3.60,0.00,0.00,12.71
2026-STL-0514,Order,114-1002900-9060593,2026-05-14,GT-SPF30-TINT,1,23.99,0.00,-0.00,-3.60,-3.60,0.00,0.00,16.79
2026-STL-0514,Order,114-1003036-7937523,2026-05-14,GT-ROLLER-JADE,1,13.99,0.00,-0.00,-2.10,-3.40,0.00,0.00,8.49
2026-STL-0514,Order,114-1003191-9050790,2026-05-14,PH-CHEW-BULLY-6,1,29.99,0.00,-0.00,-4.50,-4.60,0.00,0.00,20.89
2026-STL-0514,Order,114-1003192-5331763,2026-05-14,PH-CHEW-BULLY-6,1,29.99,0.00,-0.00,-4.50,-4.60,0.00,0.00,20.89
2026-STL-0514,Order,114-1003477-9928789,2026-05-14,PH-TREAT-SALMON,3,56.97,0.00,-0.00,-8.55,-11.70,0.00,0.00,36.72
2026-STL-0514,Order,114-1003478-8322660,2026-05-14,PH-TREAT-SALMON,1,18.99,0.00,-1.90,-2.56,-3.90,0.00,0.00,10.63
2026-STL-0514,Order,114-1003479-3172440,2026-05-14,PH-TREAT-SALMON,1,18.99,0.00,-0.00,-2.85,-3.90,0.00,0.00,12.24
2026-STL-0514,Order,114-1003480-1640552,2026-05-14,PH-TREAT-SALMON,1,18.99,0.00,-0.00,-2.85,-3.90,0.00,0.00,12.24
2026-STL-0514,Order,114-1003731-9073202,2026-05-14,PH-SHAMPOO-OAT,1,15.99,0.00,-3.20,-1.92,-3.95,0.00,0.00,6.92
2026-STL-0514,Order,114-1003886-7945843,2026-05-14,PH-TOY-ROPE-L,1,13.99,0.00,-0.00,-2.10,-3.75,0.00,0.00,8.14
2026-STL-0514,Order,114-1003887-2957033,2026-05-14,PH-TOY-ROPE-L,1,13.99,0.00,-0.00,-2.10,-3.75,0.00,0.00,8.14
2026-STL-0514,Order,114-1003888-3283061,2026-05-14,PH-TOY-ROPE-L,1,13.99,0.00,-0.00,-2.10,-3.75,0.00,0.00,8.14
2026-STL-0514,Order,114-1004148-6127759,2026-05-14,PH-BRUSH-DBL,1,12.99,0.00,-0.00,-1.95,-3.45,0.00,0.00,7.59
2026-STL-0514,Order,114-1004316-4732002,2026-05-14,PH-DENTAL-30CT,1,21.99,0.00,-4.40,-2.64,-4.10,0.00,0.00,10.85
2026-STL-0515,Order,114-1000141-1170307,2026-05-15,PF-WHEY-CHOC,1,44.99,0.00,-0.00,-6.75,-6.10,0.00,0.00,32.14
2026-STL-0515,Order,114-1000142-7818732,2026-05-15,PF-WHEY-CHOC,1,44.99,0.00,-0.00,-6.75,-6.10,0.00,0.00,32.14
2026-STL-0515,Order,114-1000418-7619156,2026-05-15,PF-WHEY-VAN,1,44.99,0.00,-0.00,-6.75,-6.10,0.00,0.00,32.14
2026-STL-0515,Order,114-1000419-5872986,2026-05-15,PF-WHEY-VAN,2,89.98,0.00,-9.00,-12.15,-12.20,0.00,0.00,56.63
2026-STL-0515,Order,114-1000420-8421839,2026-05-15,PF-WHEY-VAN,2,89.98,0.00,-0.00,-13.50,-12.20,0.00,0.00,64.28
2026-STL-0515,Order,114-1000616-9999133,2026-05-15,PF-PREWKT-BERRY,1,32.99,0.00,-3.30,-4.45,-4.35,0.00,0.00,20.89
2026-STL-0515,Order,114-1000870-2228898,2026-05-15,PF-CREATINE-300,1,24.99,0.00,-0.00,-3.75,-4.05,0.00,0.00,17.19
2026-STL-0515,Order,114-1000871-4819259,2026-05-15,PF-CREATINE-300,1,24.99,0.00,-0.00,-3.75,-4.05,0.00,0.00,17.19
2026-STL-0515,Order,114-1000872-7785511,2026-05-15,PF-CREATINE-300,1,24.99,0.00,-0.00,-3.75,-4.05,0.00,0.00,17.19
2026-STL-0515,Order,114-1001110-6240913,2026-05-15,PF-BCAA-LEMON,1,27.99,0.00,-0.00,-4.20,-4.20,0.00,0.00,19.59
2026-STL-0515,Refund,114-1001219-7156735,2026-05-15,PF-SHAKER-28,-1,-12.99,0.00,1.30,1.40,0.00,0.00,0.00,-10.29
2026-STL-0515,Order,114-1001321-2101048,2026-05-15,PF-VEGAN-CHOC,1,39.99,0.00,-0.00,-6.00,-6.10,0.00,0.00,27.89
2026-STL-0515,Order,114-1001420-9989803,2026-05-15,PF-ELECTRO-CITRUS,2,43.98,0.00,-0.00,-6.60,-7.90,0.00,0.00,29.48
2026-STL-0515,Order,114-1001421-7744899,2026-05-15,PF-ELECTRO-CITRUS,1,21.99,0.00,-0.00,-3.30,-3.95,0.00,0.00,14.74
2026-STL-0515,Order,114-1001659-9718700,2026-05-15,GT-SERUM-VITC,2,57.98,0.00,-5.80,-7.83,-7.10,0.00,0.00,37.25
2026-STL-0515,Order,114-1001660-8357303,2026-05-15,GT-SERUM-VITC,2,57.98,0.00,-0.00,-8.70,-7.10,0.00,0.00,42.18
2026-STL-0515,Order,114-1002033-3311922,2026-05-15,GT-SERUM-HA,2,49.98,0.00,-0.00,-7.50,-7.10,0.00,0.00,35.38
2026-STL-0515,Order,114-1002034-1442027,2026-05-15,GT-SERUM-HA,1,24.99,0.00,-0.00,-3.75,-3.55,0.00,0.00,17.69
2026-STL-0515,Order,114-1002309-4695807,2026-05-15,GT-MOIST-50ML,1,22.99,0.00,-2.30,-3.10,-3.60,0.00,0.00,13.99
2026-STL-0515,Order,114-1002310-5910412,2026-05-15,GT-MOIST-50ML,1,22.99,0.00,-0.00,-3.45,-3.60,0.00,0.00,15.94
2026-STL-0515,Order,114-1002311-6349565,2026-05-15,GT-MOIST-50ML,1,22.99,0.00,-2.30,-3.10,-3.60,0.00,0.00,13.99
2026-STL-0515,Order,114-1002485-3840983,2026-05-15,GT-CLEANSE-150,1,16.99,0.00,-0.00,-2.55,-3.70,0.00,0.00,10.74
2026-STL-0515,Order,114-1002486-2363567,2026-05-15,GT-CLEANSE-150,1,16.99,0.00,-0.00,-2.55,-3.70,0.00,0.00,10.74
2026-STL-0515,Order,114-1002631-7415713,2026-05-15,GT-MASK-CLAY,1,14.99,0.00,-0.00,-2.25,-3.85,0.00,0.00,8.89
2026-STL-0515,Refund,114-1002745-6415010,2026-05-15,GT-EYE-CREAM,-1,-26.99,0.00,5.40,2.59,0.00,0.00,0.00,-19.00
2026-STL-0515,Order,114-1002901-4827078,2026-05-15,GT-SPF30-TINT,1,23.99,0.00,-0.00,-3.60,-3.60,0.00,0.00,16.79
2026-STL-0515,Order,114-1003037-5403489,2026-05-15,GT-ROLLER-JADE,1,13.99,0.00,-0.00,-2.10,-3.40,0.00,0.00,8.49
2026-STL-0515,Order,114-1003193-3749908,2026-05-15,PH-CHEW-BULLY-6,1,29.99,0.00,-0.00,-4.50,-4.60,0.00,0.00,20.89
2026-STL-0515,Order,114-1003194-2150745,2026-05-15,PH-CHEW-BULLY-6,1,29.99,0.00,-0.00,-4.50,-4.60,0.00,0.00,20.89
2026-STL-0515,Order,114-1003481-1010982,2026-05-15,PH-TREAT-SALMON,1,18.99,0.00,-0.00,-2.85,-3.90,0.00,0.00,12.24
2026-STL-0515,Order,114-1003482-4984280,2026-05-15,PH-TREAT-SALMON,1,18.99,0.00,-0.00,-2.85,-3.90,0.00,0.00,12.24
2026-STL-0515,Order,114-1003483-7045791,2026-05-15,PH-TREAT-SALMON,1,18.99,0.00,-1.90,-2.56,-3.90,0.00,0.00,10.63
2026-STL-0515,Order,114-1003732-7012365,2026-05-15,PH-SHAMPOO-OAT,2,31.98,0.00,-0.00,-4.80,-7.90,0.00,0.00,19.28
2026-STL-0515,Order,114-1003733-5583487,2026-05-15,PH-SHAMPOO-OAT,1,15.99,0.00,-0.00,-2.40,-3.95,0.00,0.00,9.64
2026-STL-0515,Order,114-1003889-6612175,2026-05-15,PH-TOY-ROPE-L,1,13.99,0.00,-1.40,-1.89,-3.75,0.00,0.00,6.95
2026-STL-0515,Order,114-1004034-7412776,2026-05-15,PH-BED-MED-GRY,1,42.99,0.00,-0.00,-6.45,-12.40,0.00,0.00,24.14
2026-STL-0515,Order,114-1004149-5243555,2026-05-15,PH-BRUSH-DBL,1,12.99,0.00,-0.00,-1.95,-3.45,0.00,0.00,7.59
2026-STL-0515,Order,114-1004317-5212237,2026-05-15,PH-DENTAL-30CT,1,21.99,0.00,-0.00,-3.30,-4.10,0.00,0.00,14.59
2026-STL-0515,Order,114-1004318-2891078,2026-05-15,PH-DENTAL-30CT,1,21.99,0.00,-0.00,-3.30,-4.10,0.00,0.00,14.59
2026-STL-0516,Order,114-1000143-9234615,2026-05-16,PF-WHEY-CHOC,1,44.99,0.00,-0.00,-6.75,-6.10,0.00,0.00,32.14
2026-STL-0516,Order,114-1000144-7784725,2026-05-16,PF-WHEY-CHOC,1,44.99,0.00,-0.00,-6.75,-6.10,0.00,0.00,32.14
2026-STL-0516,Order,114-1000145-8939993,2026-05-16,PF-WHEY-CHOC,1,44.99,0.00,-0.00,-6.75,-6.10,0.00,0.00,32.14
2026-STL-0516,Order,114-1000146-6549757,2026-05-16,PF-WHEY-CHOC,1,44.99,0.00,-9.00,-5.40,-6.10,0.00,0.00,24.49
2026-STL-0516,Order,114-1000147-4867786,2026-05-16,PF-WHEY-CHOC,1,44.99,0.00,-0.00,-6.75,-6.10,0.00,0.00,32.14
2026-STL-0516,Order,114-1000421-5557052,2026-05-16,PF-WHEY-VAN,2,89.98,0.00,-0.00,-13.50,-12.20,0.00,0.00,64.28
2026-STL-0516,Order,114-1000422-5067770,2026-05-16,PF-WHEY-VAN,1,44.99,0.00,-0.00,-6.75,-6.10,0.00,0.00,32.14
2026-STL-0516,Order,114-1000617-2109227,2026-05-16,PF-PREWKT-BERRY,1,32.99,0.00,-0.00,-4.95,-4.35,0.00,0.00,23.69
2026-STL-0516,Order,114-1000618-5003671,2026-05-16,PF-PREWKT-BERRY,1,32.99,0.00,-6.60,-3.96,-4.35,0.00,0.00,18.08
2026-STL-0516,Order,114-1000619-8606317,2026-05-16,PF-PREWKT-BERRY,1,32.99,0.00,-0.00,-4.95,-4.35,0.00,0.00,23.69
2026-STL-0516,Order,114-1000873-2060950,2026-05-16,PF-CREATINE-300,1,24.99,0.00,-0.00,-3.75,-4.05,0.00,0.00,17.19
2026-STL-0516,Order,114-1000874-2217848,2026-05-16,PF-CREATINE-300,1,24.99,0.00,-0.00,-3.75,-4.05,0.00,0.00,17.19
2026-STL-0516,Order,114-1000875-6055825,2026-05-16,PF-CREATINE-300,1,24.99,0.00,-0.00,-3.75,-4.05,0.00,0.00,17.19
2026-STL-0516,Order,114-1000876-7399057,2026-05-16,PF-CREATINE-300,1,24.99,0.00,-2.50,-3.37,-4.05,0.00,0.00,15.07
2026-STL-0516,Order,114-1000877-9950103,2026-05-16,PF-CREATINE-300,1,24.99,0.00,-0.00,-3.75,-4.05,0.00,0.00,17.19
2026-STL-0516,Order,114-1001661-2435034,2026-05-16,GT-SERUM-VITC,1,28.99,0.00,-0.00,-4.35,-3.55,0.00,0.00,21.09
2026-STL-0516,Order,114-1001662-2090992,2026-05-16,GT-SERUM-VITC,2,57.98,0.00,-0.00,-8.70,-7.10,0.00,0.00,42.18
2026-STL-0516,Order,114-1001663-1919204,2026-05-16,GT-SERUM-VITC,1,28.99,0.00,-2.90,-3.91,-3.55,0.00,0.00,18.63
2026-STL-0516,Order,114-1001664-1936000,2026-05-16,GT-SERUM-VITC,1,28.99,0.00,-0.00,-4.35,-3.55,0.00,0.00,21.09
2026-STL-0516,Order,114-1002035-8999822,2026-05-16,GT-SERUM-HA,1,24.99,0.00,-0.00,-3.75,-3.55,0.00,0.00,17.69
2026-STL-0516,Order,114-1002036-7127781,2026-05-16,GT-SERUM-HA,2,49.98,0.00,-0.00,-7.50,-7.10,0.00,0.00,35.38
2026-STL-0516,Order,114-1002037-7987624,2026-05-16,GT-SERUM-HA,1,24.99,0.00,-0.00,-3.75,-3.55,0.00,0.00,17.69
2026-STL-0516,Order,114-1002312-7892648,2026-05-16,GT-MOIST-50ML,1,22.99,0.00,-0.00,-3.45,-3.60,0.00,0.00,15.94
2026-STL-0516,Order,114-1002313-4415085,2026-05-16,GT-MOIST-50ML,1,22.99,0.00,-0.00,-3.45,-3.60,0.00,0.00,15.94
2026-STL-0516,Order,114-1002487-4205892,2026-05-16,GT-CLEANSE-150,1,16.99,0.00,-1.70,-2.29,-3.70,0.00,0.00,9.30
2026-STL-0516,Order,114-1002488-7363773,2026-05-16,GT-CLEANSE-150,1,16.99,0.00,-0.00,-2.55,-3.70,0.00,0.00,10.74
2026-STL-0516,Order,114-1002632-4606763,2026-05-16,GT-MASK-CLAY,1,14.99,0.00,-0.00,-2.25,-3.85,0.00,0.00,8.89
2026-STL-0516,Order,114-1002633-2248676,2026-05-16,GT-MASK-CLAY,1,14.99,0.00,-0.00,-2.25,-3.85,0.00,0.00,8.89
2026-STL-0516,Order,114-1002634-8883139,2026-05-16,GT-MASK-CLAY,1,14.99,0.00,-0.00,-2.25,-3.85,0.00,0.00,8.89
2026-STL-0516,Order,114-1002902-8800479,2026-05-16,GT-SPF30-TINT,1,23.99,0.00,-0.00,-3.60,-3.60,0.00,0.00,16.79
2026-STL-0516,Order,114-1002903-7765272,2026-05-16,GT-SPF30-TINT,1,23.99,0.00,-0.00,-3.60,-3.60,0.00,0.00,16.79
2026-STL-0516,Order,114-1002904-3383755,2026-05-16,GT-SPF30-TINT,2,47.98,0.00,-0.00,-7.20,-7.20,0.00,0.00,33.58
2026-STL-0516,Order,114-1003038-4231387,2026-05-16,GT-ROLLER-JADE,1,13.99,0.00,-0.00,-2.10,-3.40,0.00,0.00,8.49
2026-STL-0516,Order,114-1003195-1055838,2026-05-16,PH-CHEW-BULLY-6,1,29.99,0.00,-0.00,-4.50,-4.60,0.00,0.00,20.89
2026-STL-0516,Order,114-1003196-5530705,2026-05-16,PH-CHEW-BULLY-6,1,29.99,0.00,-0.00,-4.50,-4.60,0.00,0.00,20.89
2026-STL-0516,Order,114-1003197-3037409,2026-05-16,PH-CHEW-BULLY-6,1,29.99,0.00,-0.00,-4.50,-4.60,0.00,0.00,20.89
2026-STL-0516,Order,114-1003484-1642832,2026-05-16,PH-TREAT-SALMON,1,18.99,0.00,-0.00,-2.85,-3.90,0.00,0.00,12.24
2026-STL-0516,Order,114-1003485-3951233,2026-05-16,PH-TREAT-SALMON,1,18.99,0.00,-0.00,-2.85,-3.90,0.00,0.00,12.24
2026-STL-0516,Order,114-1003734-5414458,2026-05-16,PH-SHAMPOO-OAT,3,47.97,0.00,-0.00,-7.20,-11.85,0.00,0.00,28.92
2026-STL-0516,Order,114-1003890-8569000,2026-05-16,PH-TOY-ROPE-L,1,13.99,0.00,-2.80,-1.68,-3.75,0.00,0.00,5.76
2026-STL-0516,Order,114-1003891-3868768,2026-05-16,PH-TOY-ROPE-L,1,13.99,0.00,-0.00,-2.10,-3.75,0.00,0.00,8.14
2026-STL-0516,Refund,114-1004132-4017976,2026-05-16,PH-BRUSH-DBL,-1,-12.99,0.00,0.00,1.56,0.00,0.00,0.00,-11.43
2026-STL-0516,Order,114-1004150-2877649,2026-05-16,PH-BRUSH-DBL,1,12.99,0.00,-1.30,-1.75,-3.45,0.00,0.00,6.49
2026-STL-0516,Order,114-1004319-8031853,2026-05-16,PH-DENTAL-30CT,1,21.99,0.00,-0.00,-3.30,-4.10,0.00,0.00,14.59
2026-STL-0516,Order,114-1004320-3235400,2026-05-16,PH-DENTAL-30CT,1,21.99,0.00,-0.00,-3.30,-4.10,0.00,0.00,14.59
2026-STL-0516,Order,114-1004321-5395061,2026-05-16,PH-DENTAL-30CT,1,21.99,0.00,-4.40,-2.64,-4.10,0.00,0.00,10.85
2026-STL-0517,Order,114-1000148-4106298,2026-05-17,PF-WHEY-CHOC,1,44.99,0.00,-0.00,-6.75,-6.10,0.00,0.00,32.14
2026-STL-0517,Order,114-1000149-9801946,2026-05-17,PF-WHEY-CHOC,1,44.99,0.00,-0.00,-6.75,-6.10,0.00,0.00,32.14
2026-STL-0517,Order,114-1000150-5970190,2026-05-17,PF-WHEY-CHOC,3,134.97,0.00,-13.50,-18.22,-18.30,0.00,0.00,84.95
2026-STL-0517,Order,114-1000423-4906349,2026-05-17,PF-WHEY-VAN,2,89.98,0.00,-0.00,-13.50,-12.20,0.00,0.00,64.28
2026-STL-0517,Order,114-1000620-1212482,2026-05-17,PF-PREWKT-BERRY,1,32.99,0.00,-0.00,-4.95,-4.35,0.00,0.00,23.69
2026-STL-0517,Order,114-1000621-6816746,2026-05-17,PF-PREWKT-BERRY,1,32.99,0.00,-0.00,-4.95,-4.35,0.00,0.00,23.69
2026-STL-0517,Order,114-1000622-3801173,2026-05-17,PF-PREWKT-BERRY,1,32.99,0.00,-0.00,-4.95,-4.35,0.00,0.00,23.69
2026-STL-0517,Refund,114-1000847-1902651,2026-05-17,PF-CREATINE-300,-3,-74.97,0.00,0.00,9.00,0.00,0.00,0.00,-65.97
2026-STL-0517,Order,114-1000878-5948917,2026-05-17,PF-CREATINE-300,1,24.99,0.00,-0.00,-3.75,-4.05,0.00,0.00,17.19
2026-STL-0517,Order,114-1000879-7260091,2026-05-17,PF-CREATINE-300,1,24.99,0.00,-0.00,-3.75,-4.05,0.00,0.00,17.19
2026-STL-0517,Order,114-1000880-3371859,2026-05-17,PF-CREATINE-300,1,24.99,0.00,-2.50,-3.37,-4.05,0.00,0.00,15.07
2026-STL-0517,Order,114-1001222-2309997,2026-05-17,PF-SHAKER-28,1,12.99,0.00,-0.00,-1.95,-3.45,0.00,0.00,7.59
2026-STL-0517,Order,114-1001322-2290961,2026-05-17,PF-VEGAN-CHOC,1,39.99,0.00,-0.00,-6.00,-6.10,0.00,0.00,27.89
2026-STL-0517,Order,114-1001665-4910970,2026-05-17,GT-SERUM-VITC,1,28.99,0.00,-0.00,-4.35,-3.55,0.00,0.00,21.09
2026-STL-0517,Order,114-1001666-8606978,2026-05-17,GT-SERUM-VITC,1,28.99,0.00,-0.00,-4.35,-3.55,0.00,0.00,21.09
2026-STL-0517,Order,114-1001667-2699161,2026-05-17,GT-SERUM-VITC,1,28.99,0.00,-2.90,-3.91,-3.55,0.00,0.00,18.63
2026-STL-0517,Order,114-1002038-9849143,2026-05-17,GT-SERUM-HA,1,24.99,0.00,-0.00,-3.75,-3.55,0.00,0.00,17.69
2026-STL-0517,Order,114-1002039-6659575,2026-05-17,GT-SERUM-HA,1,24.99,0.00,-0.00,-3.75,-3.55,0.00,0.00,17.69
2026-STL-0517,Order,114-1002040-2866744,2026-05-17,GT-SERUM-HA,1,24.99,0.00,-0.00,-3.75,-3.55,0.00,0.00,17.69
2026-STL-0517,Order,114-1002314-3059370,2026-05-17,GT-MOIST-50ML,1,22.99,0.00,-0.00,-3.45,-3.60,0.00,0.00,15.94
2026-STL-0517,Order,114-1002315-4944411,2026-05-17,GT-MOIST-50ML,1,22.99,0.00,-0.00,-3.45,-3.60,0.00,0.00,15.94
2026-STL-0517,Order,114-1002489-6293899,2026-05-17,GT-CLEANSE-150,1,16.99,0.00,-0.00,-2.55,-3.70,0.00,0.00,10.74
2026-STL-0517,Order,114-1002635-9171197,2026-05-17,GT-MASK-CLAY,1,14.99,0.00,-3.00,-1.80,-3.85,0.00,0.00,6.34
2026-STL-0517,Order,114-1002636-1995171,2026-05-17,GT-MASK-CLAY,3,44.97,0.00,-0.00,-6.75,-11.55,0.00,0.00,26.67
2026-STL-0517,Order,114-1002637-8350507,2026-05-17,GT-MASK-CLAY,1,14.99,0.00,-0.00,-2.25,-3.85,0.00,0.00,8.89
2026-STL-0517,Order,114-1002758-2292524,2026-05-17,GT-EYE-CREAM,1,26.99,0.00,-0.00,-4.05,-3.50,0.00,0.00,19.44
2026-STL-0517,Order,114-1002759-5142216,2026-05-17,GT-EYE-CREAM,1,26.99,0.00,-2.70,-3.64,-3.50,0.00,0.00,17.15
2026-STL-0517,Order,114-1003198-5669108,2026-05-17,PH-CHEW-BULLY-6,1,29.99,0.00,-0.00,-4.50,-4.60,0.00,0.00,20.89
2026-STL-0517,Order,114-1003199-3959476,2026-05-17,PH-CHEW-BULLY-6,1,29.99,0.00,-0.00,-4.50,-4.60,0.00,0.00,20.89
2026-STL-0517,Order,114-1003200-1305807,2026-05-17,PH-CHEW-BULLY-6,1,29.99,0.00,-3.00,-4.05,-4.60,0.00,0.00,18.34
2026-STL-0517,Order,114-1003486-5214532,2026-05-17,PH-TREAT-SALMON,1,18.99,0.00,-0.00,-2.85,-3.90,0.00,0.00,12.24
2026-STL-0517,Order,114-1003487-7611347,2026-05-17,PH-TREAT-SALMON,1,18.99,0.00,-0.00,-2.85,-3.90,0.00,0.00,12.24
2026-STL-0517,Order,114-1003488-5935250,2026-05-17,PH-TREAT-SALMON,1,18.99,0.00,-1.90,-2.56,-3.90,0.00,0.00,10.63
2026-STL-0517,Order,114-1003489-9937275,2026-05-17,PH-TREAT-SALMON,1,18.99,0.00,-3.80,-2.28,-3.90,0.00,0.00,9.01
2026-STL-0517,Order,114-1003735-3761930,2026-05-17,PH-SHAMPOO-OAT,1,15.99,0.00,-0.00,-2.40,-3.95,0.00,0.00,9.64
2026-STL-0517,Refund,114-1003879-6504465,2026-05-17,PH-TOY-ROPE-L,-2,-27.98,0.00,0.00,3.36,0.00,0.00,0.00,-24.62
2026-STL-0517,Order,114-1003892-3809967,2026-05-17,PH-TOY-ROPE-L,1,13.99,0.00,-0.00,-2.10,-3.75,0.00,0.00,8.14
2026-STL-0517,Order,114-1004035-6618205,2026-05-17,PH-BED-MED-GRY,1,42.99,0.00,-0.00,-6.45,-12.40,0.00,0.00,24.14
2026-STL-0517,Order,114-1004151-7815765,2026-05-17,PH-BRUSH-DBL,2,25.98,0.00,-0.00,-3.90,-6.90,0.00,0.00,15.18
2026-STL-0517,Order,114-1004322-1584689,2026-05-17,PH-DENTAL-30CT,1,21.99,0.00,-0.00,-3.30,-4.10,0.00,0.00,14.59
2026-STL-0517,Order,114-1004323-1122856,2026-05-17,PH-DENTAL-30CT,1,21.99,0.00,-0.00,-3.30,-4.10,0.00,0.00,14.59
2026-STL-0517,Order,114-1004324-9300492,2026-05-17,PH-DENTAL-30CT,1,21.99,0.00,-0.00,-3.30,-4.10,0.00,0.00,14.59
2026-STL-0518,Order,114-1000151-9961299,2026-05-18,PF-WHEY-CHOC,1,44.99,0.00,-0.00,-6.75,-6.10,0.00,0.00,32.14
2026-STL-0518,Order,114-1000152-5901239,2026-05-18,PF-WHEY-CHOC,1,44.99,0.00,-0.00,-6.75,-6.10,0.00,0.00,32.14
2026-STL-0518,Order,114-1000153-9235577,2026-05-18,PF-WHEY-CHOC,1,44.99,0.00,-4.50,-6.07,-6.10,0.00,0.00,28.32
2026-STL-0518,Order,114-1000424-1086930,2026-05-18,PF-WHEY-VAN,1,44.99,0.00,-0.00,-6.75,-6.10,0.00,0.00,32.14
2026-STL-0518,Refund,114-1000612-2224599,2026-05-18,PF-PREWKT-BERRY,-1,-32.99,0.00,0.00,3.96,0.00,0.00,0.00,-29.03
2026-STL-0518,Order,114-1000623-2980663,2026-05-18,PF-PREWKT-BERRY,1,32.99,0.00,-3.30,-4.45,-4.35,0.00,0.00,20.89
2026-STL-0518,Order,114-1000624-5563077,2026-05-18,PF-PREWKT-BERRY,1,32.99,0.00,-3.30,-4.45,-4.35,0.00,0.00,20.89
2026-STL-0518,Refund,114-1000808-1915467,2026-05-18,PF-CREATINE-300,-1,-24.99,0.00,0.00,3.00,0.00,0.00,0.00,-21.99
2026-STL-0518,Order,114-1000881-6111869,2026-05-18,PF-CREATINE-300,1,24.99,0.00,-2.50,-3.37,-4.05,0.00,0.00,15.07
2026-STL-0518,Order,114-1000882-4552356,2026-05-18,PF-CREATINE-300,1,24.99,0.00,-0.00,-3.75,-4.05,0.00,0.00,17.19
2026-STL-0518,Order,114-1000883-3700366,2026-05-18,PF-CREATINE-300,1,24.99,0.00,-0.00,-3.75,-4.05,0.00,0.00,17.19
2026-STL-0518,Order,114-1000884-2923047,2026-05-18,PF-CREATINE-300,1,24.99,0.00,-0.00,-3.75,-4.05,0.00,0.00,17.19
2026-STL-0518,Order,114-1001111-4394202,2026-05-18,PF-BCAA-LEMON,1,27.99,0.00,-0.00,-4.20,-4.20,0.00,0.00,19.59
2026-STL-0518,Order,114-1001112-9787997,2026-05-18,PF-BCAA-LEMON,1,27.99,0.00,-0.00,-4.20,-4.20,0.00,0.00,19.59
2026-STL-0518,Order,114-1001422-9909769,2026-05-18,PF-ELECTRO-CITRUS,1,21.99,0.00,-0.00,-3.30,-3.95,0.00,0.00,14.74
2026-STL-0518,Order,114-1001668-8618143,2026-05-18,GT-SERUM-VITC,2,57.98,0.00,-0.00,-8.70,-7.10,0.00,0.00,42.18
2026-STL-0518,Order,114-1001669-1206168,2026-05-18,GT-SERUM-VITC,1,28.99,0.00,-0.00,-4.35,-3.55,0.00,0.00,21.09
2026-STL-0518,Order,114-1001670-4248312,2026-05-18,GT-SERUM-VITC,1,28.99,0.00,-0.00,-4.35,-3.55,0.00,0.00,21.09
2026-STL-0518,Order,114-1001671-6962475,2026-05-18,GT-SERUM-VITC,1,28.99,0.00,-0.00,-4.35,-3.55,0.00,0.00,21.09
2026-STL-0518,Order,114-1002041-1182327,2026-05-18,GT-SERUM-HA,1,24.99,0.00,-0.00,-3.75,-3.55,0.00,0.00,17.69
2026-STL-0518,Order,114-1002042-8621830,2026-05-18,GT-SERUM-HA,1,24.99,0.00,-2.50,-3.37,-3.55,0.00,0.00,15.57
2026-STL-0518,Order,114-1002043-9420022,2026-05-18,GT-SERUM-HA,2,49.98,0.00,-5.00,-6.75,-7.10,0.00,0.00,31.13
2026-STL-0518,Refund,114-1002290-1502947,2026-05-18,GT-MOIST-50ML,-2,-45.98,0.00,9.20,4.42,0.00,0.00,0.00,-32.36
2026-STL-0518,Order,114-1002316-2916606,2026-05-18,GT-MOIST-50ML,1,22.99,0.00,-0.00,-3.45,-3.60,0.00,0.00,15.94
2026-STL-0518,Order,114-1002490-5351239,2026-05-18,GT-CLEANSE-150,1,16.99,0.00,-3.40,-2.04,-3.70,0.00,0.00,7.85
2026-STL-0518,Order,114-1002491-7100417,2026-05-18,GT-CLEANSE-150,1,16.99,0.00,-0.00,-2.55,-3.70,0.00,0.00,10.74
2026-STL-0518,Order,114-1002638-2241325,2026-05-18,GT-MASK-CLAY,1,14.99,0.00,-0.00,-2.25,-3.85,0.00,0.00,8.89
2026-STL-0518,Refund,114-1002752-5593405,2026-05-18,GT-EYE-CREAM,-1,-26.99,0.00,0.00,3.24,0.00,0.00,0.00,-23.75
2026-STL-0518,Order,114-1002905-7399792,2026-05-18,GT-SPF30-TINT,2,47.98,0.00,-0.00,-7.20,-7.20,0.00,0.00,33.58
2026-STL-0518,Order,114-1002906-1234044,2026-05-18,GT-SPF30-TINT,1,23.99,0.00,-0.00,-3.60,-3.60,0.00,0.00,16.79
2026-STL-0518,Order,114-1002907-3534008,2026-05-18,GT-SPF30-TINT,1,23.99,0.00,-2.40,-3.24,-3.60,0.00,0.00,14.75
2026-STL-0518,Order,114-1003039-3136181,2026-05-18,GT-ROLLER-JADE,1,13.99,0.00,-1.40,-1.89,-3.40,0.00,0.00,7.30
2026-STL-0518,Order,114-1003201-2449957,2026-05-18,PH-CHEW-BULLY-6,1,29.99,0.00,-6.00,-3.60,-4.60,0.00,0.00,15.79
2026-STL-0518,Order,114-1003490-4264306,2026-05-18,PH-TREAT-SALMON,2,37.98,0.00,-0.00,-5.70,-7.80,0.00,0.00,24.48
2026-STL-0518,Order,114-1003491-2729774,2026-05-18,PH-TREAT-SALMON,2,37.98,0.00,-0.00,-5.70,-7.80,0.00,0.00,24.48
2026-STL-0518,Order,114-1003492-6500924,2026-05-18,PH-TREAT-SALMON,1,18.99,0.00,-0.00,-2.85,-3.90,0.00,0.00,12.24
2026-STL-0518,Order,114-1003893-4006157,2026-05-18,PH-TOY-ROPE-L,1,13.99,0.00,-1.40,-1.89,-3.75,0.00,0.00,6.95
2026-STL-0518,Order,114-1003894-7208308,2026-05-18,PH-TOY-ROPE-L,2,27.98,0.00,-0.00,-4.20,-7.50,0.00,0.00,16.28
2026-STL-0518,Order,114-1004036-3030905,2026-05-18,PH-BED-MED-GRY,1,42.99,0.00,-0.00,-6.45,-12.40,0.00,0.00,24.14
2026-STL-0518,Order,114-1004037-6857017,2026-05-18,PH-BED-MED-GRY,1,42.99,0.00,-0.00,-6.45,-12.40,0.00,0.00,24.14
2026-STL-0518,Order,114-1004038-8652001,2026-05-18,PH-BED-MED-GRY,1,42.99,0.00,-8.60,-5.16,-12.40,0.00,0.00,16.83
2026-STL-0518,Order,114-1004325-4608636,2026-05-18,PH-DENTAL-30CT,2,43.98,0.00,-0.00,-6.60,-8.20,0.00,0.00,29.18
2026-STL-0519,Order,114-1000154-1861958,2026-05-19,PF-WHEY-CHOC,1,44.99,0.00,-0.00,-6.75,-6.10,0.00,0.00,32.14
2026-STL-0519,Order,114-1000155-2096280,2026-05-19,PF-WHEY-CHOC,2,89.98,0.00,-0.00,-13.50,-12.20,0.00,0.00,64.28
2026-STL-0519,Order,114-1000156-1899411,2026-05-19,PF-WHEY-CHOC,1,44.99,0.00,-0.00,-6.75,-6.10,0.00,0.00,32.14
2026-STL-0519,Order,114-1000425-8980915,2026-05-19,PF-WHEY-VAN,3,134.97,0.00,-0.00,-20.25,-18.30,0.00,0.00,96.42
2026-STL-0519,Order,114-1000426-6388299,2026-05-19,PF-WHEY-VAN,1,44.99,0.00,-9.00,-5.40,-6.10,0.00,0.00,24.49
2026-STL-0519,Order,114-1000427-4896008,2026-05-19,PF-WHEY-VAN,1,44.99,0.00,-0.00,-6.75,-6.10,0.00,0.00,32.14
2026-STL-0519,Order,114-1000625-9569497,2026-05-19,PF-PREWKT-BERRY,1,32.99,0.00,-0.00,-4.95,-4.35,0.00,0.00,23.69
2026-STL-0519,Order,114-1000885-8738745,2026-05-19,PF-CREATINE-300,1,24.99,0.00,-2.50,-3.37,-4.05,0.00,0.00,15.07
2026-STL-0519,Order,114-1000886-5205840,2026-05-19,PF-CREATINE-300,1,24.99,0.00,-0.00,-3.75,-4.05,0.00,0.00,17.19
2026-STL-0519,Order,114-1000887-6550757,2026-05-19,PF-CREATINE-300,1,24.99,0.00,-0.00,-3.75,-4.05,0.00,0.00,17.19
2026-STL-0519,Order,114-1001223-9976368,2026-05-19,PF-SHAKER-28,1,12.99,0.00,-1.30,-1.75,-3.45,0.00,0.00,6.49
2026-STL-0519,Order,114-1001672-2014873,2026-05-19,GT-SERUM-VITC,1,28.99,0.00,-0.00,-4.35,-3.55,0.00,0.00,21.09
2026-STL-0519,Order,114-1001673-7001942,2026-05-19,GT-SERUM-VITC,1,28.99,0.00,-0.00,-4.35,-3.55,0.00,0.00,21.09
2026-STL-0519,Order,114-1001674-3473113,2026-05-19,GT-SERUM-VITC,2,57.98,0.00,-0.00,-8.70,-7.10,0.00,0.00,42.18
2026-STL-0519,Refund,114-1002012-4763343,2026-05-19,GT-SERUM-HA,-1,-24.99,0.00,0.00,3.00,0.00,0.00,0.00,-21.99
2026-STL-0519,Order,114-1002044-5560510,2026-05-19,GT-SERUM-HA,1,24.99,0.00,-2.50,-3.37,-3.55,0.00,0.00,15.57
2026-STL-0519,Order,114-1002045-3099389,2026-05-19,GT-SERUM-HA,1,24.99,0.00,-5.00,-3.00,-3.55,0.00,0.00,13.44
2026-STL-0519,Order,114-1002046-7581550,2026-05-19,GT-SERUM-HA,1,24.99,0.00,-0.00,-3.75,-3.55,0.00,0.00,17.69
2026-STL-0519,Order,114-1002317-2417562,2026-05-19,GT-MOIST-50ML,1,22.99,0.00,-2.30,-3.10,-3.60,0.00,0.00,13.99
2026-STL-0519,Order,114-1002318-1316224,2026-05-19,GT-MOIST-50ML,2,45.98,0.00,-0.00,-6.90,-7.20,0.00,0.00,31.88
2026-STL-0519,Order,114-1002492-3860089,2026-05-19,GT-CLEANSE-150,1,16.99,0.00,-0.00,-2.55,-3.70,0.00,0.00,10.74
2026-STL-0519,Order,114-1002639-6013965,2026-05-19,GT-MASK-CLAY,1,14.99,0.00,-0.00,-2.25,-3.85,0.00,0.00,8.89
2026-STL-0519,Order,114-1002760-8981554,2026-05-19,GT-EYE-CREAM,2,53.98,0.00,-10.80,-6.48,-7.00,0.00,0.00,29.70
2026-STL-0519,Refund,114-1002866-9300525,2026-05-19,GT-SPF30-TINT,-2,-47.98,0.00,0.00,5.76,0.00,0.00,0.00,-42.22
2026-STL-0519,Order,114-1002908-6659210,2026-05-19,GT-SPF30-TINT,1,23.99,0.00,-0.00,-3.60,-3.60,0.00,0.00,16.79
2026-STL-0519,Order,114-1002909-5658522,2026-05-19,GT-SPF30-TINT,1,23.99,0.00,-0.00,-3.60,-3.60,0.00,0.00,16.79
2026-STL-0519,Order,114-1003202-4257639,2026-05-19,PH-CHEW-BULLY-6,1,29.99,0.00,-0.00,-4.50,-4.60,0.00,0.00,20.89
2026-STL-0519,Order,114-1003203-1499778,2026-05-19,PH-CHEW-BULLY-6,2,59.98,0.00,-0.00,-9.00,-9.20,0.00,0.00,41.78
2026-STL-0519,Order,114-1003204-2737605,2026-05-19,PH-CHEW-BULLY-6,1,29.99,0.00,-0.00,-4.50,-4.60,0.00,0.00,20.89
2026-STL-0519,Order,114-1003493-9108476,2026-05-19,PH-TREAT-SALMON,1,18.99,0.00,-0.00,-2.85,-3.90,0.00,0.00,12.24
2026-STL-0519,Order,114-1003736-4824801,2026-05-19,PH-SHAMPOO-OAT,1,15.99,0.00,-0.00,-2.40,-3.95,0.00,0.00,9.64
2026-STL-0519,Order,114-1003895-8774013,2026-05-19,PH-TOY-ROPE-L,1,13.99,0.00,-0.00,-2.10,-3.75,0.00,0.00,8.14
2026-STL-0519,Order,114-1003896-8464479,2026-05-19,PH-TOY-ROPE-L,1,13.99,0.00,-0.00,-2.10,-3.75,0.00,0.00,8.14
2026-STL-0519,Order,114-1003897-4785774,2026-05-19,PH-TOY-ROPE-L,1,13.99,0.00,-1.40,-1.89,-3.75,0.00,0.00,6.95
2026-STL-0519,Order,114-1004039-8789111,2026-05-19,PH-BED-MED-GRY,1,42.99,0.00,-0.00,-6.45,-12.40,0.00,0.00,24.14
2026-STL-0519,Order,114-1004326-1998197,2026-05-19,PH-DENTAL-30CT,2,43.98,0.00,-0.00,-6.60,-8.20,0.00,0.00,29.18
2026-STL-0520,Order,114-1000157-2429098,2026-05-20,PF-WHEY-CHOC,1,44.99,0.00,-4.50,-6.07,-6.10,0.00,0.00,28.32
2026-STL-0520,Order,114-1000158-4786401,2026-05-20,PF-WHEY-CHOC,1,44.99,0.00,-0.00,-6.75,-6.10,0.00,0.00,32.14
2026-STL-0520,Order,114-1000159-5988757,2026-05-20,PF-WHEY-CHOC,1,44.99,0.00,-4.50,-6.07,-6.10,0.00,0.00,28.32
2026-STL-0520,Order,114-1000428-3949245,2026-05-20,PF-WHEY-VAN,2,89.98,0.00,-0.00,-13.50,-12.20,0.00,0.00,64.28
2026-STL-0520,Order,114-1000429-9311162,2026-05-20,PF-WHEY-VAN,1,44.99,0.00,-4.50,-6.07,-6.10,0.00,0.00,28.32
2026-STL-0520,Order,114-1000626-7168777,2026-05-20,PF-PREWKT-BERRY,1,32.99,0.00,-0.00,-4.95,-4.35,0.00,0.00,23.69
2026-STL-0520,Order,114-1000627-2934976,2026-05-20,PF-PREWKT-BERRY,1,32.99,0.00,-3.30,-4.45,-4.35,0.00,0.00,20.89
2026-STL-0520,Order,114-1000628-1206159,2026-05-20,PF-PREWKT-BERRY,1,32.99,0.00,-0.00,-4.95,-4.35,0.00,0.00,23.69
2026-STL-0520,Order,114-1000629-3518002,2026-05-20,PF-PREWKT-BERRY,1,32.99,0.00,-0.00,-4.95,-4.35,0.00,0.00,23.69
2026-STL-0520,Order,114-1000888-4246367,2026-05-20,PF-CREATINE-300,1,24.99,0.00,-0.00,-3.75,-4.05,0.00,0.00,17.19
2026-STL-0520,Order,114-1000889-6128383,2026-05-20,PF-CREATINE-300,1,24.99,0.00,-0.00,-3.75,-4.05,0.00,0.00,17.19
2026-STL-0520,Order,114-1000890-6307189,2026-05-20,PF-CREATINE-300,1,24.99,0.00,-0.00,-3.75,-4.05,0.00,0.00,17.19
2026-STL-0520,Order,114-1001113-3651604,2026-05-20,PF-BCAA-LEMON,1,27.99,0.00,-0.00,-4.20,-4.20,0.00,0.00,19.59
2026-STL-0520,Order,114-1001114-2986209,2026-05-20,PF-BCAA-LEMON,1,27.99,0.00,-2.80,-3.78,-4.20,0.00,0.00,17.21
2026-STL-0520,Order,114-1001323-9735688,2026-05-20,PF-VEGAN-CHOC,1,39.99,0.00,-4.00,-5.40,-6.10,0.00,0.00,24.49
2026-STL-0520,Order,114-1001324-3215051,2026-05-20,PF-VEGAN-CHOC,1,39.99,0.00,-0.00,-6.00,-6.10,0.00,0.00,27.89
2026-STL-0520,Order,114-1001423-6031638,2026-05-20,PF-ELECTRO-CITRUS,1,21.99,0.00,-0.00,-3.30,-3.95,0.00,0.00,14.74
2026-STL-0520,Refund,114-1001593-8075907,2026-05-20,GT-SERUM-VITC,-1,-28.99,0.00,0.00,3.48,0.00,0.00,0.00,-25.51
2026-STL-0520,Order,114-1001675-1135590,2026-05-20,GT-SERUM-VITC,1,28.99,0.00,-0.00,-4.35,-3.55,0.00,0.00,21.09
2026-STL-0520,Order,114-1001676-4982698,2026-05-20,GT-SERUM-VITC,1,28.99,0.00,-0.00,-4.35,-3.55,0.00,0.00,21.09
2026-STL-0520,Order,114-1001677-8081010,2026-05-20,GT-SERUM-VITC,2,57.98,0.00,-5.80,-7.83,-7.10,0.00,0.00,37.25
2026-STL-0520,Order,114-1002047-8859053,2026-05-20,GT-SERUM-HA,2,49.98,0.00,-5.00,-6.75,-7.10,0.00,0.00,31.13
2026-STL-0520,Order,114-1002048-7383228,2026-05-20,GT-SERUM-HA,1,24.99,0.00,-0.00,-3.75,-3.55,0.00,0.00,17.69
2026-STL-0520,Order,114-1002049-4267037,2026-05-20,GT-SERUM-HA,1,24.99,0.00,-0.00,-3.75,-3.55,0.00,0.00,17.69
2026-STL-0520,Order,114-1002319-4451578,2026-05-20,GT-MOIST-50ML,1,22.99,0.00,-0.00,-3.45,-3.60,0.00,0.00,15.94
2026-STL-0520,Order,114-1002320-6119535,2026-05-20,GT-MOIST-50ML,1,22.99,0.00,-0.00,-3.45,-3.60,0.00,0.00,15.94
2026-STL-0520,Order,114-1002493-8278852,2026-05-20,GT-CLEANSE-150,1,16.99,0.00,-3.40,-2.04,-3.70,0.00,0.00,7.85
2026-STL-0520,Order,114-1002761-4757489,2026-05-20,GT-EYE-CREAM,1,26.99,0.00,-0.00,-4.05,-3.50,0.00,0.00,19.44
2026-STL-0520,Order,114-1002762-8346255,2026-05-20,GT-EYE-CREAM,1,26.99,0.00,-0.00,-4.05,-3.50,0.00,0.00,19.44
2026-STL-0520,Order,114-1002910-8262122,2026-05-20,GT-SPF30-TINT,1,23.99,0.00,-0.00,-3.60,-3.60,0.00,0.00,16.79
2026-STL-0520,Order,114-1002911-2002613,2026-05-20,GT-SPF30-TINT,2,47.98,0.00,-0.00,-7.20,-7.20,0.00,0.00,33.58
2026-STL-0520,Order,114-1003040-3638806,2026-05-20,GT-ROLLER-JADE,1,13.99,0.00,-1.40,-1.89,-3.40,0.00,0.00,7.30
2026-STL-0520,Order,114-1003041-2259220,2026-05-20,GT-ROLLER-JADE,1,13.99,0.00,-0.00,-2.10,-3.40,0.00,0.00,8.49
2026-STL-0520,Order,114-1003205-3810569,2026-05-20,PH-CHEW-BULLY-6,1,29.99,0.00,-0.00,-4.50,-4.60,0.00,0.00,20.89
2026-STL-0520,Order,114-1003206-2122405,2026-05-20,PH-CHEW-BULLY-6,1,29.99,0.00,-0.00,-4.50,-4.60,0.00,0.00,20.89
2026-STL-0520,Order,114-1003207-9294239,2026-05-20,PH-CHEW-BULLY-6,1,29.99,0.00,-3.00,-4.05,-4.60,0.00,0.00,18.34
2026-STL-0520,Order,114-1003494-4718705,2026-05-20,PH-TREAT-SALMON,3,56.97,0.00,-0.00,-8.55,-11.70,0.00,0.00,36.72
2026-STL-0520,Order,114-1003495-7208440,2026-05-20,PH-TREAT-SALMON,1,18.99,0.00,-0.00,-2.85,-3.90,0.00,0.00,12.24
2026-STL-0520,Order,114-1003496-2781918,2026-05-20,PH-TREAT-SALMON,2,37.98,0.00,-3.80,-5.13,-7.80,0.00,0.00,21.25
2026-STL-0520,Order,114-1003737-9930343,2026-05-20,PH-SHAMPOO-OAT,1,15.99,0.00,-0.00,-2.40,-3.95,0.00,0.00,9.64
2026-STL-0520,Order,114-1003898-2660519,2026-05-20,PH-TOY-ROPE-L,1,13.99,0.00,-2.80,-1.68,-3.75,0.00,0.00,5.76
2026-STL-0520,Order,114-1004040-8302424,2026-05-20,PH-BED-MED-GRY,1,42.99,0.00,-0.00,-6.45,-12.40,0.00,0.00,24.14
2026-STL-0520,Refund,114-1004135-1678596,2026-05-20,PH-BRUSH-DBL,-1,-12.99,0.00,0.00,1.56,0.00,0.00,0.00,-11.43
2026-STL-0520,Order,114-1004327-3423349,2026-05-20,PH-DENTAL-30CT,1,21.99,0.00,-0.00,-3.30,-4.10,0.00,0.00,14.59
2026-STL-0520,Order,114-1004328-1472467,2026-05-20,PH-DENTAL-30CT,1,21.99,0.00,-4.40,-2.64,-4.10,0.00,0.00,10.85
2026-STL-0520,Order,114-1004329-7539332,2026-05-20,PH-DENTAL-30CT,1,21.99,0.00,-0.00,-3.30,-4.10,0.00,0.00,14.59
2026-STL-0521,Order,114-1000160-2664863,2026-05-21,PF-WHEY-CHOC,1,44.99,0.00,-0.00,-6.75,-6.10,0.00,0.00,32.14
2026-STL-0521,Order,114-1000161-2362099,2026-05-21,PF-WHEY-CHOC,1,44.99,0.00,-0.00,-6.75,-6.10,0.00,0.00,32.14
2026-STL-0521,Order,114-1000162-1044891,2026-05-21,PF-WHEY-CHOC,1,44.99,0.00,-0.00,-6.75,-6.10,0.00,0.00,32.14
2026-STL-0521,Order,114-1000163-1547605,2026-05-21,PF-WHEY-CHOC,1,44.99,0.00,-0.00,-6.75,-6.10,0.00,0.00,32.14
2026-STL-0521,Refund,114-1000597-8466983,2026-05-21,PF-PREWKT-BERRY,-1,-32.99,0.00,0.00,3.96,0.00,0.00,0.00,-29.03
2026-STL-0521,Order,114-1000630-8035849,2026-05-21,PF-PREWKT-BERRY,1,32.99,0.00,-0.00,-4.95,-4.35,0.00,0.00,23.69
2026-STL-0521,Order,114-1000631-6367620,2026-05-21,PF-PREWKT-BERRY,1,32.99,0.00,-3.30,-4.45,-4.35,0.00,0.00,20.89
2026-STL-0521,Order,114-1000891-4716584,2026-05-21,PF-CREATINE-300,1,24.99,0.00,-0.00,-3.75,-4.05,0.00,0.00,17.19
2026-STL-0521,Order,114-1000892-7031174,2026-05-21,PF-CREATINE-300,1,24.99,0.00,-0.00,-3.75,-4.05,0.00,0.00,17.19
2026-STL-0521,Order,114-1000893-8765307,2026-05-21,PF-CREATINE-300,1,24.99,0.00,-2.50,-3.37,-4.05,0.00,0.00,15.07
2026-STL-0521,Order,114-1001115-7946441,2026-05-21,PF-BCAA-LEMON,1,27.99,0.00,-0.00,-4.20,-4.20,0.00,0.00,19.59
2026-STL-0521,Order,114-1001224-8063478,2026-05-21,PF-SHAKER-28,1,12.99,0.00,-0.00,-1.95,-3.45,0.00,0.00,7.59
2026-STL-0521,Order,114-1001424-7749490,2026-05-21,PF-ELECTRO-CITRUS,1,21.99,0.00,-0.00,-3.30,-3.95,0.00,0.00,14.74
2026-STL-0521,Order,114-1001425-4029979,2026-05-21,PF-ELECTRO-CITRUS,1,21.99,0.00,-0.00,-3.30,-3.95,0.00,0.00,14.74
2026-STL-0521,Order,114-1001426-4129604,2026-05-21,PF-ELECTRO-CITRUS,1,21.99,0.00,-0.00,-3.30,-3.95,0.00,0.00,14.74
2026-STL-0521,Refund,114-1001618-9123050,2026-05-21,GT-SERUM-VITC,-1,-28.99,0.00,0.00,3.48,0.00,0.00,0.00,-25.51
2026-STL-0521,Order,114-1001678-4176859,2026-05-21,GT-SERUM-VITC,1,28.99,0.00,-0.00,-4.35,-3.55,0.00,0.00,21.09
2026-STL-0521,Order,114-1001679-6555698,2026-05-21,GT-SERUM-VITC,1,28.99,0.00,-5.80,-3.48,-3.55,0.00,0.00,16.16
2026-STL-0521,Order,114-1001680-6026983,2026-05-21,GT-SERUM-VITC,1,28.99,0.00,-0.00,-4.35,-3.55,0.00,0.00,21.09
2026-STL-0521,Order,114-1001681-1707866,2026-05-21,GT-SERUM-VITC,1,28.99,0.00,-0.00,-4.35,-3.55,0.00,0.00,21.09
2026-STL-0521,Order,114-1001682-4863356,2026-05-21,GT-SERUM-VITC,2,57.98,0.00,-0.00,-8.70,-7.10,0.00,0.00,42.18
2026-STL-0521,Order,114-1002050-6628280,2026-05-21,GT-SERUM-HA,1,24.99,0.00,-0.00,-3.75,-3.55,0.00,0.00,17.69
2026-STL-0521,Order,114-1002051-4555258,2026-05-21,GT-SERUM-HA,1,24.99,0.00,-0.00,-3.75,-3.55,0.00,0.00,17.69
2026-STL-0521,Order,114-1002321-5404568,2026-05-21,GT-MOIST-50ML,1,22.99,0.00,-2.30,-3.10,-3.60,0.00,0.00,13.99
2026-STL-0521,Order,114-1002322-6720097,2026-05-21,GT-MOIST-50ML,1,22.99,0.00,-0.00,-3.45,-3.60,0.00,0.00,15.94
2026-STL-0521,Order,114-1002494-4480382,2026-05-21,GT-CLEANSE-150,1,16.99,0.00,-0.00,-2.55,-3.70,0.00,0.00,10.74
2026-STL-0521,Order,114-1002763-3874628,2026-05-21,GT-EYE-CREAM,1,26.99,0.00,-5.40,-3.24,-3.50,0.00,0.00,14.85
2026-STL-0521,Order,114-1002764-6831812,2026-05-21,GT-EYE-CREAM,1,26.99,0.00,-0.00,-4.05,-3.50,0.00,0.00,19.44
2026-STL-0521,Order,114-1002912-3373603,2026-05-21,GT-SPF30-TINT,1,23.99,0.00,-0.00,-3.60,-3.60,0.00,0.00,16.79
2026-STL-0521,Order,114-1002913-7985116,2026-05-21,GT-SPF30-TINT,2,47.98,0.00,-4.80,-6.48,-7.20,0.00,0.00,29.50
2026-STL-0521,Order,114-1002914-6680438,2026-05-21,GT-SPF30-TINT,2,47.98,0.00,-0.00,-7.20,-7.20,0.00,0.00,33.58
2026-STL-0521,Order,114-1003208-1610346,2026-05-21,PH-CHEW-BULLY-6,1,29.99,0.00,-3.00,-4.05,-4.60,0.00,0.00,18.34
2026-STL-0521,Order,114-1003209-7250140,2026-05-21,PH-CHEW-BULLY-6,1,29.99,0.00,-0.00,-4.50,-4.60,0.00,0.00,20.89
2026-STL-0521,Order,114-1003497-9214663,2026-05-21,PH-TREAT-SALMON,1,18.99,0.00,-0.00,-2.85,-3.90,0.00,0.00,12.24
2026-STL-0521,Order,114-1003498-6442132,2026-05-21,PH-TREAT-SALMON,2,37.98,0.00,-3.80,-5.13,-7.80,0.00,0.00,21.25
2026-STL-0521,Order,114-1003899-2132884,2026-05-21,PH-TOY-ROPE-L,1,13.99,0.00,-0.00,-2.10,-3.75,0.00,0.00,8.14
2026-STL-0521,Refund,114-1004133-9629731,2026-05-21,PH-BRUSH-DBL,-1,-12.99,0.00,0.00,1.56,0.00,0.00,0.00,-11.43
2026-STL-0521,Refund,114-1004142-1016106,2026-05-21,PH-BRUSH-DBL,-3,-38.97,0.00,0.00,4.68,0.00,0.00,0.00,-34.29
2026-STL-0521,Order,114-1004152-4341392,2026-05-21,PH-BRUSH-DBL,1,12.99,0.00,-0.00,-1.95,-3.45,0.00,0.00,7.59
2026-STL-0521,Order,114-1004330-2310780,2026-05-21,PH-DENTAL-30CT,1,21.99,0.00,-0.00,-3.30,-4.10,0.00,0.00,14.59
2026-STL-0521,Order,114-1004331-4112545,2026-05-21,PH-DENTAL-30CT,2,43.98,0.00,-0.00,-6.60,-8.20,0.00,0.00,29.18
2026-STL-0521,Order,114-1004332-4590071,2026-05-21,PH-DENTAL-30CT,1,21.99,0.00,-2.20,-2.97,-4.10,0.00,0.00,12.72
2026-STL-0522,Refund,114-1000133-6724909,2026-05-22,PF-WHEY-CHOC,-1,-44.99,0.00,0.00,5.40,0.00,0.00,0.00,-39.59
2026-STL-0522,Order,114-1000164-8617381,2026-05-22,PF-WHEY-CHOC,1,44.99,0.00,-0.00,-6.75,-6.10,0.00,0.00,32.14
2026-STL-0522,Order,114-1000165-4318855,2026-05-22,PF-WHEY-CHOC,1,44.99,0.00,-0.00,-6.75,-6.10,0.00,0.00,32.14
2026-STL-0522,Order,114-1000166-5456573,2026-05-22,PF-WHEY-CHOC,1,44.99,0.00,-0.00,-6.75,-6.10,0.00,0.00,32.14
2026-STL-0522,Order,114-1000430-6006190,2026-05-22,PF-WHEY-VAN,1,44.99,0.00,-0.00,-6.75,-6.10,0.00,0.00,32.14
2026-STL-0522,Order,114-1000431-5774152,2026-05-22,PF-WHEY-VAN,1,44.99,0.00,-9.00,-5.40,-6.10,0.00,0.00,24.49
2026-STL-0522,Order,114-1000632-9422849,2026-05-22,PF-PREWKT-BERRY,1,32.99,0.00,-0.00,-4.95,-4.35,0.00,0.00,23.69
2026-STL-0522,Order,114-1000633-9653253,2026-05-22,PF-PREWKT-BERRY,1,32.99,0.00,-0.00,-4.95,-4.35,0.00,0.00,23.69
2026-STL-0522,Refund,114-1000853-5278461,2026-05-22,PF-CREATINE-300,-1,-24.99,0.00,0.00,3.00,0.00,0.00,0.00,-21.99
2026-STL-0522,Order,114-1000894-2375290,2026-05-22,PF-CREATINE-300,1,24.99,0.00,-0.00,-3.75,-4.05,0.00,0.00,17.19
2026-STL-0522,Order,114-1000895-4295580,2026-05-22,PF-CREATINE-300,2,49.98,0.00,-0.00,-7.50,-8.10,0.00,0.00,34.38
2026-STL-0522,Order,114-1000896-2265001,2026-05-22,PF-CREATINE-300,2,49.98,0.00,-0.00,-7.50,-8.10,0.00,0.00,34.38
2026-STL-0522,Order,114-1000897-7797028,2026-05-22,PF-CREATINE-300,2,49.98,0.00,-0.00,-7.50,-8.10,0.00,0.00,34.38
2026-STL-0522,Order,114-1001225-6101462,2026-05-22,PF-SHAKER-28,1,12.99,0.00,-0.00,-1.95,-3.45,0.00,0.00,7.59
2026-STL-0522,Order,114-1001226-8938316,2026-05-22,PF-SHAKER-28,1,12.99,0.00,-0.00,-1.95,-3.45,0.00,0.00,7.59
2026-STL-0522,Order,114-1001325-1369713,2026-05-22,PF-VEGAN-CHOC,1,39.99,0.00,-0.00,-6.00,-6.10,0.00,0.00,27.89
2026-STL-0522,Order,114-1001427-9937547,2026-05-22,PF-ELECTRO-CITRUS,1,21.99,0.00,-0.00,-3.30,-3.95,0.00,0.00,14.74
2026-STL-0522,Order,114-1001428-2004647,2026-05-22,PF-ELECTRO-CITRUS,2,43.98,0.00,-4.40,-5.94,-7.90,0.00,0.00,25.74
2026-STL-0522,Order,114-1001683-6561900,2026-05-22,GT-SERUM-VITC,1,28.99,0.00,-0.00,-4.35,-3.55,0.00,0.00,21.09
2026-STL-0522,Order,114-1001684-1112833,2026-05-22,GT-SERUM-VITC,1,28.99,0.00,-0.00,-4.35,-3.55,0.00,0.00,21.09
2026-STL-0522,Order,114-1001685-2932555,2026-05-22,GT-SERUM-VITC,1,28.99,0.00,-0.00,-4.35,-3.55,0.00,0.00,21.09
2026-STL-0522,Order,114-1001686-7038275,2026-05-22,GT-SERUM-VITC,1,28.99,0.00,-0.00,-4.35,-3.55,0.00,0.00,21.09
2026-STL-0522,Order,114-1002052-1543024,2026-05-22,GT-SERUM-HA,1,24.99,0.00,-0.00,-3.75,-3.55,0.00,0.00,17.69
2026-STL-0522,Order,114-1002053-1752869,2026-05-22,GT-SERUM-HA,1,24.99,0.00,-0.00,-3.75,-3.55,0.00,0.00,17.69
2026-STL-0522,Order,114-1002054-6277781,2026-05-22,GT-SERUM-HA,1,24.99,0.00,-0.00,-3.75,-3.55,0.00,0.00,17.69
2026-STL-0522,Order,114-1002323-1958290,2026-05-22,GT-MOIST-50ML,1,22.99,0.00,-2.30,-3.10,-3.60,0.00,0.00,13.99
2026-STL-0522,Order,114-1002324-5822081,2026-05-22,GT-MOIST-50ML,1,22.99,0.00,-4.60,-2.76,-3.60,0.00,0.00,12.03
2026-STL-0522,Order,114-1002495-9611282,2026-05-22,GT-CLEANSE-150,1,16.99,0.00,-0.00,-2.55,-3.70,0.00,0.00,10.74
2026-STL-0522,Order,114-1002496-1527610,2026-05-22,GT-CLEANSE-150,1,16.99,0.00,-0.00,-2.55,-3.70,0.00,0.00,10.74
2026-STL-0522,Order,114-1002497-8972697,2026-05-22,GT-CLEANSE-150,1,16.99,0.00,-0.00,-2.55,-3.70,0.00,0.00,10.74
2026-STL-0522,Order,114-1002640-5374141,2026-05-22,GT-MASK-CLAY,1,14.99,0.00,-0.00,-2.25,-3.85,0.00,0.00,8.89
2026-STL-0522,Order,114-1002765-5632027,2026-05-22,GT-EYE-CREAM,1,26.99,0.00,-5.40,-3.24,-3.50,0.00,0.00,14.85
2026-STL-0522,Order,114-1002915-3044259,2026-05-22,GT-SPF30-TINT,1,23.99,0.00,-0.00,-3.60,-3.60,0.00,0.00,16.79
2026-STL-0522,Order,114-1002916-7263852,2026-05-22,GT-SPF30-TINT,1,23.99,0.00,-0.00,-3.60,-3.60,0.00,0.00,16.79
2026-STL-0522,Order,114-1002917-8944398,2026-05-22,GT-SPF30-TINT,2,47.98,0.00,-0.00,-7.20,-7.20,0.00,0.00,33.58
2026-STL-0522,Order,114-1003042-3442155,2026-05-22,GT-ROLLER-JADE,1,13.99,0.00,-1.40,-1.89,-3.40,0.00,0.00,7.30
2026-STL-0522,Refund,114-1003169-4086368,2026-05-22,PH-CHEW-BULLY-6,-2,-59.98,0.00,0.00,7.20,0.00,0.00,0.00,-52.78
2026-STL-0522,Order,114-1003210-6287678,2026-05-22,PH-CHEW-BULLY-6,1,29.99,0.00,-3.00,-4.05,-4.60,0.00,0.00,18.34
2026-STL-0522,Order,114-1003211-9732778,2026-05-22,PH-CHEW-BULLY-6,1,29.99,0.00,-3.00,-4.05,-4.60,0.00,0.00,18.34
2026-STL-0522,Order,114-1003212-9293739,2026-05-22,PH-CHEW-BULLY-6,1,29.99,0.00,-0.00,-4.50,-4.60,0.00,0.00,20.89
2026-STL-0522,Order,114-1003499-1127545,2026-05-22,PH-TREAT-SALMON,1,18.99,0.00,-0.00,-2.85,-3.90,0.00,0.00,12.24
2026-STL-0522,Order,114-1003500-9595138,2026-05-22,PH-TREAT-SALMON,1,18.99,0.00,-0.00,-2.85,-3.90,0.00,0.00,12.24
2026-STL-0522,Order,114-1003501-9073487,2026-05-22,PH-TREAT-SALMON,1,18.99,0.00,-1.90,-2.56,-3.90,0.00,0.00,10.63
2026-STL-0522,Order,114-1003738-5441383,2026-05-22,PH-SHAMPOO-OAT,1,15.99,0.00,-0.00,-2.40,-3.95,0.00,0.00,9.64
2026-STL-0522,Order,114-1003900-1071738,2026-05-22,PH-TOY-ROPE-L,1,13.99,0.00,-1.40,-1.89,-3.75,0.00,0.00,6.95
2026-STL-0522,Order,114-1003901-2880131,2026-05-22,PH-TOY-ROPE-L,1,13.99,0.00,-0.00,-2.10,-3.75,0.00,0.00,8.14
2026-STL-0522,Order,114-1003902-2368232,2026-05-22,PH-TOY-ROPE-L,1,13.99,0.00,-0.00,-2.10,-3.75,0.00,0.00,8.14
2026-STL-0522,Order,114-1004041-2493623,2026-05-22,PH-BED-MED-GRY,1,42.99,0.00,-0.00,-6.45,-12.40,0.00,0.00,24.14
2026-STL-0522,Order,114-1004042-8157670,2026-05-22,PH-BED-MED-GRY,1,42.99,0.00,-4.30,-5.80,-12.40,0.00,0.00,20.49
2026-STL-0522,Order,114-1004153-1351260,2026-05-22,PH-BRUSH-DBL,2,25.98,0.00,-0.00,-3.90,-6.90,0.00,0.00,15.18
2026-STL-0522,Refund,114-1004311-4297494,2026-05-22,PH-DENTAL-30CT,-1,-21.99,0.00,0.00,2.64,0.00,0.00,0.00,-19.35
2026-STL-0522,Order,114-1004333-1866001,2026-05-22,PH-DENTAL-30CT,1,21.99,0.00,-0.00,-3.30,-4.10,0.00,0.00,14.59
2026-STL-0523,Order,114-1000167-5842082,2026-05-23,PF-WHEY-CHOC,1,44.99,0.00,-0.00,-6.75,-6.10,0.00,0.00,32.14
2026-STL-0523,Order,114-1000168-7752972,2026-05-23,PF-WHEY-CHOC,1,44.99,0.00,-0.00,-6.75,-6.10,0.00,0.00,32.14
2026-STL-0523,Order,114-1000169-2349590,2026-05-23,PF-WHEY-CHOC,1,44.99,0.00,-0.00,-6.75,-6.10,0.00,0.00,32.14
2026-STL-0523,Order,114-1000170-5200476,2026-05-23,PF-WHEY-CHOC,2,89.98,0.00,-0.00,-13.50,-12.20,0.00,0.00,64.28
2026-STL-0523,Order,114-1000634-6212643,2026-05-23,PF-PREWKT-BERRY,1,32.99,0.00,-0.00,-4.95,-4.35,0.00,0.00,23.69
2026-STL-0523,Order,114-1000635-4366703,2026-05-23,PF-PREWKT-BERRY,1,32.99,0.00,-0.00,-4.95,-4.35,0.00,0.00,23.69
2026-STL-0523,Order,114-1000898-5372416,2026-05-23,PF-CREATINE-300,1,24.99,0.00,-0.00,-3.75,-4.05,0.00,0.00,17.19
2026-STL-0523,Order,114-1000899-3493647,2026-05-23,PF-CREATINE-300,3,74.97,0.00,-0.00,-11.25,-12.15,0.00,0.00,51.57
2026-STL-0523,Order,114-1000900-5882155,2026-05-23,PF-CREATINE-300,1,24.99,0.00,-0.00,-3.75,-4.05,0.00,0.00,17.19
2026-STL-0523,Order,114-1001227-5894806,2026-05-23,PF-SHAKER-28,1,12.99,0.00,-0.00,-1.95,-3.45,0.00,0.00,7.59
2026-STL-0523,Order,114-1001326-6751103,2026-05-23,PF-VEGAN-CHOC,1,39.99,0.00,-0.00,-6.00,-6.10,0.00,0.00,27.89
2026-STL-0523,Order,114-1001429-3524512,2026-05-23,PF-ELECTRO-CITRUS,1,21.99,0.00,-0.00,-3.30,-3.95,0.00,0.00,14.74
2026-STL-0523,Order,114-1001430-7883025,2026-05-23,PF-ELECTRO-CITRUS,1,21.99,0.00,-2.20,-2.97,-3.95,0.00,0.00,12.87
2026-STL-0523,Order,114-1001431-4415137,2026-05-23,PF-ELECTRO-CITRUS,2,43.98,0.00,-0.00,-6.60,-7.90,0.00,0.00,29.48
2026-STL-0523,Refund,114-1001627-5719620,2026-05-23,GT-SERUM-VITC,-1,-28.99,0.00,2.90,3.13,0.00,0.00,0.00,-22.96
2026-STL-0523,Order,114-1001687-3924009,2026-05-23,GT-SERUM-VITC,1,28.99,0.00,-0.00,-4.35,-3.55,0.00,0.00,21.09
2026-STL-0523,Order,114-1001688-1360576,2026-05-23,GT-SERUM-VITC,1,28.99,0.00,-0.00,-4.35,-3.55,0.00,0.00,21.09
2026-STL-0523,Order,114-1001689-3302564,2026-05-23,GT-SERUM-VITC,1,28.99,0.00,-0.00,-4.35,-3.55,0.00,0.00,21.09
2026-STL-0523,Order,114-1001690-4527197,2026-05-23,GT-SERUM-VITC,1,28.99,0.00,-0.00,-4.35,-3.55,0.00,0.00,21.09
2026-STL-0523,Order,114-1001691-3874940,2026-05-23,GT-SERUM-VITC,1,28.99,0.00,-2.90,-3.91,-3.55,0.00,0.00,18.63
2026-STL-0523,Order,114-1002055-5737922,2026-05-23,GT-SERUM-HA,1,24.99,0.00,-5.00,-3.00,-3.55,0.00,0.00,13.44
2026-STL-0523,Order,114-1002056-7553873,2026-05-23,GT-SERUM-HA,1,24.99,0.00,-0.00,-3.75,-3.55,0.00,0.00,17.69
2026-STL-0523,Order,114-1002057-2633762,2026-05-23,GT-SERUM-HA,3,74.97,0.00,-0.00,-11.25,-10.65,0.00,0.00,53.07
2026-STL-0523,Refund,114-1002285-6551912,2026-05-23,GT-MOIST-50ML,-1,-22.99,0.00,0.00,2.76,0.00,0.00,0.00,-20.23
2026-STL-0523,Order,114-1002325-9705913,2026-05-23,GT-MOIST-50ML,1,22.99,0.00,-0.00,-3.45,-3.60,0.00,0.00,15.94
2026-STL-0523,Order,114-1002326-4996784,2026-05-23,GT-MOIST-50ML,3,68.97,0.00,-0.00,-10.35,-10.80,0.00,0.00,47.82
2026-STL-0523,Order,114-1002327-5603547,2026-05-23,GT-MOIST-50ML,1,22.99,0.00,-0.00,-3.45,-3.60,0.00,0.00,15.94
2026-STL-0523,Order,114-1002498-7340280,2026-05-23,GT-CLEANSE-150,1,16.99,0.00,-0.00,-2.55,-3.70,0.00,0.00,10.74
2026-STL-0523,Order,114-1002641-6267395,2026-05-23,GT-MASK-CLAY,1,14.99,0.00,-0.00,-2.25,-3.85,0.00,0.00,8.89
2026-STL-0523,Order,114-1002642-4603961,2026-05-23,GT-MASK-CLAY,1,14.99,0.00,-0.00,-2.25,-3.85,0.00,0.00,8.89
2026-STL-0523,Order,114-1002766-9234422,2026-05-23,GT-EYE-CREAM,2,53.98,0.00,-0.00,-8.10,-7.00,0.00,0.00,38.88
2026-STL-0523,Order,114-1002918-4916445,2026-05-23,GT-SPF30-TINT,1,23.99,0.00,-0.00,-3.60,-3.60,0.00,0.00,16.79
2026-STL-0523,Order,114-1003043-5711603,2026-05-23,GT-ROLLER-JADE,1,13.99,0.00,-0.00,-2.10,-3.40,0.00,0.00,8.49
2026-STL-0523,Refund,114-1003179-6580192,2026-05-23,PH-CHEW-BULLY-6,-1,-29.99,0.00,0.00,3.60,0.00,0.00,0.00,-26.39
2026-STL-0523,Refund,114-1003190-4359756,2026-05-23,PH-CHEW-BULLY-6,-1,-29.99,0.00,0.00,3.60,0.00,0.00,0.00,-26.39
2026-STL-0523,Order,114-1003213-6319500,2026-05-23,PH-CHEW-BULLY-6,1,29.99,0.00,-3.00,-4.05,-4.60,0.00,0.00,18.34
2026-STL-0523,Order,114-1003502-6597133,2026-05-23,PH-TREAT-SALMON,1,18.99,0.00,-0.00,-2.85,-3.90,0.00,0.00,12.24
2026-STL-0523,Order,114-1003503-7110659,2026-05-23,PH-TREAT-SALMON,1,18.99,0.00,-0.00,-2.85,-3.90,0.00,0.00,12.24
2026-STL-0523,Order,114-1003739-4901721,2026-05-23,PH-SHAMPOO-OAT,1,15.99,0.00,-0.00,-2.40,-3.95,0.00,0.00,9.64
2026-STL-0523,Order,114-1003740-5502245,2026-05-23,PH-SHAMPOO-OAT,2,31.98,0.00,-0.00,-4.80,-7.90,0.00,0.00,19.28
2026-STL-0523,Order,114-1003903-8780433,2026-05-23,PH-TOY-ROPE-L,2,27.98,0.00,-0.00,-4.20,-7.50,0.00,0.00,16.28
2026-STL-0523,Order,114-1004043-6922413,2026-05-23,PH-BED-MED-GRY,1,42.99,0.00,-0.00,-6.45,-12.40,0.00,0.00,24.14
2026-STL-0523,Order,114-1004044-7478034,2026-05-23,PH-BED-MED-GRY,1,42.99,0.00,-0.00,-6.45,-12.40,0.00,0.00,24.14
2026-STL-0523,Order,114-1004045-8791390,2026-05-23,PH-BED-MED-GRY,1,42.99,0.00,-0.00,-6.45,-12.40,0.00,0.00,24.14
2026-STL-0523,Order,114-1004154-2046696,2026-05-23,PH-BRUSH-DBL,1,12.99,0.00,-0.00,-1.95,-3.45,0.00,0.00,7.59
2026-STL-0523,Order,114-1004334-1843231,2026-05-23,PH-DENTAL-30CT,1,21.99,0.00,-0.00,-3.30,-4.10,0.00,0.00,14.59
2026-STL-0523,Order,114-1004335-3849362,2026-05-23,PH-DENTAL-30CT,1,21.99,0.00,-0.00,-3.30,-4.10,0.00,0.00,14.59
2026-STL-0524,Order,114-1000171-1348050,2026-05-24,PF-WHEY-CHOC,3,134.97,0.00,-13.50,-18.22,-18.30,0.00,0.00,84.95
2026-STL-0524,Order,114-1000172-1674975,2026-05-24,PF-WHEY-CHOC,1,44.99,0.00,-0.00,-6.75,-6.10,0.00,0.00,32.14
2026-STL-0524,Order,114-1000173-8419378,2026-05-24,PF-WHEY-CHOC,1,44.99,0.00,-0.00,-6.75,-6.10,0.00,0.00,32.14
2026-STL-0524,Order,114-1000174-9249789,2026-05-24,PF-WHEY-CHOC,1,44.99,0.00,-0.00,-6.75,-6.10,0.00,0.00,32.14
2026-STL-0524,Order,114-1000432-9459284,2026-05-24,PF-WHEY-VAN,2,89.98,0.00,-0.00,-13.50,-12.20,0.00,0.00,64.28
2026-STL-0524,Order,114-1000433-3726201,2026-05-24,PF-WHEY-VAN,1,44.99,0.00,-0.00,-6.75,-6.10,0.00,0.00,32.14
2026-STL-0524,Order,114-1000636-5069884,2026-05-24,PF-PREWKT-BERRY,1,32.99,0.00,-0.00,-4.95,-4.35,0.00,0.00,23.69
2026-STL-0524,Order,114-1000637-4278644,2026-05-24,PF-PREWKT-BERRY,1,32.99,0.00,-0.00,-4.95,-4.35,0.00,0.00,23.69
2026-STL-0524,Order,114-1000901-5007754,2026-05-24,PF-CREATINE-300,1,24.99,0.00,-0.00,-3.75,-4.05,0.00,0.00,17.19
2026-STL-0524,Order,114-1000902-3782393,2026-05-24,PF-CREATINE-300,1,24.99,0.00,-0.00,-3.75,-4.05,0.00,0.00,17.19
2026-STL-0524,Order,114-1000903-3452813,2026-05-24,PF-CREATINE-300,1,24.99,0.00,-0.00,-3.75,-4.05,0.00,0.00,17.19
2026-STL-0524,Order,114-1000904-4671175,2026-05-24,PF-CREATINE-300,1,24.99,0.00,-0.00,-3.75,-4.05,0.00,0.00,17.19
2026-STL-0524,Order,114-1001116-5593537,2026-05-24,PF-BCAA-LEMON,2,55.98,0.00,-0.00,-8.40,-8.40,0.00,0.00,39.18
2026-STL-0524,Order,114-1001117-1439533,2026-05-24,PF-BCAA-LEMON,1,27.99,0.00,-0.00,-4.20,-4.20,0.00,0.00,19.59
2026-STL-0524,Order,114-1001228-5661529,2026-05-24,PF-SHAKER-28,1,12.99,0.00,-0.00,-1.95,-3.45,0.00,0.00,7.59
2026-STL-0524,Order,114-1001327-9894713,2026-05-24,PF-VEGAN-CHOC,1,39.99,0.00,-0.00,-6.00,-6.10,0.00,0.00,27.89
2026-STL-0524,Order,114-1001328-3213824,2026-05-24,PF-VEGAN-CHOC,1,39.99,0.00,-0.00,-6.00,-6.10,0.00,0.00,27.89
2026-STL-0524,Order,114-1001329-4804769,2026-05-24,PF-VEGAN-CHOC,1,39.99,0.00,-0.00,-6.00,-6.10,0.00,0.00,27.89
2026-STL-0524,Order,114-1001432-4961601,2026-05-24,PF-ELECTRO-CITRUS,1,21.99,0.00,-0.00,-3.30,-3.95,0.00,0.00,14.74
2026-STL-0524,Refund,114-1001623-8578973,2026-05-24,GT-SERUM-VITC,-1,-28.99,0.00,0.00,3.48,0.00,0.00,0.00,-25.51
2026-STL-0524,Order,114-1001692-8276581,2026-05-24,GT-SERUM-VITC,3,86.97,0.00,-17.39,-10.44,-10.65,0.00,0.00,48.49
2026-STL-0524,Order,114-1001693-3194370,2026-05-24,GT-SERUM-VITC,1,28.99,0.00,-0.00,-4.35,-3.55,0.00,0.00,21.09
2026-STL-0524,Order,114-1001694-7278962,2026-05-24,GT-SERUM-VITC,1,28.99,0.00,-0.00,-4.35,-3.55,0.00,0.00,21.09
2026-STL-0524,Order,114-1001695-1775026,2026-05-24,GT-SERUM-VITC,1,28.99,0.00,-0.00,-4.35,-3.55,0.00,0.00,21.09
2026-STL-0524,Order,114-1001696-5935567,2026-05-24,GT-SERUM-VITC,1,28.99,0.00,-2.90,-3.91,-3.55,0.00,0.00,18.63
2026-STL-0524,Order,114-1002058-1397373,2026-05-24,GT-SERUM-HA,1,24.99,0.00,-0.00,-3.75,-3.55,0.00,0.00,17.69
2026-STL-0524,Order,114-1002059-1627606,2026-05-24,GT-SERUM-HA,1,24.99,0.00,-0.00,-3.75,-3.55,0.00,0.00,17.69
2026-STL-0524,Order,114-1002060-2565160,2026-05-24,GT-SERUM-HA,1,24.99,0.00,-0.00,-3.75,-3.55,0.00,0.00,17.69
2026-STL-0524,Order,114-1002061-3363282,2026-05-24,GT-SERUM-HA,1,24.99,0.00,-0.00,-3.75,-3.55,0.00,0.00,17.69
2026-STL-0524,Order,114-1002328-6662853,2026-05-24,GT-MOIST-50ML,1,22.99,0.00,-0.00,-3.45,-3.60,0.00,0.00,15.94
2026-STL-0524,Order,114-1002329-5508832,2026-05-24,GT-MOIST-50ML,1,22.99,0.00,-0.00,-3.45,-3.60,0.00,0.00,15.94
2026-STL-0524,Order,114-1002499-1132511,2026-05-24,GT-CLEANSE-150,1,16.99,0.00,-0.00,-2.55,-3.70,0.00,0.00,10.74
2026-STL-0524,Order,114-1002500-2681206,2026-05-24,GT-CLEANSE-150,1,16.99,0.00,-0.00,-2.55,-3.70,0.00,0.00,10.74
2026-STL-0524,Refund,114-1002628-7779356,2026-05-24,GT-MASK-CLAY,-1,-14.99,0.00,0.00,1.80,0.00,0.00,0.00,-13.19
2026-STL-0524,Order,114-1002767-6198005,2026-05-24,GT-EYE-CREAM,1,26.99,0.00,-0.00,-4.05,-3.50,0.00,0.00,19.44
2026-STL-0524,Order,114-1002919-8989103,2026-05-24,GT-SPF30-TINT,2,47.98,0.00,-0.00,-7.20,-7.20,0.00,0.00,33.58
2026-STL-0524,Order,114-1002920-6554277,2026-05-24,GT-SPF30-TINT,1,23.99,0.00,-0.00,-3.60,-3.60,0.00,0.00,16.79
2026-STL-0524,Order,114-1003044-6487622,2026-05-24,GT-ROLLER-JADE,1,13.99,0.00,-0.00,-2.10,-3.40,0.00,0.00,8.49
2026-STL-0524,Order,114-1003045-9183716,2026-05-24,GT-ROLLER-JADE,2,27.98,0.00,-0.00,-4.20,-6.80,0.00,0.00,16.98
2026-STL-0524,Order,114-1003214-1653284,2026-05-24,PH-CHEW-BULLY-6,1,29.99,0.00,-0.00,-4.50,-4.60,0.00,0.00,20.89
2026-STL-0524,Order,114-1003215-3297127,2026-05-24,PH-CHEW-BULLY-6,1,29.99,0.00,-0.00,-4.50,-4.60,0.00,0.00,20.89
2026-STL-0524,Order,114-1003504-6499003,2026-05-24,PH-TREAT-SALMON,1,18.99,0.00,-0.00,-2.85,-3.90,0.00,0.00,12.24
2026-STL-0524,Order,114-1003505-4598169,2026-05-24,PH-TREAT-SALMON,1,18.99,0.00,-0.00,-2.85,-3.90,0.00,0.00,12.24
2026-STL-0524,Order,114-1003506-9800065,2026-05-24,PH-TREAT-SALMON,1,18.99,0.00,-1.90,-2.56,-3.90,0.00,0.00,10.63
2026-STL-0524,Order,114-1003741-6125491,2026-05-24,PH-SHAMPOO-OAT,1,15.99,0.00,-0.00,-2.40,-3.95,0.00,0.00,9.64
2026-STL-0524,Order,114-1003742-3443467,2026-05-24,PH-SHAMPOO-OAT,1,15.99,0.00,-0.00,-2.40,-3.95,0.00,0.00,9.64
2026-STL-0524,Order,114-1003904-1745865,2026-05-24,PH-TOY-ROPE-L,1,13.99,0.00,-0.00,-2.10,-3.75,0.00,0.00,8.14
2026-STL-0524,Order,114-1004046-7007810,2026-05-24,PH-BED-MED-GRY,1,42.99,0.00,-0.00,-6.45,-12.40,0.00,0.00,24.14
2026-STL-0524,Order,114-1004155-4163378,2026-05-24,PH-BRUSH-DBL,1,12.99,0.00,-0.00,-1.95,-3.45,0.00,0.00,7.59
2026-STL-0524,Order,114-1004156-6480067,2026-05-24,PH-BRUSH-DBL,1,12.99,0.00,-0.00,-1.95,-3.45,0.00,0.00,7.59
2026-STL-0524,Order,114-1004336-1533474,2026-05-24,PH-DENTAL-30CT,2,43.98,0.00,-0.00,-6.60,-8.20,0.00,0.00,29.18
2026-STL-0524,Order,114-1004337-7947521,2026-05-24,PH-DENTAL-30CT,1,21.99,0.00,-0.00,-3.30,-4.10,0.00,0.00,14.59
2026-STL-0524,Order,114-1004338-7866413,2026-05-24,PH-DENTAL-30CT,1,21.99,0.00,-0.00,-3.30,-4.10,0.00,0.00,14.59
2026-STL-0524,Order,114-1004339-8798827,2026-05-24,PH-DENTAL-30CT,1,21.99,0.00,-0.00,-3.30,-4.10,0.00,0.00,14.59
2026-STL-0525,Order,114-1000175-3698193,2026-05-25,PF-WHEY-CHOC,1,44.99,0.00,-0.00,-6.75,-6.10,0.00,0.00,32.14
2026-STL-0525,Order,114-1000176-7718473,2026-05-25,PF-WHEY-CHOC,1,44.99,0.00,-0.00,-6.75,-6.10,0.00,0.00,32.14
2026-STL-0525,Order,114-1000177-6276722,2026-05-25,PF-WHEY-CHOC,1,44.99,0.00,-0.00,-6.75,-6.10,0.00,0.00,32.14
2026-STL-0525,Order,114-1000434-1236293,2026-05-25,PF-WHEY-VAN,1,44.99,0.00,-0.00,-6.75,-6.10,0.00,0.00,32.14
2026-STL-0525,Order,114-1000435-4240708,2026-05-25,PF-WHEY-VAN,1,44.99,0.00,-0.00,-6.75,-6.10,0.00,0.00,32.14
2026-STL-0525,Order,114-1000638-1401147,2026-05-25,PF-PREWKT-BERRY,1,32.99,0.00,-3.30,-4.45,-4.35,0.00,0.00,20.89
2026-STL-0525,Order,114-1000905-4926181,2026-05-25,PF-CREATINE-300,1,24.99,0.00,-0.00,-3.75,-4.05,0.00,0.00,17.19
2026-STL-0525,Order,114-1000906-7060792,2026-05-25,PF-CREATINE-300,1,24.99,0.00,-2.50,-3.37,-4.05,0.00,0.00,15.07
2026-STL-0525,Order,114-1000907-1669489,2026-05-25,PF-CREATINE-300,2,49.98,0.00,-5.00,-6.75,-8.10,0.00,0.00,30.13
2026-STL-0525,Order,114-1000908-9747185,2026-05-25,PF-CREATINE-300,1,24.99,0.00,-0.00,-3.75,-4.05,0.00,0.00,17.19
2026-STL-0525,Order,114-1001118-4895376,2026-05-25,PF-BCAA-LEMON,1,27.99,0.00,-0.00,-4.20,-4.20,0.00,0.00,19.59
2026-STL-0525,Order,114-1001229-5311001,2026-05-25,PF-SHAKER-28,1,12.99,0.00,-0.00,-1.95,-3.45,0.00,0.00,7.59
2026-STL-0525,Order,114-1001330-8649177,2026-05-25,PF-VEGAN-CHOC,1,39.99,0.00,-0.00,-6.00,-6.10,0.00,0.00,27.89
2026-STL-0525,Order,114-1001331-9981123,2026-05-25,PF-VEGAN-CHOC,1,39.99,0.00,-0.00,-6.00,-6.10,0.00,0.00,27.89
2026-STL-0525,Order,114-1001433-5120259,2026-05-25,PF-ELECTRO-CITRUS,1,21.99,0.00,-0.00,-3.30,-3.95,0.00,0.00,14.74
2026-STL-0525,Order,114-1001434-8317096,2026-05-25,PF-ELECTRO-CITRUS,1,21.99,0.00,-0.00,-3.30,-3.95,0.00,0.00,14.74
2026-STL-0525,Order,114-1001697-9527346,2026-05-25,GT-SERUM-VITC,1,28.99,0.00,-2.90,-3.91,-3.55,0.00,0.00,18.63
2026-STL-0525,Order,114-1001698-2365794,2026-05-25,GT-SERUM-VITC,2,57.98,0.00,-0.00,-8.70,-7.10,0.00,0.00,42.18
2026-STL-0525,Order,114-1001699-3809068,2026-05-25,GT-SERUM-VITC,1,28.99,0.00,-0.00,-4.35,-3.55,0.00,0.00,21.09
2026-STL-0525,Order,114-1001700-9542262,2026-05-25,GT-SERUM-VITC,1,28.99,0.00,-0.00,-4.35,-3.55,0.00,0.00,21.09
2026-STL-0525,Order,114-1001701-7272644,2026-05-25,GT-SERUM-VITC,1,28.99,0.00,-0.00,-4.35,-3.55,0.00,0.00,21.09
2026-STL-0525,Order,114-1002062-9662089,2026-05-25,GT-SERUM-HA,1,24.99,0.00,-5.00,-3.00,-3.55,0.00,0.00,13.44
2026-STL-0525,Order,114-1002063-6727998,2026-05-25,GT-SERUM-HA,1,24.99,0.00,-0.00,-3.75,-3.55,0.00,0.00,17.69
2026-STL-0525,Order,114-1002064-8229326,2026-05-25,GT-SERUM-HA,1,24.99,0.00,-0.00,-3.75,-3.55,0.00,0.00,17.69
2026-STL-0525,Order,114-1002330-6385308,2026-05-25,GT-MOIST-50ML,1,22.99,0.00,-0.00,-3.45,-3.60,0.00,0.00,15.94
2026-STL-0525,Order,114-1002331-1289686,2026-05-25,GT-MOIST-50ML,2,45.98,0.00,-0.00,-6.90,-7.20,0.00,0.00,31.88
2026-STL-0525,Order,114-1002332-9056551,2026-05-25,GT-MOIST-50ML,1,22.99,0.00,-4.60,-2.76,-3.60,0.00,0.00,12.03
2026-STL-0525,Order,114-1002501-4123258,2026-05-25,GT-CLEANSE-150,1,16.99,0.00,-0.00,-2.55,-3.70,0.00,0.00,10.74
2026-STL-0525,Refund,114-1002619-6111027,2026-05-25,GT-MASK-CLAY,-1,-14.99,0.00,0.00,1.80,0.00,0.00,0.00,-13.19
2026-STL-0525,Order,114-1002643-5345732,2026-05-25,GT-MASK-CLAY,1,14.99,0.00,-0.00,-2.25,-3.85,0.00,0.00,8.89
2026-STL-0525,Order,114-1002768-9522069,2026-05-25,GT-EYE-CREAM,1,26.99,0.00,-0.00,-4.05,-3.50,0.00,0.00,19.44
2026-STL-0525,Refund,114-1002884-2536556,2026-05-25,GT-SPF30-TINT,-2,-47.98,0.00,0.00,5.76,0.00,0.00,0.00,-42.22
2026-STL-0525,Order,114-1002921-4840752,2026-05-25,GT-SPF30-TINT,1,23.99,0.00,-0.00,-3.60,-3.60,0.00,0.00,16.79
2026-STL-0525,Order,114-1002922-5179188,2026-05-25,GT-SPF30-TINT,1,23.99,0.00,-2.40,-3.24,-3.60,0.00,0.00,14.75
2026-STL-0525,Order,114-1002923-9572494,2026-05-25,GT-SPF30-TINT,1,23.99,0.00,-0.00,-3.60,-3.60,0.00,0.00,16.79
2026-STL-0525,Order,114-1002924-6396474,2026-05-25,GT-SPF30-TINT,1,23.99,0.00,-0.00,-3.60,-3.60,0.00,0.00,16.79
2026-STL-0525,Order,114-1003216-2248178,2026-05-25,PH-CHEW-BULLY-6,1,29.99,0.00,-3.00,-4.05,-4.60,0.00,0.00,18.34
2026-STL-0525,Order,114-1003217-6030147,2026-05-25,PH-CHEW-BULLY-6,1,29.99,0.00,-0.00,-4.50,-4.60,0.00,0.00,20.89
2026-STL-0525,Order,114-1003218-4100029,2026-05-25,PH-CHEW-BULLY-6,1,29.99,0.00,-0.00,-4.50,-4.60,0.00,0.00,20.89
2026-STL-0525,Order,114-1003219-2679778,2026-05-25,PH-CHEW-BULLY-6,2,59.98,0.00,-6.00,-8.10,-9.20,0.00,0.00,36.68
2026-STL-0525,Order,114-1003220-6599985,2026-05-25,PH-CHEW-BULLY-6,1,29.99,0.00,-0.00,-4.50,-4.60,0.00,0.00,20.89
2026-STL-0525,Order,114-1003507-6323750,2026-05-25,PH-TREAT-SALMON,1,18.99,0.00,-0.00,-2.85,-3.90,0.00,0.00,12.24
2026-STL-0525,Order,114-1003508-3511322,2026-05-25,PH-TREAT-SALMON,2,37.98,0.00,-0.00,-5.70,-7.80,0.00,0.00,24.48
2026-STL-0525,Order,114-1003509-2461916,2026-05-25,PH-TREAT-SALMON,1,18.99,0.00,-0.00,-2.85,-3.90,0.00,0.00,12.24
2026-STL-0525,Order,114-1003510-9878705,2026-05-25,PH-TREAT-SALMON,1,18.99,0.00,-0.00,-2.85,-3.90,0.00,0.00,12.24
2026-STL-0525,Order,114-1003743-8506955,2026-05-25,PH-SHAMPOO-OAT,1,15.99,0.00,-0.00,-2.40,-3.95,0.00,0.00,9.64
2026-STL-0525,Order,114-1003744-9241865,2026-05-25,PH-SHAMPOO-OAT,1,15.99,0.00,-0.00,-2.40,-3.95,0.00,0.00,9.64
2026-STL-0525,Order,114-1003905-4965012,2026-05-25,PH-TOY-ROPE-L,1,13.99,0.00,-0.00,-2.10,-3.75,0.00,0.00,8.14
2026-STL-0525,Order,114-1003906-4622993,2026-05-25,PH-TOY-ROPE-L,1,13.99,0.00,-0.00,-2.10,-3.75,0.00,0.00,8.14
2026-STL-0525,Order,114-1004047-8817371,2026-05-25,PH-BED-MED-GRY,1,42.99,0.00,-0.00,-6.45,-12.40,0.00,0.00,24.14
2026-STL-0525,Order,114-1004157-4941694,2026-05-25,PH-BRUSH-DBL,1,12.99,0.00,-1.30,-1.75,-3.45,0.00,0.00,6.49
2026-STL-0525,Order,114-1004158-3715204,2026-05-25,PH-BRUSH-DBL,1,12.99,0.00,-0.00,-1.95,-3.45,0.00,0.00,7.59
2026-STL-0525,Order,114-1004340-1206766,2026-05-25,PH-DENTAL-30CT,1,21.99,0.00,-0.00,-3.30,-4.10,0.00,0.00,14.59
2026-STL-0525,Order,114-1004341-4179392,2026-05-25,PH-DENTAL-30CT,1,21.99,0.00,-0.00,-3.30,-4.10,0.00,0.00,14.59
2026-STL-0525,Order,114-1004342-3688510,2026-05-25,PH-DENTAL-30CT,1,21.99,0.00,-0.00,-3.30,-4.10,0.00,0.00,14.59
2026-STL-0526,Order,114-1000178-9633492,2026-05-26,PF-WHEY-CHOC,1,44.99,0.00,-0.00,-6.75,-6.10,0.00,0.00,32.14
2026-STL-0526,Order,114-1000179-8750676,2026-05-26,PF-WHEY-CHOC,1,44.99,0.00,-4.50,-6.07,-6.10,0.00,0.00,28.32
2026-STL-0526,Order,114-1000180-9363326,2026-05-26,PF-WHEY-CHOC,1,44.99,0.00,-0.00,-6.75,-6.10,0.00,0.00,32.14
2026-STL-0526,Order,114-1000181-3198037,2026-05-26,PF-WHEY-CHOC,1,44.99,0.00,-0.00,-6.75,-6.10,0.00,0.00,32.14
2026-STL-0526,Order,114-1000436-2455218,2026-05-26,PF-WHEY-VAN,2,89.98,0.00,-0.00,-13.50,-12.20,0.00,0.00,64.28
2026-STL-0526,Order,114-1000437-9010350,2026-05-26,PF-WHEY-VAN,1,44.99,0.00,-9.00,-5.40,-6.10,0.00,0.00,24.49
2026-STL-0526,Order,114-1000438-4951390,2026-05-26,PF-WHEY-VAN,1,44.99,0.00,-0.00,-6.75,-6.10,0.00,0.00,32.14
2026-STL-0526,Order,114-1000439-1191859,2026-05-26,PF-WHEY-VAN,1,44.99,0.00,-0.00,-6.75,-6.10,0.00,0.00,32.14
2026-STL-0526,Order,114-1000639-1160974,2026-05-26,PF-PREWKT-BERRY,1,32.99,0.00,-3.30,-4.45,-4.35,0.00,0.00,20.89
2026-STL-0526,Order,114-1000640-6159172,2026-05-26,PF-PREWKT-BERRY,1,32.99,0.00,-0.00,-4.95,-4.35,0.00,0.00,23.69
2026-STL-0526,Order,114-1000909-7319298,2026-05-26,PF-CREATINE-300,1,24.99,0.00,-0.00,-3.75,-4.05,0.00,0.00,17.19
2026-STL-0526,Order,114-1000910-2305896,2026-05-26,PF-CREATINE-300,1,24.99,0.00,-0.00,-3.75,-4.05,0.00,0.00,17.19
2026-STL-0526,Order,114-1000911-9663280,2026-05-26,PF-CREATINE-300,1,24.99,0.00,-2.50,-3.37,-4.05,0.00,0.00,15.07
2026-STL-0526,Order,114-1000912-9088465,2026-05-26,PF-CREATINE-300,1,24.99,0.00,-0.00,-3.75,-4.05,0.00,0.00,17.19
2026-STL-0526,Order,114-1001119-8996058,2026-05-26,PF-BCAA-LEMON,1,27.99,0.00,-0.00,-4.20,-4.20,0.00,0.00,19.59
2026-STL-0526,Order,114-1001332-3575047,2026-05-26,PF-VEGAN-CHOC,3,119.97,0.00,-12.00,-16.20,-18.30,0.00,0.00,73.47
2026-STL-0526,Order,114-1001435-5660240,2026-05-26,PF-ELECTRO-CITRUS,1,21.99,0.00,-0.00,-3.30,-3.95,0.00,0.00,14.74
2026-STL-0526,Order,114-1001436-9151075,2026-05-26,PF-ELECTRO-CITRUS,1,21.99,0.00,-2.20,-2.97,-3.95,0.00,0.00,12.87
2026-STL-0526,Refund,114-1001686-7038275,2026-05-26,GT-SERUM-VITC,-1,-28.99,0.00,0.00,3.48,0.00,0.00,0.00,-25.51
2026-STL-0526,Order,114-1001702-8948342,2026-05-26,GT-SERUM-VITC,1,28.99,0.00,-5.80,-3.48,-3.55,0.00,0.00,16.16
2026-STL-0526,Order,114-1001703-1614121,2026-05-26,GT-SERUM-VITC,1,28.99,0.00,-2.90,-3.91,-3.55,0.00,0.00,18.63
2026-STL-0526,Order,114-1001704-4932320,2026-05-26,GT-SERUM-VITC,2,57.98,0.00,-0.00,-8.70,-7.10,0.00,0.00,42.18
2026-STL-0526,Order,114-1001705-3637534,2026-05-26,GT-SERUM-VITC,1,28.99,0.00,-2.90,-3.91,-3.55,0.00,0.00,18.63
2026-STL-0526,Order,114-1001706-3253688,2026-05-26,GT-SERUM-VITC,1,28.99,0.00,-0.00,-4.35,-3.55,0.00,0.00,21.09
2026-STL-0526,Order,114-1001707-4861738,2026-05-26,GT-SERUM-VITC,1,28.99,0.00,-0.00,-4.35,-3.55,0.00,0.00,21.09
2026-STL-0526,Order,114-1002065-2258262,2026-05-26,GT-SERUM-HA,1,24.99,0.00,-0.00,-3.75,-3.55,0.00,0.00,17.69
2026-STL-0526,Order,114-1002066-2634202,2026-05-26,GT-SERUM-HA,1,24.99,0.00,-5.00,-3.00,-3.55,0.00,0.00,13.44
2026-STL-0526,Order,114-1002067-2462431,2026-05-26,GT-SERUM-HA,1,24.99,0.00,-2.50,-3.37,-3.55,0.00,0.00,15.57
2026-STL-0526,Order,114-1002068-5959482,2026-05-26,GT-SERUM-HA,1,24.99,0.00,-0.00,-3.75,-3.55,0.00,0.00,17.69
2026-STL-0526,Order,114-1002333-2334575,2026-05-26,GT-MOIST-50ML,1,22.99,0.00,-0.00,-3.45,-3.60,0.00,0.00,15.94
2026-STL-0526,Order,114-1002502-7699704,2026-05-26,GT-CLEANSE-150,1,16.99,0.00,-0.00,-2.55,-3.70,0.00,0.00,10.74
2026-STL-0526,Order,114-1002644-2999683,2026-05-26,GT-MASK-CLAY,1,14.99,0.00,-0.00,-2.25,-3.85,0.00,0.00,8.89
2026-STL-0526,Order,114-1002645-1805827,2026-05-26,GT-MASK-CLAY,1,14.99,0.00,-1.50,-2.02,-3.85,0.00,0.00,7.62
2026-STL-0526,Order,114-1002769-1113671,2026-05-26,GT-EYE-CREAM,1,26.99,0.00,-0.00,-4.05,-3.50,0.00,0.00,19.44
2026-STL-0526,Order,114-1002770-3007953,2026-05-26,GT-EYE-CREAM,1,26.99,0.00,-0.00,-4.05,-3.50,0.00,0.00,19.44
2026-STL-0526,Order,114-1002925-5462862,2026-05-26,GT-SPF30-TINT,1,23.99,0.00,-0.00,-3.60,-3.60,0.00,0.00,16.79
2026-STL-0526,Order,114-1003046-3302963,2026-05-26,GT-ROLLER-JADE,1,13.99,0.00,-1.40,-1.89,-3.40,0.00,0.00,7.30
2026-STL-0526,Order,114-1003047-6744686,2026-05-26,GT-ROLLER-JADE,1,13.99,0.00,-0.00,-2.10,-3.40,0.00,0.00,8.49
2026-STL-0526,Order,114-1003511-3208458,2026-05-26,PH-TREAT-SALMON,1,18.99,0.00,-0.00,-2.85,-3.90,0.00,0.00,12.24
2026-STL-0526,Order,114-1003512-4942812,2026-05-26,PH-TREAT-SALMON,1,18.99,0.00,-0.00,-2.85,-3.90,0.00,0.00,12.24
2026-STL-0526,Order,114-1003513-6843777,2026-05-26,PH-TREAT-SALMON,1,18.99,0.00,-1.90,-2.56,-3.90,0.00,0.00,10.63
2026-STL-0526,Order,114-1003514-8183194,2026-05-26,PH-TREAT-SALMON,2,37.98,0.00,-3.80,-5.13,-7.80,0.00,0.00,21.25
2026-STL-0526,Order,114-1003515-9496643,2026-05-26,PH-TREAT-SALMON,2,37.98,0.00,-3.80,-5.13,-7.80,0.00,0.00,21.25
2026-STL-0526,Order,114-1003745-2423828,2026-05-26,PH-SHAMPOO-OAT,1,15.99,0.00,-1.60,-2.16,-3.95,0.00,0.00,8.28
2026-STL-0526,Order,114-1003746-4460803,2026-05-26,PH-SHAMPOO-OAT,2,31.98,0.00,-0.00,-4.80,-7.90,0.00,0.00,19.28
2026-STL-0526,Order,114-1003907-9046216,2026-05-26,PH-TOY-ROPE-L,1,13.99,0.00,-1.40,-1.89,-3.75,0.00,0.00,6.95
2026-STL-0526,Order,114-1003908-6217575,2026-05-26,PH-TOY-ROPE-L,1,13.99,0.00,-0.00,-2.10,-3.75,0.00,0.00,8.14
2026-STL-0526,Order,114-1003909-3316968,2026-05-26,PH-TOY-ROPE-L,1,13.99,0.00,-2.80,-1.68,-3.75,0.00,0.00,5.76
2026-STL-0526,Order,114-1004159-2047699,2026-05-26,PH-BRUSH-DBL,1,12.99,0.00,-0.00,-1.95,-3.45,0.00,0.00,7.59
2026-STL-0526,Order,114-1004160-3751699,2026-05-26,PH-BRUSH-DBL,1,12.99,0.00,-0.00,-1.95,-3.45,0.00,0.00,7.59
2026-STL-0526,Order,114-1004343-1692168,2026-05-26,PH-DENTAL-30CT,1,21.99,0.00,-2.20,-2.97,-4.10,0.00,0.00,12.72
2026-STL-0526,Order,114-1004344-7540556,2026-05-26,PH-DENTAL-30CT,1,21.99,0.00,-0.00,-3.30,-4.10,0.00,0.00,14.59
2026-STL-0526,Order,114-1004345-5259497,2026-05-26,PH-DENTAL-30CT,1,21.99,0.00,-0.00,-3.30,-4.10,0.00,0.00,14.59
2026-STL-0527,Order,114-1000182-5014745,2026-05-27,PF-WHEY-CHOC,1,44.99,0.00,-9.00,-5.40,-6.10,0.00,0.00,24.49
2026-STL-0527,Order,114-1000183-7844947,2026-05-27,PF-WHEY-CHOC,1,44.99,0.00,-0.00,-6.75,-6.10,0.00,0.00,32.14
2026-STL-0527,Order,114-1000184-8741810,2026-05-27,PF-WHEY-CHOC,3,134.97,0.00,-13.50,-18.22,-18.30,0.00,0.00,84.95
2026-STL-0527,Order,114-1000440-2983483,2026-05-27,PF-WHEY-VAN,1,44.99,0.00,-0.00,-6.75,-6.10,0.00,0.00,32.14
2026-STL-0527,Order,114-1000641-3388630,2026-05-27,PF-PREWKT-BERRY,1,32.99,0.00,-0.00,-4.95,-4.35,0.00,0.00,23.69
2026-STL-0527,Order,114-1000642-9720112,2026-05-27,PF-PREWKT-BERRY,1,32.99,0.00,-3.30,-4.45,-4.35,0.00,0.00,20.89
2026-STL-0527,Order,114-1000913-8380275,2026-05-27,PF-CREATINE-300,1,24.99,0.00,-2.50,-3.37,-4.05,0.00,0.00,15.07
2026-STL-0527,Order,114-1000914-4548668,2026-05-27,PF-CREATINE-300,1,24.99,0.00,-0.00,-3.75,-4.05,0.00,0.00,17.19
2026-STL-0527,Order,114-1000915-2985251,2026-05-27,PF-CREATINE-300,1,24.99,0.00,-0.00,-3.75,-4.05,0.00,0.00,17.19
2026-STL-0527,Order,114-1000916-2901507,2026-05-27,PF-CREATINE-300,1,24.99,0.00,-0.00,-3.75,-4.05,0.00,0.00,17.19
2026-STL-0527,Order,114-1000917-3705263,2026-05-27,PF-CREATINE-300,1,24.99,0.00,-0.00,-3.75,-4.05,0.00,0.00,17.19
2026-STL-0527,Order,114-1000918-3145556,2026-05-27,PF-CREATINE-300,1,24.99,0.00,-0.00,-3.75,-4.05,0.00,0.00,17.19
2026-STL-0527,Order,114-1001120-7500504,2026-05-27,PF-BCAA-LEMON,1,27.99,0.00,-0.00,-4.20,-4.20,0.00,0.00,19.59
2026-STL-0527,Order,114-1001121-1540722,2026-05-27,PF-BCAA-LEMON,1,27.99,0.00,-0.00,-4.20,-4.20,0.00,0.00,19.59
2026-STL-0527,Order,114-1001230-7203657,2026-05-27,PF-SHAKER-28,1,12.99,0.00,-0.00,-1.95,-3.45,0.00,0.00,7.59
2026-STL-0527,Order,114-1001333-7202069,2026-05-27,PF-VEGAN-CHOC,1,39.99,0.00,-0.00,-6.00,-6.10,0.00,0.00,27.89
2026-STL-0527,Order,114-1001334-6317433,2026-05-27,PF-VEGAN-CHOC,1,39.99,0.00,-0.00,-6.00,-6.10,0.00,0.00,27.89
2026-STL-0527,Order,114-1001335-3727935,2026-05-27,PF-VEGAN-CHOC,1,39.99,0.00,-0.00,-6.00,-6.10,0.00,0.00,27.89
2026-STL-0527,Order,114-1001437-6266448,2026-05-27,PF-ELECTRO-CITRUS,1,21.99,0.00,-2.20,-2.97,-3.95,0.00,0.00,12.87
2026-STL-0527,Order,114-1001708-7861089,2026-05-27,GT-SERUM-VITC,1,28.99,0.00,-0.00,-4.35,-3.55,0.00,0.00,21.09
2026-STL-0527,Order,114-1001709-1414702,2026-05-27,GT-SERUM-VITC,1,28.99,0.00,-0.00,-4.35,-3.55,0.00,0.00,21.09
2026-STL-0527,Order,114-1001710-7024579,2026-05-27,GT-SERUM-VITC,1,28.99,0.00,-0.00,-4.35,-3.55,0.00,0.00,21.09
2026-STL-0527,Order,114-1001711-2311290,2026-05-27,GT-SERUM-VITC,1,28.99,0.00,-0.00,-4.35,-3.55,0.00,0.00,21.09
2026-STL-0527,Order,114-1002069-2497018,2026-05-27,GT-SERUM-HA,1,24.99,0.00,-0.00,-3.75,-3.55,0.00,0.00,17.69
2026-STL-0527,Order,114-1002070-8940001,2026-05-27,GT-SERUM-HA,1,24.99,0.00,-0.00,-3.75,-3.55,0.00,0.00,17.69
2026-STL-0527,Order,114-1002071-3356313,2026-05-27,GT-SERUM-HA,1,24.99,0.00,-0.00,-3.75,-3.55,0.00,0.00,17.69
2026-STL-0527,Order,114-1002334-5632933,2026-05-27,GT-MOIST-50ML,1,22.99,0.00,-0.00,-3.45,-3.60,0.00,0.00,15.94
2026-STL-0527,Order,114-1002335-3927545,2026-05-27,GT-MOIST-50ML,1,22.99,0.00,-0.00,-3.45,-3.60,0.00,0.00,15.94
2026-STL-0527,Order,114-1002503-6668656,2026-05-27,GT-CLEANSE-150,1,16.99,0.00,-0.00,-2.55,-3.70,0.00,0.00,10.74
2026-STL-0527,Order,114-1002504-4930952,2026-05-27,GT-CLEANSE-150,1,16.99,0.00,-0.00,-2.55,-3.70,0.00,0.00,10.74
2026-STL-0527,Order,114-1002505-8062972,2026-05-27,GT-CLEANSE-150,2,33.98,0.00,-0.00,-5.10,-7.40,0.00,0.00,21.48
2026-STL-0527,Order,114-1002646-1538280,2026-05-27,GT-MASK-CLAY,1,14.99,0.00,-0.00,-2.25,-3.85,0.00,0.00,8.89
2026-STL-0527,Order,114-1002647-9254549,2026-05-27,GT-MASK-CLAY,2,29.98,0.00,-0.00,-4.50,-7.70,0.00,0.00,17.78
2026-STL-0527,Order,114-1002648-2267561,2026-05-27,GT-MASK-CLAY,1,14.99,0.00,-0.00,-2.25,-3.85,0.00,0.00,8.89
2026-STL-0527,Order,114-1002649-9921493,2026-05-27,GT-MASK-CLAY,3,44.97,0.00,-0.00,-6.75,-11.55,0.00,0.00,26.67
2026-STL-0527,Order,114-1002771-7940926,2026-05-27,GT-EYE-CREAM,1,26.99,0.00,-0.00,-4.05,-3.50,0.00,0.00,19.44
2026-STL-0527,Order,114-1002772-4008839,2026-05-27,GT-EYE-CREAM,1,26.99,0.00,-0.00,-4.05,-3.50,0.00,0.00,19.44
2026-STL-0527,Order,114-1002926-7103256,2026-05-27,GT-SPF30-TINT,1,23.99,0.00,-0.00,-3.60,-3.60,0.00,0.00,16.79
2026-STL-0527,Order,114-1002927-1051224,2026-05-27,GT-SPF30-TINT,1,23.99,0.00,-0.00,-3.60,-3.60,0.00,0.00,16.79
2026-STL-0527,Order,114-1003221-1823404,2026-05-27,PH-CHEW-BULLY-6,1,29.99,0.00,-0.00,-4.50,-4.60,0.00,0.00,20.89
2026-STL-0527,Order,114-1003222-2336525,2026-05-27,PH-CHEW-BULLY-6,2,59.98,0.00,-0.00,-9.00,-9.20,0.00,0.00,41.78
2026-STL-0527,Order,114-1003223-5986295,2026-05-27,PH-CHEW-BULLY-6,1,29.99,0.00,-0.00,-4.50,-4.60,0.00,0.00,20.89
2026-STL-0527,Order,114-1003224-7772119,2026-05-27,PH-CHEW-BULLY-6,1,29.99,0.00,-0.00,-4.50,-4.60,0.00,0.00,20.89
2026-STL-0527,Order,114-1003516-5689870,2026-05-27,PH-TREAT-SALMON,1,18.99,0.00,-0.00,-2.85,-3.90,0.00,0.00,12.24
2026-STL-0527,Order,114-1003517-6668862,2026-05-27,PH-TREAT-SALMON,1,18.99,0.00,-0.00,-2.85,-3.90,0.00,0.00,12.24
2026-STL-0527,Order,114-1003518-5691140,2026-05-27,PH-TREAT-SALMON,3,56.97,0.00,-5.70,-7.69,-11.70,0.00,0.00,31.88
2026-STL-0527,Order,114-1003519-7102037,2026-05-27,PH-TREAT-SALMON,1,18.99,0.00,-0.00,-2.85,-3.90,0.00,0.00,12.24
2026-STL-0527,Order,114-1003520-5832385,2026-05-27,PH-TREAT-SALMON,1,18.99,0.00,-0.00,-2.85,-3.90,0.00,0.00,12.24
2026-STL-0527,Order,114-1003747-1515146,2026-05-27,PH-SHAMPOO-OAT,1,15.99,0.00,-0.00,-2.40,-3.95,0.00,0.00,9.64
2026-STL-0527,Order,114-1003748-3847361,2026-05-27,PH-SHAMPOO-OAT,2,31.98,0.00,-0.00,-4.80,-7.90,0.00,0.00,19.28
2026-STL-0527,Order,114-1003910-1905539,2026-05-27,PH-TOY-ROPE-L,1,13.99,0.00,-0.00,-2.10,-3.75,0.00,0.00,8.14
2026-STL-0527,Order,114-1003911-3138437,2026-05-27,PH-TOY-ROPE-L,1,13.99,0.00,-0.00,-2.10,-3.75,0.00,0.00,8.14
2026-STL-0527,Order,114-1004048-7937806,2026-05-27,PH-BED-MED-GRY,1,42.99,0.00,-0.00,-6.45,-12.40,0.00,0.00,24.14
2026-STL-0527,Order,114-1004049-2314715,2026-05-27,PH-BED-MED-GRY,1,42.99,0.00,-0.00,-6.45,-12.40,0.00,0.00,24.14
2026-STL-0527,Order,114-1004161-4810750,2026-05-27,PH-BRUSH-DBL,1,12.99,0.00,-1.30,-1.75,-3.45,0.00,0.00,6.49
2026-STL-0527,Order,114-1004346-9321129,2026-05-27,PH-DENTAL-30CT,1,21.99,0.00,-0.00,-3.30,-4.10,0.00,0.00,14.59
2026-STL-0527,Order,114-1004347-2147606,2026-05-27,PH-DENTAL-30CT,1,21.99,0.00,-2.20,-2.97,-4.10,0.00,0.00,12.72
2026-STL-0527,Order,114-1004348-5108377,2026-05-27,PH-DENTAL-30CT,1,21.99,0.00,-0.00,-3.30,-4.10,0.00,0.00,14.59
2026-STL-0527,Order,114-1004349-4784652,2026-05-27,PH-DENTAL-30CT,3,65.97,0.00,-0.00,-9.90,-12.30,0.00,0.00,43.77
2026-STL-0527,Order,114-1004350-3210308,2026-05-27,PH-DENTAL-30CT,1,21.99,0.00,-0.00,-3.30,-4.10,0.00,0.00,14.59
2026-STL-0528,FBA Storage Fee,,2026-05-28,,,0.00,0.00,0.00,0.00,0.00,-2011.35,0.00,-2011.35
2026-STL-0528,Subscription Fee,,2026-05-28,,,0.00,0.00,0.00,0.00,0.00,-39.99,0.00,-39.99
2026-STL-0528,Advertising Cost,,2026-05-28,,,0.00,0.00,0.00,0.00,0.00,-16875.02,0.00,-16875.02
2026-STL-0528,Order,114-1000185-5896624,2026-05-28,PF-WHEY-CHOC,1,44.99,0.00,-0.00,-6.75,-6.10,0.00,0.00,32.14
2026-STL-0528,Order,114-1000186-8922533,2026-05-28,PF-WHEY-CHOC,1,44.99,0.00,-4.50,-6.07,-6.10,0.00,0.00,28.32
2026-STL-0528,Order,114-1000187-9526867,2026-05-28,PF-WHEY-CHOC,1,44.99,0.00,-0.00,-6.75,-6.10,0.00,0.00,32.14
2026-STL-0528,Order,114-1000188-7961578,2026-05-28,PF-WHEY-CHOC,1,44.99,0.00,-0.00,-6.75,-6.10,0.00,0.00,32.14
2026-STL-0528,Order,114-1000189-1043037,2026-05-28,PF-WHEY-CHOC,1,44.99,0.00,-0.00,-6.75,-6.10,0.00,0.00,32.14
2026-STL-0528,Order,114-1000441-6217344,2026-05-28,PF-WHEY-VAN,2,89.98,0.00,-9.00,-12.15,-12.20,0.00,0.00,56.63
2026-STL-0528,Order,114-1000442-7166363,2026-05-28,PF-WHEY-VAN,1,44.99,0.00,-4.50,-6.07,-6.10,0.00,0.00,28.32
2026-STL-0528,Order,114-1000443-3570027,2026-05-28,PF-WHEY-VAN,1,44.99,0.00,-0.00,-6.75,-6.10,0.00,0.00,32.14
2026-STL-0528,Order,114-1000444-8899184,2026-05-28,PF-WHEY-VAN,3,134.97,0.00,-0.00,-20.25,-18.30,0.00,0.00,96.42
2026-STL-0528,Order,114-1000643-2424426,2026-05-28,PF-PREWKT-BERRY,2,65.98,0.00,-0.00,-9.90,-8.70,0.00,0.00,47.38
2026-STL-0528,Order,114-1000644-7616116,2026-05-28,PF-PREWKT-BERRY,1,32.99,0.00,-0.00,-4.95,-4.35,0.00,0.00,23.69
2026-STL-0528,Order,114-1000919-1938047,2026-05-28,PF-CREATINE-300,1,24.99,0.00,-0.00,-3.75,-4.05,0.00,0.00,17.19
2026-STL-0528,Order,114-1000920-7802428,2026-05-28,PF-CREATINE-300,2,49.98,0.00,-0.00,-7.50,-8.10,0.00,0.00,34.38
2026-STL-0528,Order,114-1000921-5755579,2026-05-28,PF-CREATINE-300,1,24.99,0.00,-0.00,-3.75,-4.05,0.00,0.00,17.19
2026-STL-0528,Order,114-1000922-8909005,2026-05-28,PF-CREATINE-300,1,24.99,0.00,-0.00,-3.75,-4.05,0.00,0.00,17.19
2026-STL-0528,Order,114-1000923-3394312,2026-05-28,PF-CREATINE-300,1,24.99,0.00,-2.50,-3.37,-4.05,0.00,0.00,15.07
2026-STL-0528,Order,114-1000924-9569884,2026-05-28,PF-CREATINE-300,2,49.98,0.00,-0.00,-7.50,-8.10,0.00,0.00,34.38
2026-STL-0528,Order,114-1001122-7929728,2026-05-28,PF-BCAA-LEMON,3,83.97,0.00,-8.40,-11.34,-12.60,0.00,0.00,51.63
2026-STL-0528,Order,114-1001231-1555166,2026-05-28,PF-SHAKER-28,1,12.99,0.00,-0.00,-1.95,-3.45,0.00,0.00,7.59
2026-STL-0528,Order,114-1001232-3586212,2026-05-28,PF-SHAKER-28,1,12.99,0.00,-0.00,-1.95,-3.45,0.00,0.00,7.59
2026-STL-0528,Order,114-1001336-9378825,2026-05-28,PF-VEGAN-CHOC,1,39.99,0.00,-0.00,-6.00,-6.10,0.00,0.00,27.89
2026-STL-0528,Order,114-1001337-3618139,2026-05-28,PF-VEGAN-CHOC,2,79.98,0.00,-8.00,-10.80,-12.20,0.00,0.00,48.98
2026-STL-0528,Order,114-1001338-5958621,2026-05-28,PF-VEGAN-CHOC,1,39.99,0.00,-0.00,-6.00,-6.10,0.00,0.00,27.89
2026-STL-0528,Order,114-1001438-2515088,2026-05-28,PF-ELECTRO-CITRUS,1,21.99,0.00,-0.00,-3.30,-3.95,0.00,0.00,14.74
2026-STL-0528,Order,114-1001439-4960113,2026-05-28,PF-ELECTRO-CITRUS,2,43.98,0.00,-4.40,-5.94,-7.90,0.00,0.00,25.74
2026-STL-0528,Order,114-1001440-9756994,2026-05-28,PF-ELECTRO-CITRUS,1,21.99,0.00,-2.20,-2.97,-3.95,0.00,0.00,12.87
2026-STL-0528,Refund,114-1001643-4507886,2026-05-28,GT-SERUM-VITC,-1,-28.99,0.00,0.00,3.48,0.00,0.00,0.00,-25.51
2026-STL-0528,Order,114-1001712-2197032,2026-05-28,GT-SERUM-VITC,2,57.98,0.00,-0.00,-8.70,-7.10,0.00,0.00,42.18
2026-STL-0528,Order,114-1001713-6523752,2026-05-28,GT-SERUM-VITC,1,28.99,0.00,-0.00,-4.35,-3.55,0.00,0.00,21.09
2026-STL-0528,Order,114-1001714-5604751,2026-05-28,GT-SERUM-VITC,1,28.99,0.00,-0.00,-4.35,-3.55,0.00,0.00,21.09
2026-STL-0528,Order,114-1001715-5381125,2026-05-28,GT-SERUM-VITC,1,28.99,0.00,-0.00,-4.35,-3.55,0.00,0.00,21.09
2026-STL-0528,Order,114-1001716-7774826,2026-05-28,GT-SERUM-VITC,1,28.99,0.00,-0.00,-4.35,-3.55,0.00,0.00,21.09
2026-STL-0528,Order,114-1001717-1199493,2026-05-28,GT-SERUM-VITC,2,57.98,0.00,-0.00,-8.70,-7.10,0.00,0.00,42.18
2026-STL-0528,Order,114-1002072-7862438,2026-05-28,GT-SERUM-HA,1,24.99,0.00,-0.00,-3.75,-3.55,0.00,0.00,17.69
2026-STL-0528,Order,114-1002073-7152746,2026-05-28,GT-SERUM-HA,2,49.98,0.00,-0.00,-7.50,-7.10,0.00,0.00,35.38
2026-STL-0528,Order,114-1002074-2400738,2026-05-28,GT-SERUM-HA,1,24.99,0.00,-0.00,-3.75,-3.55,0.00,0.00,17.69
2026-STL-0528,Order,114-1002075-1715977,2026-05-28,GT-SERUM-HA,1,24.99,0.00,-0.00,-3.75,-3.55,0.00,0.00,17.69
2026-STL-0528,Order,114-1002076-5107344,2026-05-28,GT-SERUM-HA,1,24.99,0.00,-0.00,-3.75,-3.55,0.00,0.00,17.69
2026-STL-0528,Order,114-1002077-2766607,2026-05-28,GT-SERUM-HA,1,24.99,0.00,-0.00,-3.75,-3.55,0.00,0.00,17.69
2026-STL-0528,Order,114-1002336-2920094,2026-05-28,GT-MOIST-50ML,1,22.99,0.00,-0.00,-3.45,-3.60,0.00,0.00,15.94
2026-STL-0528,Order,114-1002337-8387157,2026-05-28,GT-MOIST-50ML,1,22.99,0.00,-0.00,-3.45,-3.60,0.00,0.00,15.94
2026-STL-0528,Order,114-1002506-3791472,2026-05-28,GT-CLEANSE-150,1,16.99,0.00,-0.00,-2.55,-3.70,0.00,0.00,10.74
2026-STL-0528,Order,114-1002507-9792694,2026-05-28,GT-CLEANSE-150,2,33.98,0.00,-6.80,-4.08,-7.40,0.00,0.00,15.70
2026-STL-0528,Order,114-1002650-8859233,2026-05-28,GT-MASK-CLAY,1,14.99,0.00,-1.50,-2.02,-3.85,0.00,0.00,7.62
2026-STL-0528,Order,114-1002651-8230086,2026-05-28,GT-MASK-CLAY,3,44.97,0.00,-0.00,-6.75,-11.55,0.00,0.00,26.67
2026-STL-0528,Order,114-1002652-3553581,2026-05-28,GT-MASK-CLAY,1,14.99,0.00,-1.50,-2.02,-3.85,0.00,0.00,7.62
2026-STL-0528,Order,114-1002773-2579766,2026-05-28,GT-EYE-CREAM,1,26.99,0.00,-0.00,-4.05,-3.50,0.00,0.00,19.44
2026-STL-0528,Order,114-1002774-7500351,2026-05-28,GT-EYE-CREAM,1,26.99,0.00,-2.70,-3.64,-3.50,0.00,0.00,17.15
2026-STL-0528,Order,114-1002775-6759540,2026-05-28,GT-EYE-CREAM,1,26.99,0.00,-0.00,-4.05,-3.50,0.00,0.00,19.44
2026-STL-0528,Order,114-1002776-8220257,2026-05-28,GT-EYE-CREAM,1,26.99,0.00,-0.00,-4.05,-3.50,0.00,0.00,19.44
2026-STL-0528,Order,114-1002928-3451490,2026-05-28,GT-SPF30-TINT,2,47.98,0.00,-0.00,-7.20,-7.20,0.00,0.00,33.58
2026-STL-0528,Order,114-1002929-6270869,2026-05-28,GT-SPF30-TINT,2,47.98,0.00,-0.00,-7.20,-7.20,0.00,0.00,33.58
2026-STL-0528,Order,114-1002930-4157389,2026-05-28,GT-SPF30-TINT,1,23.99,0.00,-2.40,-3.24,-3.60,0.00,0.00,14.75
2026-STL-0528,Order,114-1003048-5847725,2026-05-28,GT-ROLLER-JADE,1,13.99,0.00,-1.40,-1.89,-3.40,0.00,0.00,7.30
2026-STL-0528,Order,114-1003225-8049302,2026-05-28,PH-CHEW-BULLY-6,1,29.99,0.00,-3.00,-4.05,-4.60,0.00,0.00,18.34
2026-STL-0528,Order,114-1003226-3296660,2026-05-28,PH-CHEW-BULLY-6,1,29.99,0.00,-0.00,-4.50,-4.60,0.00,0.00,20.89
2026-STL-0528,Order,114-1003227-2792288,2026-05-28,PH-CHEW-BULLY-6,2,59.98,0.00,-0.00,-9.00,-9.20,0.00,0.00,41.78
2026-STL-0528,Order,114-1003228-7811359,2026-05-28,PH-CHEW-BULLY-6,1,29.99,0.00,-3.00,-4.05,-4.60,0.00,0.00,18.34
2026-STL-0528,Order,114-1003521-8182448,2026-05-28,PH-TREAT-SALMON,2,37.98,0.00,-7.60,-4.56,-7.80,0.00,0.00,18.02
2026-STL-0528,Order,114-1003522-1104984,2026-05-28,PH-TREAT-SALMON,1,18.99,0.00,-1.90,-2.56,-3.90,0.00,0.00,10.63
2026-STL-0528,Order,114-1003523-7249573,2026-05-28,PH-TREAT-SALMON,1,18.99,0.00,-1.90,-2.56,-3.90,0.00,0.00,10.63
2026-STL-0528,Order,114-1003524-2220511,2026-05-28,PH-TREAT-SALMON,1,18.99,0.00,-1.90,-2.56,-3.90,0.00,0.00,10.63
2026-STL-0528,Order,114-1003525-2941686,2026-05-28,PH-TREAT-SALMON,1,18.99,0.00,-1.90,-2.56,-3.90,0.00,0.00,10.63
2026-STL-0528,Order,114-1003526-1093444,2026-05-28,PH-TREAT-SALMON,2,37.98,0.00,-0.00,-5.70,-7.80,0.00,0.00,24.48
2026-STL-0528,Order,114-1003749-1211654,2026-05-28,PH-SHAMPOO-OAT,2,31.98,0.00,-0.00,-4.80,-7.90,0.00,0.00,19.28
2026-STL-0528,Order,114-1003750-7493199,2026-05-28,PH-SHAMPOO-OAT,1,15.99,0.00,-1.60,-2.16,-3.95,0.00,0.00,8.28
2026-STL-0528,Order,114-1003751-4260851,2026-05-28,PH-SHAMPOO-OAT,2,31.98,0.00,-0.00,-4.80,-7.90,0.00,0.00,19.28
2026-STL-0528,Order,114-1003912-5227221,2026-05-28,PH-TOY-ROPE-L,1,13.99,0.00,-0.00,-2.10,-3.75,0.00,0.00,8.14
2026-STL-0528,Order,114-1003913-4547081,2026-05-28,PH-TOY-ROPE-L,1,13.99,0.00,-2.80,-1.68,-3.75,0.00,0.00,5.76
2026-STL-0528,Order,114-1003914-2840565,2026-05-28,PH-TOY-ROPE-L,2,27.98,0.00,-2.80,-3.78,-7.50,0.00,0.00,13.90
2026-STL-0528,Order,114-1004050-6627064,2026-05-28,PH-BED-MED-GRY,1,42.99,0.00,-4.30,-5.80,-12.40,0.00,0.00,20.49
2026-STL-0528,Order,114-1004051-8291789,2026-05-28,PH-BED-MED-GRY,1,42.99,0.00,-0.00,-6.45,-12.40,0.00,0.00,24.14
2026-STL-0528,Order,114-1004351-1258314,2026-05-28,PH-DENTAL-30CT,1,21.99,0.00,-0.00,-3.30,-4.10,0.00,0.00,14.59
2026-STL-0528,Order,114-1004352-5527803,2026-05-28,PH-DENTAL-30CT,1,21.99,0.00,-2.20,-2.97,-4.10,0.00,0.00,12.72
2026-STL-0528,Order,114-1004353-1285508,2026-05-28,PH-DENTAL-30CT,1,21.99,0.00,-0.00,-3.30,-4.10,0.00,0.00,14.59
2026-STL-0529,Order,114-1000190-3493017,2026-05-29,PF-WHEY-CHOC,3,134.97,0.00,-0.00,-20.25,-18.30,0.00,0.00,96.42
2026-STL-0529,Order,114-1000191-7328534,2026-05-29,PF-WHEY-CHOC,1,44.99,0.00,-0.00,-6.75,-6.10,0.00,0.00,32.14
2026-STL-0529,Order,114-1000192-5006492,2026-05-29,PF-WHEY-CHOC,1,44.99,0.00,-0.00,-6.75,-6.10,0.00,0.00,32.14
2026-STL-0529,Order,114-1000193-1732280,2026-05-29,PF-WHEY-CHOC,1,44.99,0.00,-0.00,-6.75,-6.10,0.00,0.00,32.14
2026-STL-0529,Order,114-1000445-5151780,2026-05-29,PF-WHEY-VAN,1,44.99,0.00,-4.50,-6.07,-6.10,0.00,0.00,28.32
2026-STL-0529,Order,114-1000446-9816538,2026-05-29,PF-WHEY-VAN,1,44.99,0.00,-0.00,-6.75,-6.10,0.00,0.00,32.14
2026-STL-0529,Order,114-1000447-2882551,2026-05-29,PF-WHEY-VAN,1,44.99,0.00,-0.00,-6.75,-6.10,0.00,0.00,32.14
2026-STL-0529,Order,114-1000448-3514105,2026-05-29,PF-WHEY-VAN,1,44.99,0.00,-0.00,-6.75,-6.10,0.00,0.00,32.14
2026-STL-0529,Order,114-1000645-5378701,2026-05-29,PF-PREWKT-BERRY,3,98.97,0.00,-0.00,-14.85,-13.05,0.00,0.00,71.07
2026-STL-0529,Order,114-1000646-6473593,2026-05-29,PF-PREWKT-BERRY,2,65.98,0.00,-0.00,-9.90,-8.70,0.00,0.00,47.38
2026-STL-0529,Order,114-1000925-8607966,2026-05-29,PF-CREATINE-300,1,24.99,0.00,-0.00,-3.75,-4.05,0.00,0.00,17.19
2026-STL-0529,Order,114-1000926-3218169,2026-05-29,PF-CREATINE-300,1,24.99,0.00,-0.00,-3.75,-4.05,0.00,0.00,17.19
2026-STL-0529,Order,114-1000927-9461748,2026-05-29,PF-CREATINE-300,1,24.99,0.00,-2.50,-3.37,-4.05,0.00,0.00,15.07
2026-STL-0529,Order,114-1000928-3976650,2026-05-29,PF-CREATINE-300,2,49.98,0.00,-0.00,-7.50,-8.10,0.00,0.00,34.38
2026-STL-0529,Order,114-1000929-9915915,2026-05-29,PF-CREATINE-300,1,24.99,0.00,-0.00,-3.75,-4.05,0.00,0.00,17.19
2026-STL-0529,Order,114-1000930-3186555,2026-05-29,PF-CREATINE-300,1,24.99,0.00,-0.00,-3.75,-4.05,0.00,0.00,17.19
2026-STL-0529,Order,114-1001123-8369982,2026-05-29,PF-BCAA-LEMON,1,27.99,0.00,-0.00,-4.20,-4.20,0.00,0.00,19.59
2026-STL-0529,Order,114-1001233-7428475,2026-05-29,PF-SHAKER-28,1,12.99,0.00,-0.00,-1.95,-3.45,0.00,0.00,7.59
2026-STL-0529,Order,114-1001234-4537589,2026-05-29,PF-SHAKER-28,1,12.99,0.00,-0.00,-1.95,-3.45,0.00,0.00,7.59
2026-STL-0529,Order,114-1001235-5435820,2026-05-29,PF-SHAKER-28,2,25.98,0.00,-0.00,-3.90,-6.90,0.00,0.00,15.18
2026-STL-0529,Order,114-1001718-4807191,2026-05-29,GT-SERUM-VITC,1,28.99,0.00,-0.00,-4.35,-3.55,0.00,0.00,21.09
2026-STL-0529,Order,114-1001719-8864124,2026-05-29,GT-SERUM-VITC,1,28.99,0.00,-0.00,-4.35,-3.55,0.00,0.00,21.09
2026-STL-0529,Order,114-1001720-6252524,2026-05-29,GT-SERUM-VITC,1,28.99,0.00,-0.00,-4.35,-3.55,0.00,0.00,21.09
2026-STL-0529,Order,114-1001721-8007639,2026-05-29,GT-SERUM-VITC,1,28.99,0.00,-2.90,-3.91,-3.55,0.00,0.00,18.63
2026-STL-0529,Refund,114-1002050-6628280,2026-05-29,GT-SERUM-HA,-1,-24.99,0.00,0.00,3.00,0.00,0.00,0.00,-21.99
2026-STL-0529,Order,114-1002078-2224379,2026-05-29,GT-SERUM-HA,1,24.99,0.00,-0.00,-3.75,-3.55,0.00,0.00,17.69
2026-STL-0529,Order,114-1002079-6854207,2026-05-29,GT-SERUM-HA,2,49.98,0.00,-0.00,-7.50,-7.10,0.00,0.00,35.38
2026-STL-0529,Order,114-1002080-8798939,2026-05-29,GT-SERUM-HA,1,24.99,0.00,-2.50,-3.37,-3.55,0.00,0.00,15.57
2026-STL-0529,Order,114-1002081-7659629,2026-05-29,GT-SERUM-HA,1,24.99,0.00,-0.00,-3.75,-3.55,0.00,0.00,17.69
2026-STL-0529,Order,114-1002338-5346217,2026-05-29,GT-MOIST-50ML,1,22.99,0.00,-0.00,-3.45,-3.60,0.00,0.00,15.94
2026-STL-0529,Order,114-1002339-6927978,2026-05-29,GT-MOIST-50ML,1,22.99,0.00,-2.30,-3.10,-3.60,0.00,0.00,13.99
2026-STL-0529,Order,114-1002340-2831459,2026-05-29,GT-MOIST-50ML,1,22.99,0.00,-0.00,-3.45,-3.60,0.00,0.00,15.94
2026-STL-0529,Order,114-1002341-4975843,2026-05-29,GT-MOIST-50ML,1,22.99,0.00,-0.00,-3.45,-3.60,0.00,0.00,15.94
2026-STL-0529,Order,114-1002508-3179206,2026-05-29,GT-CLEANSE-150,3,50.97,0.00,-0.00,-7.65,-11.10,0.00,0.00,32.22
2026-STL-0529,Order,114-1002509-2516637,2026-05-29,GT-CLEANSE-150,1,16.99,0.00,-0.00,-2.55,-3.70,0.00,0.00,10.74
2026-STL-0529,Order,114-1002510-8695935,2026-05-29,GT-CLEANSE-150,1,16.99,0.00,-1.70,-2.29,-3.70,0.00,0.00,9.30
2026-STL-0529,Order,114-1002653-8254420,2026-05-29,GT-MASK-CLAY,1,14.99,0.00,-0.00,-2.25,-3.85,0.00,0.00,8.89
2026-STL-0529,Order,114-1002654-7542233,2026-05-29,GT-MASK-CLAY,1,14.99,0.00,-0.00,-2.25,-3.85,0.00,0.00,8.89
2026-STL-0529,Order,114-1002655-4739473,2026-05-29,GT-MASK-CLAY,1,14.99,0.00,-0.00,-2.25,-3.85,0.00,0.00,8.89
2026-STL-0529,Order,114-1002777-7734840,2026-05-29,GT-EYE-CREAM,1,26.99,0.00,-0.00,-4.05,-3.50,0.00,0.00,19.44
2026-STL-0529,Order,114-1002778-2368490,2026-05-29,GT-EYE-CREAM,1,26.99,0.00,-0.00,-4.05,-3.50,0.00,0.00,19.44
2026-STL-0529,Order,114-1002931-4270602,2026-05-29,GT-SPF30-TINT,1,23.99,0.00,-0.00,-3.60,-3.60,0.00,0.00,16.79
2026-STL-0529,Order,114-1002932-7308382,2026-05-29,GT-SPF30-TINT,1,23.99,0.00,-0.00,-3.60,-3.60,0.00,0.00,16.79
2026-STL-0529,Order,114-1003049-6438575,2026-05-29,GT-ROLLER-JADE,1,13.99,0.00,-1.40,-1.89,-3.40,0.00,0.00,7.30
2026-STL-0529,Refund,114-1003186-7991989,2026-05-29,PH-CHEW-BULLY-6,-1,-29.99,0.00,3.00,3.24,0.00,0.00,0.00,-23.75
2026-STL-0529,Order,114-1003229-2375880,2026-05-29,PH-CHEW-BULLY-6,1,29.99,0.00,-0.00,-4.50,-4.60,0.00,0.00,20.89
2026-STL-0529,Order,114-1003230-2742713,2026-05-29,PH-CHEW-BULLY-6,1,29.99,0.00,-3.00,-4.05,-4.60,0.00,0.00,18.34
2026-STL-0529,Order,114-1003231-3125026,2026-05-29,PH-CHEW-BULLY-6,1,29.99,0.00,-0.00,-4.50,-4.60,0.00,0.00,20.89
2026-STL-0529,Order,114-1003232-9551086,2026-05-29,PH-CHEW-BULLY-6,2,59.98,0.00,-6.00,-8.10,-9.20,0.00,0.00,36.68
2026-STL-0529,Order,114-1003527-8141772,2026-05-29,PH-TREAT-SALMON,1,18.99,0.00,-0.00,-2.85,-3.90,0.00,0.00,12.24
2026-STL-0529,Order,114-1003528-6087899,2026-05-29,PH-TREAT-SALMON,1,18.99,0.00,-0.00,-2.85,-3.90,0.00,0.00,12.24
2026-STL-0529,Order,114-1003529-7473080,2026-05-29,PH-TREAT-SALMON,1,18.99,0.00,-0.00,-2.85,-3.90,0.00,0.00,12.24
2026-STL-0529,Order,114-1003530-9381636,2026-05-29,PH-TREAT-SALMON,3,56.97,0.00,-0.00,-8.55,-11.70,0.00,0.00,36.72
2026-STL-0529,Order,114-1003531-8097975,2026-05-29,PH-TREAT-SALMON,1,18.99,0.00,-1.90,-2.56,-3.90,0.00,0.00,10.63
2026-STL-0529,Order,114-1003532-5910157,2026-05-29,PH-TREAT-SALMON,1,18.99,0.00,-0.00,-2.85,-3.90,0.00,0.00,12.24
2026-STL-0529,Order,114-1003752-9439632,2026-05-29,PH-SHAMPOO-OAT,1,15.99,0.00,-0.00,-2.40,-3.95,0.00,0.00,9.64
2026-STL-0529,Order,114-1003915-4293083,2026-05-29,PH-TOY-ROPE-L,3,41.97,0.00,-8.39,-5.04,-11.25,0.00,0.00,17.29
2026-STL-0529,Order,114-1003916-1218871,2026-05-29,PH-TOY-ROPE-L,1,13.99,0.00,-0.00,-2.10,-3.75,0.00,0.00,8.14
2026-STL-0529,Order,114-1004052-5901629,2026-05-29,PH-BED-MED-GRY,2,85.98,0.00,-8.60,-11.61,-24.80,0.00,0.00,40.97
2026-STL-0529,Order,114-1004053-2224634,2026-05-29,PH-BED-MED-GRY,1,42.99,0.00,-0.00,-6.45,-12.40,0.00,0.00,24.14
2026-STL-0529,Order,114-1004054-5103508,2026-05-29,PH-BED-MED-GRY,1,42.99,0.00,-0.00,-6.45,-12.40,0.00,0.00,24.14
2026-STL-0529,Order,114-1004162-7465343,2026-05-29,PH-BRUSH-DBL,2,25.98,0.00,-0.00,-3.90,-6.90,0.00,0.00,15.18
2026-STL-0529,Order,114-1004354-4024840,2026-05-29,PH-DENTAL-30CT,1,21.99,0.00,-0.00,-3.30,-4.10,0.00,0.00,14.59
2026-STL-0529,Order,114-1004355-8057608,2026-05-29,PH-DENTAL-30CT,1,21.99,0.00,-0.00,-3.30,-4.10,0.00,0.00,14.59
2026-STL-0529,Order,114-1004356-3190265,2026-05-29,PH-DENTAL-30CT,1,21.99,0.00,-0.00,-3.30,-4.10,0.00,0.00,14.59
2026-STL-0530,Refund,114-1000170-5200476,2026-05-30,PF-WHEY-CHOC,-2,-89.98,0.00,0.00,10.80,0.00,0.00,0.00,-79.18
2026-STL-0530,Order,114-1000194-7395997,2026-05-30,PF-WHEY-CHOC,1,44.99,0.00,-4.50,-6.07,-6.10,0.00,0.00,28.32
2026-STL-0530,Order,114-1000195-3551903,2026-05-30,PF-WHEY-CHOC,1,44.99,0.00,-4.50,-6.07,-6.10,0.00,0.00,28.32
2026-STL-0530,Order,114-1000196-6569946,2026-05-30,PF-WHEY-CHOC,1,44.99,0.00,-0.00,-6.75,-6.10,0.00,0.00,32.14
2026-STL-0530,Order,114-1000197-9823994,2026-05-30,PF-WHEY-CHOC,2,89.98,0.00,-0.00,-13.50,-12.20,0.00,0.00,64.28
2026-STL-0530,Order,114-1000198-3589751,2026-05-30,PF-WHEY-CHOC,1,44.99,0.00,-0.00,-6.75,-6.10,0.00,0.00,32.14
2026-STL-0530,Order,114-1000199-7668663,2026-05-30,PF-WHEY-CHOC,1,44.99,0.00,-0.00,-6.75,-6.10,0.00,0.00,32.14
2026-STL-0530,Order,114-1000449-9201172,2026-05-30,PF-WHEY-VAN,1,44.99,0.00,-0.00,-6.75,-6.10,0.00,0.00,32.14
2026-STL-0530,Order,114-1000450-8607331,2026-05-30,PF-WHEY-VAN,1,44.99,0.00,-4.50,-6.07,-6.10,0.00,0.00,28.32
2026-STL-0530,Order,114-1000451-8757420,2026-05-30,PF-WHEY-VAN,1,44.99,0.00,-0.00,-6.75,-6.10,0.00,0.00,32.14
2026-STL-0530,Order,114-1000452-5269083,2026-05-30,PF-WHEY-VAN,1,44.99,0.00,-0.00,-6.75,-6.10,0.00,0.00,32.14
2026-STL-0530,Order,114-1000647-4400953,2026-05-30,PF-PREWKT-BERRY,1,32.99,0.00,-0.00,-4.95,-4.35,0.00,0.00,23.69
2026-STL-0530,Order,114-1000648-2772642,2026-05-30,PF-PREWKT-BERRY,1,32.99,0.00,-0.00,-4.95,-4.35,0.00,0.00,23.69
2026-STL-0530,Order,114-1000931-8239315,2026-05-30,PF-CREATINE-300,2,49.98,0.00,-0.00,-7.50,-8.10,0.00,0.00,34.38
2026-STL-0530,Order,114-1000932-9888846,2026-05-30,PF-CREATINE-300,1,24.99,0.00,-0.00,-3.75,-4.05,0.00,0.00,17.19
2026-STL-0530,Order,114-1000933-7396087,2026-05-30,PF-CREATINE-300,2,49.98,0.00,-0.00,-7.50,-8.10,0.00,0.00,34.38
2026-STL-0530,Order,114-1000934-2639417,2026-05-30,PF-CREATINE-300,1,24.99,0.00,-2.50,-3.37,-4.05,0.00,0.00,15.07
2026-STL-0530,Order,114-1000935-2406225,2026-05-30,PF-CREATINE-300,1,24.99,0.00,-0.00,-3.75,-4.05,0.00,0.00,17.19
2026-STL-0530,Order,114-1001124-8676330,2026-05-30,PF-BCAA-LEMON,1,27.99,0.00,-0.00,-4.20,-4.20,0.00,0.00,19.59
2026-STL-0530,Refund,114-1001229-5311001,2026-05-30,PF-SHAKER-28,-1,-12.99,0.00,0.00,1.56,0.00,0.00,0.00,-11.43
2026-STL-0530,Order,114-1001236-9934217,2026-05-30,PF-SHAKER-28,1,12.99,0.00,-0.00,-1.95,-3.45,0.00,0.00,7.59
2026-STL-0530,Order,114-1001237-5406118,2026-05-30,PF-SHAKER-28,1,12.99,0.00,-0.00,-1.95,-3.45,0.00,0.00,7.59
2026-STL-0530,Order,114-1001238-8529960,2026-05-30,PF-SHAKER-28,2,25.98,0.00,-0.00,-3.90,-6.90,0.00,0.00,15.18
2026-STL-0530,Order,114-1001339-3467651,2026-05-30,PF-VEGAN-CHOC,3,119.97,0.00,-0.00,-18.00,-18.30,0.00,0.00,83.67
2026-STL-0530,Order,114-1001340-6682181,2026-05-30,PF-VEGAN-CHOC,1,39.99,0.00,-4.00,-5.40,-6.10,0.00,0.00,24.49
2026-STL-0530,Order,114-1001341-3339134,2026-05-30,PF-VEGAN-CHOC,1,39.99,0.00,-4.00,-5.40,-6.10,0.00,0.00,24.49
2026-STL-0530,Order,114-1001722-7286425,2026-05-30,GT-SERUM-VITC,1,28.99,0.00,-0.00,-4.35,-3.55,0.00,0.00,21.09
2026-STL-0530,Order,114-1001723-1162422,2026-05-30,GT-SERUM-VITC,2,57.98,0.00,-0.00,-8.70,-7.10,0.00,0.00,42.18
2026-STL-0530,Order,114-1001724-4783105,2026-05-30,GT-SERUM-VITC,1,28.99,0.00,-0.00,-4.35,-3.55,0.00,0.00,21.09
2026-STL-0530,Order,114-1001725-6027078,2026-05-30,GT-SERUM-VITC,1,28.99,0.00,-0.00,-4.35,-3.55,0.00,0.00,21.09
2026-STL-0530,Order,114-1001726-3334293,2026-05-30,GT-SERUM-VITC,1,28.99,0.00,-0.00,-4.35,-3.55,0.00,0.00,21.09
2026-STL-0530,Order,114-1001727-7557976,2026-05-30,GT-SERUM-VITC,2,57.98,0.00,-0.00,-8.70,-7.10,0.00,0.00,42.18
2026-STL-0530,Order,114-1002082-9158676,2026-05-30,GT-SERUM-HA,1,24.99,0.00,-5.00,-3.00,-3.55,0.00,0.00,13.44
2026-STL-0530,Order,114-1002083-8626564,2026-05-30,GT-SERUM-HA,1,24.99,0.00,-0.00,-3.75,-3.55,0.00,0.00,17.69
2026-STL-0530,Order,114-1002084-4581434,2026-05-30,GT-SERUM-HA,2,49.98,0.00,-0.00,-7.50,-7.10,0.00,0.00,35.38
2026-STL-0530,Order,114-1002085-7380120,2026-05-30,GT-SERUM-HA,1,24.99,0.00,-0.00,-3.75,-3.55,0.00,0.00,17.69
2026-STL-0530,Order,114-1002086-8942495,2026-05-30,GT-SERUM-HA,1,24.99,0.00,-0.00,-3.75,-3.55,0.00,0.00,17.69
2026-STL-0530,Order,114-1002342-7978813,2026-05-30,GT-MOIST-50ML,1,22.99,0.00,-2.30,-3.10,-3.60,0.00,0.00,13.99
2026-STL-0530,Order,114-1002343-1414306,2026-05-30,GT-MOIST-50ML,1,22.99,0.00,-0.00,-3.45,-3.60,0.00,0.00,15.94
2026-STL-0530,Order,114-1002344-7847411,2026-05-30,GT-MOIST-50ML,1,22.99,0.00,-0.00,-3.45,-3.60,0.00,0.00,15.94
2026-STL-0530,Order,114-1002511-6159442,2026-05-30,GT-CLEANSE-150,1,16.99,0.00,-0.00,-2.55,-3.70,0.00,0.00,10.74
2026-STL-0530,Order,114-1002656-4361005,2026-05-30,GT-MASK-CLAY,1,14.99,0.00,-0.00,-2.25,-3.85,0.00,0.00,8.89
2026-STL-0530,Order,114-1002657-3560283,2026-05-30,GT-MASK-CLAY,1,14.99,0.00,-0.00,-2.25,-3.85,0.00,0.00,8.89
2026-STL-0530,Order,114-1002779-1992308,2026-05-30,GT-EYE-CREAM,1,26.99,0.00,-0.00,-4.05,-3.50,0.00,0.00,19.44
2026-STL-0530,Order,114-1002780-9877176,2026-05-30,GT-EYE-CREAM,1,26.99,0.00,-0.00,-4.05,-3.50,0.00,0.00,19.44
2026-STL-0530,Order,114-1002933-5378650,2026-05-30,GT-SPF30-TINT,1,23.99,0.00,-0.00,-3.60,-3.60,0.00,0.00,16.79
2026-STL-0530,Order,114-1002934-8070308,2026-05-30,GT-SPF30-TINT,1,23.99,0.00,-0.00,-3.60,-3.60,0.00,0.00,16.79
2026-STL-0530,Order,114-1003233-5585454,2026-05-30,PH-CHEW-BULLY-6,1,29.99,0.00,-0.00,-4.50,-4.60,0.00,0.00,20.89
2026-STL-0530,Order,114-1003234-9265342,2026-05-30,PH-CHEW-BULLY-6,1,29.99,0.00,-3.00,-4.05,-4.60,0.00,0.00,18.34
2026-STL-0530,Order,114-1003235-7516960,2026-05-30,PH-CHEW-BULLY-6,1,29.99,0.00,-0.00,-4.50,-4.60,0.00,0.00,20.89
2026-STL-0530,Order,114-1003236-7786729,2026-05-30,PH-CHEW-BULLY-6,1,29.99,0.00,-0.00,-4.50,-4.60,0.00,0.00,20.89
2026-STL-0530,Order,114-1003237-5519114,2026-05-30,PH-CHEW-BULLY-6,1,29.99,0.00,-0.00,-4.50,-4.60,0.00,0.00,20.89
2026-STL-0530,Refund,114-1003498-6442132,2026-05-30,PH-TREAT-SALMON,-2,-37.98,0.00,3.80,4.10,0.00,0.00,0.00,-30.08
2026-STL-0530,Order,114-1003533-3813689,2026-05-30,PH-TREAT-SALMON,1,18.99,0.00,-0.00,-2.85,-3.90,0.00,0.00,12.24
2026-STL-0530,Order,114-1003534-2167580,2026-05-30,PH-TREAT-SALMON,1,18.99,0.00,-1.90,-2.56,-3.90,0.00,0.00,10.63
2026-STL-0530,Order,114-1003535-2776056,2026-05-30,PH-TREAT-SALMON,1,18.99,0.00,-0.00,-2.85,-3.90,0.00,0.00,12.24
2026-STL-0530,Order,114-1003536-4358481,2026-05-30,PH-TREAT-SALMON,1,18.99,0.00,-0.00,-2.85,-3.90,0.00,0.00,12.24
2026-STL-0530,Order,114-1003753-6553662,2026-05-30,PH-SHAMPOO-OAT,1,15.99,0.00,-1.60,-2.16,-3.95,0.00,0.00,8.28
2026-STL-0530,Order,114-1003917-3504296,2026-05-30,PH-TOY-ROPE-L,1,13.99,0.00,-0.00,-2.10,-3.75,0.00,0.00,8.14
2026-STL-0530,Order,114-1004055-5336552,2026-05-30,PH-BED-MED-GRY,1,42.99,0.00,-0.00,-6.45,-12.40,0.00,0.00,24.14
2026-STL-0530,Order,114-1004163-2397572,2026-05-30,PH-BRUSH-DBL,1,12.99,0.00,-0.00,-1.95,-3.45,0.00,0.00,7.59
2026-STL-0530,Order,114-1004164-7752669,2026-05-30,PH-BRUSH-DBL,1,12.99,0.00,-1.30,-1.75,-3.45,0.00,0.00,6.49
2026-STL-0530,Order,114-1004357-6034975,2026-05-30,PH-DENTAL-30CT,1,21.99,0.00,-0.00,-3.30,-4.10,0.00,0.00,14.59
2026-STL-0530,Order,114-1004358-3247082,2026-05-30,PH-DENTAL-30CT,1,21.99,0.00,-4.40,-2.64,-4.10,0.00,0.00,10.85
2026-STL-0530,Order,114-1004359-6884702,2026-05-30,PH-DENTAL-30CT,1,21.99,0.00,-0.00,-3.30,-4.10,0.00,0.00,14.59
2026-STL-0530,Order,114-1004360-2852877,2026-05-30,PH-DENTAL-30CT,1,21.99,0.00,-0.00,-3.30,-4.10,0.00,0.00,14.59
2026-STL-0530,Order,114-1004361-2525364,2026-05-30,PH-DENTAL-30CT,2,43.98,0.00,-0.00,-6.60,-8.20,0.00,0.00,29.18
2026-STL-0531,Refund,114-1000139-6643798,2026-05-31,PF-WHEY-CHOC,-1,-44.99,0.00,0.00,5.40,0.00,0.00,0.00,-39.59
2026-STL-0531,Order,114-1000200-6312692,2026-05-31,PF-WHEY-CHOC,2,89.98,0.00,-0.00,-13.50,-12.20,0.00,0.00,64.28
2026-STL-0531,Order,114-1000201-1602286,2026-05-31,PF-WHEY-CHOC,2,89.98,0.00,-0.00,-13.50,-12.20,0.00,0.00,64.28
2026-STL-0531,Order,114-1000202-5821419,2026-05-31,PF-WHEY-CHOC,1,44.99,0.00,-0.00,-6.75,-6.10,0.00,0.00,32.14
2026-STL-0531,Order,114-1000203-2651601,2026-05-31,PF-WHEY-CHOC,1,44.99,0.00,-0.00,-6.75,-6.10,0.00,0.00,32.14
2026-STL-0531,Order,114-1000204-3791137,2026-05-31,PF-WHEY-CHOC,1,44.99,0.00,-0.00,-6.75,-6.10,0.00,0.00,32.14
2026-STL-0531,Order,114-1000205-1941524,2026-05-31,PF-WHEY-CHOC,2,89.98,0.00,-0.00,-13.50,-12.20,0.00,0.00,64.28
2026-STL-0531,Order,114-1000453-1759836,2026-05-31,PF-WHEY-VAN,1,44.99,0.00,-0.00,-6.75,-6.10,0.00,0.00,32.14
2026-STL-0531,Order,114-1000454-2010921,2026-05-31,PF-WHEY-VAN,1,44.99,0.00,-0.00,-6.75,-6.10,0.00,0.00,32.14
2026-STL-0531,Order,114-1000649-4483557,2026-05-31,PF-PREWKT-BERRY,1,32.99,0.00,-6.60,-3.96,-4.35,0.00,0.00,18.08
2026-STL-0531,Order,114-1000650-2517010,2026-05-31,PF-PREWKT-BERRY,1,32.99,0.00,-3.30,-4.45,-4.35,0.00,0.00,20.89
2026-STL-0531,Order,114-1000936-4171246,2026-05-31,PF-CREATINE-300,2,49.98,0.00,-0.00,-7.50,-8.10,0.00,0.00,34.38
2026-STL-0531,Order,114-1000937-2976835,2026-05-31,PF-CREATINE-300,1,24.99,0.00,-0.00,-3.75,-4.05,0.00,0.00,17.19
2026-STL-0531,Order,114-1000938-6299951,2026-05-31,PF-CREATINE-300,1,24.99,0.00,-0.00,-3.75,-4.05,0.00,0.00,17.19
2026-STL-0531,Order,114-1000939-5255251,2026-05-31,PF-CREATINE-300,1,24.99,0.00,-0.00,-3.75,-4.05,0.00,0.00,17.19
2026-STL-0531,Order,114-1000940-5623138,2026-05-31,PF-CREATINE-300,1,24.99,0.00,-0.00,-3.75,-4.05,0.00,0.00,17.19
2026-STL-0531,Order,114-1001239-1688161,2026-05-31,PF-SHAKER-28,1,12.99,0.00,-0.00,-1.95,-3.45,0.00,0.00,7.59
2026-STL-0531,Order,114-1001240-8244164,2026-05-31,PF-SHAKER-28,1,12.99,0.00,-0.00,-1.95,-3.45,0.00,0.00,7.59
2026-STL-0531,Order,114-1001342-6996068,2026-05-31,PF-VEGAN-CHOC,1,39.99,0.00,-0.00,-6.00,-6.10,0.00,0.00,27.89
2026-STL-0531,Order,114-1001441-2514123,2026-05-31,PF-ELECTRO-CITRUS,1,21.99,0.00,-0.00,-3.30,-3.95,0.00,0.00,14.74
2026-STL-0531,Refund,114-1001652-4767293,2026-05-31,GT-SERUM-VITC,-1,-28.99,0.00,0.00,3.48,0.00,0.00,0.00,-25.51
2026-STL-0531,Order,114-1001728-2822649,2026-05-31,GT-SERUM-VITC,1,28.99,0.00,-0.00,-4.35,-3.55,0.00,0.00,21.09
2026-STL-0531,Order,114-1001729-6111102,2026-05-31,GT-SERUM-VITC,3,86.97,0.00,-0.00,-13.05,-10.65,0.00,0.00,63.27
2026-STL-0531,Order,114-1001730-1537863,2026-05-31,GT-SERUM-VITC,1,28.99,0.00,-0.00,-4.35,-3.55,0.00,0.00,21.09
2026-STL-0531,Order,114-1001731-4338644,2026-05-31,GT-SERUM-VITC,1,28.99,0.00,-0.00,-4.35,-3.55,0.00,0.00,21.09
2026-STL-0531,Order,114-1001732-4909752,2026-05-31,GT-SERUM-VITC,3,86.97,0.00,-0.00,-13.05,-10.65,0.00,0.00,63.27
2026-STL-0531,Order,114-1001733-7184958,2026-05-31,GT-SERUM-VITC,1,28.99,0.00,-0.00,-4.35,-3.55,0.00,0.00,21.09
2026-STL-0531,Refund,114-1002029-7068477,2026-05-31,GT-SERUM-HA,-1,-24.99,0.00,0.00,3.00,0.00,0.00,0.00,-21.99
2026-STL-0531,Order,114-1002087-8095426,2026-05-31,GT-SERUM-HA,1,24.99,0.00,-0.00,-3.75,-3.55,0.00,0.00,17.69
2026-STL-0531,Order,114-1002088-2161974,2026-05-31,GT-SERUM-HA,1,24.99,0.00,-0.00,-3.75,-3.55,0.00,0.00,17.69
2026-STL-0531,Order,114-1002089-8573586,2026-05-31,GT-SERUM-HA,1,24.99,0.00,-2.50,-3.37,-3.55,0.00,0.00,15.57
2026-STL-0531,Order,114-1002090-5352802,2026-05-31,GT-SERUM-HA,1,24.99,0.00,-0.00,-3.75,-3.55,0.00,0.00,17.69
2026-STL-0531,Order,114-1002091-8189612,2026-05-31,GT-SERUM-HA,1,24.99,0.00,-2.50,-3.37,-3.55,0.00,0.00,15.57
2026-STL-0531,Order,114-1002345-7179080,2026-05-31,GT-MOIST-50ML,1,22.99,0.00,-0.00,-3.45,-3.60,0.00,0.00,15.94
2026-STL-0531,Order,114-1002512-2512749,2026-05-31,GT-CLEANSE-150,1,16.99,0.00,-0.00,-2.55,-3.70,0.00,0.00,10.74
2026-STL-0531,Order,114-1002513-7279004,2026-05-31,GT-CLEANSE-150,1,16.99,0.00,-0.00,-2.55,-3.70,0.00,0.00,10.74
2026-STL-0531,Order,114-1002514-7611016,2026-05-31,GT-CLEANSE-150,1,16.99,0.00,-0.00,-2.55,-3.70,0.00,0.00,10.74
2026-STL-0531,Refund,114-1002636-1995171,2026-05-31,GT-MASK-CLAY,-3,-44.97,0.00,0.00,5.40,0.00,0.00,0.00,-39.57
2026-STL-0531,Order,114-1002658-1661904,2026-05-31,GT-MASK-CLAY,1,14.99,0.00,-0.00,-2.25,-3.85,0.00,0.00,8.89
2026-STL-0531,Order,114-1002659-6493884,2026-05-31,GT-MASK-CLAY,1,14.99,0.00,-3.00,-1.80,-3.85,0.00,0.00,6.34
2026-STL-0531,Order,114-1002935-3633660,2026-05-31,GT-SPF30-TINT,1,23.99,0.00,-0.00,-3.60,-3.60,0.00,0.00,16.79
2026-STL-0531,Order,114-1003050-9685090,2026-05-31,GT-ROLLER-JADE,1,13.99,0.00,-1.40,-1.89,-3.40,0.00,0.00,7.30
2026-STL-0531,Order,114-1003238-9349638,2026-05-31,PH-CHEW-BULLY-6,1,29.99,0.00,-0.00,-4.50,-4.60,0.00,0.00,20.89
2026-STL-0531,Order,114-1003239-5243565,2026-05-31,PH-CHEW-BULLY-6,1,29.99,0.00,-0.00,-4.50,-4.60,0.00,0.00,20.89
2026-STL-0531,Order,114-1003240-3012883,2026-05-31,PH-CHEW-BULLY-6,1,29.99,0.00,-3.00,-4.05,-4.60,0.00,0.00,18.34
2026-STL-0531,Order,114-1003241-4873115,2026-05-31,PH-CHEW-BULLY-6,1,29.99,0.00,-0.00,-4.50,-4.60,0.00,0.00,20.89
2026-STL-0531,Order,114-1003537-6114860,2026-05-31,PH-TREAT-SALMON,2,37.98,0.00,-0.00,-5.70,-7.80,0.00,0.00,24.48
2026-STL-0531,Order,114-1003538-2507449,2026-05-31,PH-TREAT-SALMON,1,18.99,0.00,-0.00,-2.85,-3.90,0.00,0.00,12.24
2026-STL-0531,Order,114-1003539-4421831,2026-05-31,PH-TREAT-SALMON,1,18.99,0.00,-0.00,-2.85,-3.90,0.00,0.00,12.24
2026-STL-0531,Order,114-1003540-3769232,2026-05-31,PH-TREAT-SALMON,1,18.99,0.00,-0.00,-2.85,-3.90,0.00,0.00,12.24
2026-STL-0531,Order,114-1003754-2742095,2026-05-31,PH-SHAMPOO-OAT,2,31.98,0.00,-3.20,-4.32,-7.90,0.00,0.00,16.56
2026-STL-0531,Order,114-1003755-8955263,2026-05-31,PH-SHAMPOO-OAT,1,15.99,0.00,-0.00,-2.40,-3.95,0.00,0.00,9.64
2026-STL-0531,Order,114-1003918-9355506,2026-05-31,PH-TOY-ROPE-L,1,13.99,0.00,-0.00,-2.10,-3.75,0.00,0.00,8.14
2026-STL-0531,Order,114-1004056-5425734,2026-05-31,PH-BED-MED-GRY,2,85.98,0.00,-8.60,-11.61,-24.80,0.00,0.00,40.97
2026-STL-0531,Order,114-1004165-6112064,2026-05-31,PH-BRUSH-DBL,1,12.99,0.00,-0.00,-1.95,-3.45,0.00,0.00,7.59
2026-STL-0531,Order,114-1004362-9990249,2026-05-31,PH-DENTAL-30CT,3,65.97,0.00,-0.00,-9.90,-12.30,0.00,0.00,43.77
2026-STL-0531,Order,114-1004363-9618374,2026-05-31,PH-DENTAL-30CT,1,21.99,0.00,-0.00,-3.30,-4.10,0.00,0.00,14.59
2026-STL-0601,Order,114-1000206-9911492,2026-06-01,PF-WHEY-CHOC,1,44.99,0.00,-0.00,-6.75,-6.10,0.00,0.00,32.14
2026-STL-0601,Order,114-1000207-3937176,2026-06-01,PF-WHEY-CHOC,1,44.99,0.00,-0.00,-6.75,-6.10,0.00,0.00,32.14
2026-STL-0601,Order,114-1000208-5040453,2026-06-01,PF-WHEY-CHOC,2,89.98,0.00,-0.00,-13.50,-12.20,0.00,0.00,64.28
2026-STL-0601,Order,114-1000455-3272119,2026-06-01,PF-WHEY-VAN,1,44.99,0.00,-0.00,-6.75,-6.10,0.00,0.00,32.14
2026-STL-0601,Order,114-1000456-8052503,2026-06-01,PF-WHEY-VAN,3,134.97,0.00,-0.00,-20.25,-18.30,0.00,0.00,96.42
2026-STL-0601,Order,114-1000457-7333337,2026-06-01,PF-WHEY-VAN,2,89.98,0.00,-0.00,-13.50,-12.20,0.00,0.00,64.28
2026-STL-0601,Order,114-1000458-3231198,2026-06-01,PF-WHEY-VAN,1,44.99,0.00,-0.00,-6.75,-6.10,0.00,0.00,32.14
2026-STL-0601,Order,114-1000459-7594429,2026-06-01,PF-WHEY-VAN,1,44.99,0.00,-0.00,-6.75,-6.10,0.00,0.00,32.14
2026-STL-0601,Order,114-1000651-1676621,2026-06-01,PF-PREWKT-BERRY,1,32.99,0.00,-3.30,-4.45,-4.35,0.00,0.00,20.89
2026-STL-0601,Order,114-1000652-5164420,2026-06-01,PF-PREWKT-BERRY,2,65.98,0.00,-0.00,-9.90,-8.70,0.00,0.00,47.38
2026-STL-0601,Order,114-1000653-6013715,2026-06-01,PF-PREWKT-BERRY,1,32.99,0.00,-0.00,-4.95,-4.35,0.00,0.00,23.69
2026-STL-0601,Order,114-1000941-3998417,2026-06-01,PF-CREATINE-300,1,24.99,0.00,-0.00,-3.75,-4.05,0.00,0.00,17.19
2026-STL-0601,Order,114-1000942-6144785,2026-06-01,PF-CREATINE-300,1,24.99,0.00,-0.00,-3.75,-4.05,0.00,0.00,17.19
2026-STL-0601,Order,114-1000943-3316405,2026-06-01,PF-CREATINE-300,1,24.99,0.00,-0.00,-3.75,-4.05,0.00,0.00,17.19
2026-STL-0601,Order,114-1000944-8492618,2026-06-01,PF-CREATINE-300,1,24.99,0.00,-0.00,-3.75,-4.05,0.00,0.00,17.19
2026-STL-0601,Order,114-1001125-6249548,2026-06-01,PF-BCAA-LEMON,1,27.99,0.00,-2.80,-3.78,-4.20,0.00,0.00,17.21
2026-STL-0601,Order,114-1001126-9995261,2026-06-01,PF-BCAA-LEMON,2,55.98,0.00,-0.00,-8.40,-8.40,0.00,0.00,39.18
2026-STL-0601,Order,114-1001241-5283960,2026-06-01,PF-SHAKER-28,1,12.99,0.00,-1.30,-1.75,-3.45,0.00,0.00,6.49
2026-STL-0601,Order,114-1001242-5056679,2026-06-01,PF-SHAKER-28,1,12.99,0.00,-0.00,-1.95,-3.45,0.00,0.00,7.59
2026-STL-0601,Order,114-1001343-9832094,2026-06-01,PF-VEGAN-CHOC,1,39.99,0.00,-0.00,-6.00,-6.10,0.00,0.00,27.89
2026-STL-0601,Order,114-1001442-7542286,2026-06-01,PF-ELECTRO-CITRUS,1,21.99,0.00,-0.00,-3.30,-3.95,0.00,0.00,14.74
2026-STL-0601,Order,114-1001443-4657573,2026-06-01,PF-ELECTRO-CITRUS,1,21.99,0.00,-2.20,-2.97,-3.95,0.00,0.00,12.87
2026-STL-0601,Order,114-1001444-8373173,2026-06-01,PF-ELECTRO-CITRUS,1,21.99,0.00,-4.40,-2.64,-3.95,0.00,0.00,11.00
2026-STL-0601,Order,114-1001734-7893107,2026-06-01,GT-SERUM-VITC,1,28.99,0.00,-2.90,-3.91,-3.55,0.00,0.00,18.63
2026-STL-0601,Order,114-1001735-8019808,2026-06-01,GT-SERUM-VITC,3,86.97,0.00,-0.00,-13.05,-10.65,0.00,0.00,63.27
2026-STL-0601,Order,114-1001736-4464154,2026-06-01,GT-SERUM-VITC,1,28.99,0.00,-5.80,-3.48,-3.55,0.00,0.00,16.16
2026-STL-0601,Order,114-1001737-8965487,2026-06-01,GT-SERUM-VITC,1,28.99,0.00,-0.00,-4.35,-3.55,0.00,0.00,21.09
2026-STL-0601,Order,114-1001738-4405319,2026-06-01,GT-SERUM-VITC,1,28.99,0.00,-0.00,-4.35,-3.55,0.00,0.00,21.09
2026-STL-0601,Order,114-1001739-1124877,2026-06-01,GT-SERUM-VITC,1,28.99,0.00,-0.00,-4.35,-3.55,0.00,0.00,21.09
2026-STL-0601,Order,114-1001740-5141290,2026-06-01,GT-SERUM-VITC,1,28.99,0.00,-2.90,-3.91,-3.55,0.00,0.00,18.63
2026-STL-0601,Order,114-1002092-8977556,2026-06-01,GT-SERUM-HA,1,24.99,0.00,-0.00,-3.75,-3.55,0.00,0.00,17.69
2026-STL-0601,Order,114-1002093-8328019,2026-06-01,GT-SERUM-HA,1,24.99,0.00,-5.00,-3.00,-3.55,0.00,0.00,13.44
2026-STL-0601,Order,114-1002094-1166623,2026-06-01,GT-SERUM-HA,1,24.99,0.00,-0.00,-3.75,-3.55,0.00,0.00,17.69
2026-STL-0601,Order,114-1002095-3426274,2026-06-01,GT-SERUM-HA,2,49.98,0.00,-0.00,-7.50,-7.10,0.00,0.00,35.38
2026-STL-0601,Order,114-1002346-1428411,2026-06-01,GT-MOIST-50ML,2,45.98,0.00,-4.60,-6.21,-7.20,0.00,0.00,27.97
2026-STL-0601,Order,114-1002347-9525883,2026-06-01,GT-MOIST-50ML,1,22.99,0.00,-0.00,-3.45,-3.60,0.00,0.00,15.94
2026-STL-0601,Order,114-1002348-7355875,2026-06-01,GT-MOIST-50ML,1,22.99,0.00,-2.30,-3.10,-3.60,0.00,0.00,13.99
2026-STL-0601,Order,114-1002349-7393623,2026-06-01,GT-MOIST-50ML,1,22.99,0.00,-0.00,-3.45,-3.60,0.00,0.00,15.94
2026-STL-0601,Order,114-1002515-2607674,2026-06-01,GT-CLEANSE-150,2,33.98,0.00,-0.00,-5.10,-7.40,0.00,0.00,21.48
2026-STL-0601,Order,114-1002516-7708932,2026-06-01,GT-CLEANSE-150,1,16.99,0.00,-1.70,-2.29,-3.70,0.00,0.00,9.30
2026-STL-0601,Order,114-1002517-8123479,2026-06-01,GT-CLEANSE-150,2,33.98,0.00,-3.40,-4.59,-7.40,0.00,0.00,18.59
2026-STL-0601,Order,114-1002660-4383988,2026-06-01,GT-MASK-CLAY,2,29.98,0.00,-0.00,-4.50,-7.70,0.00,0.00,17.78
2026-STL-0601,Order,114-1002661-4644612,2026-06-01,GT-MASK-CLAY,1,14.99,0.00,-0.00,-2.25,-3.85,0.00,0.00,8.89
2026-STL-0601,Refund,114-1002763-3874628,2026-06-01,GT-EYE-CREAM,-1,-26.99,0.00,5.40,2.59,0.00,0.00,0.00,-19.00
2026-STL-0601,Order,114-1002781-2164158,2026-06-01,GT-EYE-CREAM,2,53.98,0.00,-0.00,-8.10,-7.00,0.00,0.00,38.88
2026-STL-0601,Order,114-1002936-5589441,2026-06-01,GT-SPF30-TINT,1,23.99,0.00,-0.00,-3.60,-3.60,0.00,0.00,16.79
2026-STL-0601,Order,114-1002937-5777526,2026-06-01,GT-SPF30-TINT,1,23.99,0.00,-0.00,-3.60,-3.60,0.00,0.00,16.79
2026-STL-0601,Order,114-1002938-3078947,2026-06-01,GT-SPF30-TINT,1,23.99,0.00,-4.80,-2.88,-3.60,0.00,0.00,12.71
2026-STL-0601,Order,114-1003051-3336691,2026-06-01,GT-ROLLER-JADE,1,13.99,0.00,-0.00,-2.10,-3.40,0.00,0.00,8.49
2026-STL-0601,Order,114-1003242-7622282,2026-06-01,PH-CHEW-BULLY-6,1,29.99,0.00,-0.00,-4.50,-4.60,0.00,0.00,20.89
2026-STL-0601,Order,114-1003243-1047272,2026-06-01,PH-CHEW-BULLY-6,1,29.99,0.00,-6.00,-3.60,-4.60,0.00,0.00,15.79
2026-STL-0601,Order,114-1003244-1230853,2026-06-01,PH-CHEW-BULLY-6,1,29.99,0.00,-3.00,-4.05,-4.60,0.00,0.00,18.34
2026-STL-0601,Order,114-1003541-4031059,2026-06-01,PH-TREAT-SALMON,1,18.99,0.00,-0.00,-2.85,-3.90,0.00,0.00,12.24
2026-STL-0601,Order,114-1003542-7093273,2026-06-01,PH-TREAT-SALMON,1,18.99,0.00,-0.00,-2.85,-3.90,0.00,0.00,12.24
2026-STL-0601,Order,114-1003543-3596356,2026-06-01,PH-TREAT-SALMON,1,18.99,0.00,-0.00,-2.85,-3.90,0.00,0.00,12.24
2026-STL-0601,Order,114-1003756-8130059,2026-06-01,PH-SHAMPOO-OAT,1,15.99,0.00,-0.00,-2.40,-3.95,0.00,0.00,9.64
2026-STL-0601,Order,114-1003757-7030812,2026-06-01,PH-SHAMPOO-OAT,1,15.99,0.00,-0.00,-2.40,-3.95,0.00,0.00,9.64
2026-STL-0601,Order,114-1003919-4254164,2026-06-01,PH-TOY-ROPE-L,1,13.99,0.00,-0.00,-2.10,-3.75,0.00,0.00,8.14
2026-STL-0601,Order,114-1003920-2569291,2026-06-01,PH-TOY-ROPE-L,1,13.99,0.00,-0.00,-2.10,-3.75,0.00,0.00,8.14
2026-STL-0601,Order,114-1003921-7641644,2026-06-01,PH-TOY-ROPE-L,2,27.98,0.00,-0.00,-4.20,-7.50,0.00,0.00,16.28
2026-STL-0601,Order,114-1003922-6778649,2026-06-01,PH-TOY-ROPE-L,1,13.99,0.00,-1.40,-1.89,-3.75,0.00,0.00,6.95
2026-STL-0601,Order,114-1004057-3874563,2026-06-01,PH-BED-MED-GRY,1,42.99,0.00,-0.00,-6.45,-12.40,0.00,0.00,24.14
2026-STL-0601,Order,114-1004166-3631527,2026-06-01,PH-BRUSH-DBL,1,12.99,0.00,-0.00,-1.95,-3.45,0.00,0.00,7.59
2026-STL-0601,Order,114-1004167-2663450,2026-06-01,PH-BRUSH-DBL,1,12.99,0.00,-0.00,-1.95,-3.45,0.00,0.00,7.59
2026-STL-0601,Order,114-1004168-4754837,2026-06-01,PH-BRUSH-DBL,2,25.98,0.00,-0.00,-3.90,-6.90,0.00,0.00,15.18
2026-STL-0601,Order,114-1004169-2062009,2026-06-01,PH-BRUSH-DBL,1,12.99,0.00,-0.00,-1.95,-3.45,0.00,0.00,7.59
2026-STL-0601,Order,114-1004364-1986289,2026-06-01,PH-DENTAL-30CT,1,21.99,0.00,-0.00,-3.30,-4.10,0.00,0.00,14.59
2026-STL-0601,Order,114-1004365-8653539,2026-06-01,PH-DENTAL-30CT,1,21.99,0.00,-0.00,-3.30,-4.10,0.00,0.00,14.59
2026-STL-0601,Order,114-1004366-2485970,2026-06-01,PH-DENTAL-30CT,1,21.99,0.00,-0.00,-3.30,-4.10,0.00,0.00,14.59
2026-STL-0601,Order,114-1004367-5891832,2026-06-01,PH-DENTAL-30CT,1,21.99,0.00,-0.00,-3.30,-4.10,0.00,0.00,14.59
2026-STL-0602,Order,114-1000209-1157662,2026-06-02,PF-WHEY-CHOC,1,44.99,0.00,-0.00,-6.75,-6.10,0.00,0.00,32.14
2026-STL-0602,Order,114-1000210-3650391,2026-06-02,PF-WHEY-CHOC,1,44.99,0.00,-0.00,-6.75,-6.10,0.00,0.00,32.14
2026-STL-0602,Order,114-1000211-6018975,2026-06-02,PF-WHEY-CHOC,2,89.98,0.00,-18.00,-10.80,-12.20,0.00,0.00,48.98
2026-STL-0602,Order,114-1000212-6068760,2026-06-02,PF-WHEY-CHOC,1,44.99,0.00,-0.00,-6.75,-6.10,0.00,0.00,32.14
2026-STL-0602,Order,114-1000460-1058272,2026-06-02,PF-WHEY-VAN,1,44.99,0.00,-0.00,-6.75,-6.10,0.00,0.00,32.14
2026-STL-0602,Order,114-1000461-8115687,2026-06-02,PF-WHEY-VAN,3,134.97,0.00,-0.00,-20.25,-18.30,0.00,0.00,96.42
2026-STL-0602,Order,114-1000462-6807596,2026-06-02,PF-WHEY-VAN,2,89.98,0.00,-0.00,-13.50,-12.20,0.00,0.00,64.28
2026-STL-0602,Order,114-1000463-2893218,2026-06-02,PF-WHEY-VAN,1,44.99,0.00,-4.50,-6.07,-6.10,0.00,0.00,28.32
2026-STL-0602,Order,114-1000654-5191831,2026-06-02,PF-PREWKT-BERRY,1,32.99,0.00,-0.00,-4.95,-4.35,0.00,0.00,23.69
2026-STL-0602,Order,114-1000655-3037647,2026-06-02,PF-PREWKT-BERRY,1,32.99,0.00,-0.00,-4.95,-4.35,0.00,0.00,23.69
2026-STL-0602,Order,114-1000656-4324120,2026-06-02,PF-PREWKT-BERRY,1,32.99,0.00,-0.00,-4.95,-4.35,0.00,0.00,23.69
2026-STL-0602,Order,114-1000945-9528589,2026-06-02,PF-CREATINE-300,2,49.98,0.00,-0.00,-7.50,-8.10,0.00,0.00,34.38
2026-STL-0602,Order,114-1000946-1873301,2026-06-02,PF-CREATINE-300,1,24.99,0.00,-0.00,-3.75,-4.05,0.00,0.00,17.19
2026-STL-0602,Order,114-1000947-2528212,2026-06-02,PF-CREATINE-300,3,74.97,0.00,-0.00,-11.25,-12.15,0.00,0.00,51.57
2026-STL-0602,Order,114-1000948-2478755,2026-06-02,PF-CREATINE-300,1,24.99,0.00,-0.00,-3.75,-4.05,0.00,0.00,17.19
2026-STL-0602,Order,114-1000949-1633429,2026-06-02,PF-CREATINE-300,1,24.99,0.00,-0.00,-3.75,-4.05,0.00,0.00,17.19
2026-STL-0602,Order,114-1001127-1711620,2026-06-02,PF-BCAA-LEMON,1,27.99,0.00,-0.00,-4.20,-4.20,0.00,0.00,19.59
2026-STL-0602,Order,114-1001128-1658532,2026-06-02,PF-BCAA-LEMON,1,27.99,0.00,-0.00,-4.20,-4.20,0.00,0.00,19.59
2026-STL-0602,Order,114-1001243-6660743,2026-06-02,PF-SHAKER-28,1,12.99,0.00,-0.00,-1.95,-3.45,0.00,0.00,7.59
2026-STL-0602,Order,114-1001344-8473546,2026-06-02,PF-VEGAN-CHOC,1,39.99,0.00,-0.00,-6.00,-6.10,0.00,0.00,27.89
2026-STL-0602,Order,114-1001345-7617330,2026-06-02,PF-VEGAN-CHOC,2,79.98,0.00,-16.00,-9.60,-12.20,0.00,0.00,42.18
2026-STL-0602,Order,114-1001445-9950140,2026-06-02,PF-ELECTRO-CITRUS,2,43.98,0.00,-0.00,-6.60,-7.90,0.00,0.00,29.48
2026-STL-0602,Order,114-1001446-8109870,2026-06-02,PF-ELECTRO-CITRUS,2,43.98,0.00,-0.00,-6.60,-7.90,0.00,0.00,29.48
2026-STL-0602,Order,114-1001447-3431212,2026-06-02,PF-ELECTRO-CITRUS,1,21.99,0.00,-0.00,-3.30,-3.95,0.00,0.00,14.74
2026-STL-0602,Order,114-1001741-2528449,2026-06-02,GT-SERUM-VITC,1,28.99,0.00,-0.00,-4.35,-3.55,0.00,0.00,21.09
2026-STL-0602,Order,114-1001742-5990361,2026-06-02,GT-SERUM-VITC,2,57.98,0.00,-0.00,-8.70,-7.10,0.00,0.00,42.18
2026-STL-0602,Order,114-1001743-7963429,2026-06-02,GT-SERUM-VITC,2,57.98,0.00,-5.80,-7.83,-7.10,0.00,0.00,37.25
2026-STL-0602,Order,114-1001744-8681081,2026-06-02,GT-SERUM-VITC,2,57.98,0.00,-0.00,-8.70,-7.10,0.00,0.00,42.18
2026-STL-0602,Order,114-1001745-2602797,2026-06-02,GT-SERUM-VITC,1,28.99,0.00,-0.00,-4.35,-3.55,0.00,0.00,21.09
2026-STL-0602,Order,114-1001746-3649663,2026-06-02,GT-SERUM-VITC,2,57.98,0.00,-0.00,-8.70,-7.10,0.00,0.00,42.18
2026-STL-0602,Order,114-1001747-2119776,2026-06-02,GT-SERUM-VITC,1,28.99,0.00,-0.00,-4.35,-3.55,0.00,0.00,21.09
2026-STL-0602,Order,114-1002096-6310245,2026-06-02,GT-SERUM-HA,3,74.97,0.00,-7.50,-10.12,-10.65,0.00,0.00,46.70
2026-STL-0602,Order,114-1002097-6308442,2026-06-02,GT-SERUM-HA,1,24.99,0.00,-0.00,-3.75,-3.55,0.00,0.00,17.69
2026-STL-0602,Order,114-1002098-9735757,2026-06-02,GT-SERUM-HA,3,74.97,0.00,-0.00,-11.25,-10.65,0.00,0.00,53.07
2026-STL-0602,Order,114-1002099-3109184,2026-06-02,GT-SERUM-HA,3,74.97,0.00,-7.50,-10.12,-10.65,0.00,0.00,46.70
2026-STL-0602,Order,114-1002350-9447259,2026-06-02,GT-MOIST-50ML,2,45.98,0.00,-9.20,-5.52,-7.20,0.00,0.00,24.06
2026-STL-0602,Order,114-1002518-1451244,2026-06-02,GT-CLEANSE-150,1,16.99,0.00,-0.00,-2.55,-3.70,0.00,0.00,10.74
2026-STL-0602,Order,114-1002662-7293367,2026-06-02,GT-MASK-CLAY,2,29.98,0.00,-0.00,-4.50,-7.70,0.00,0.00,17.78
2026-STL-0602,Order,114-1002663-7382330,2026-06-02,GT-MASK-CLAY,1,14.99,0.00,-0.00,-2.25,-3.85,0.00,0.00,8.89
2026-STL-0602,Order,114-1002664-7383812,2026-06-02,GT-MASK-CLAY,1,14.99,0.00,-0.00,-2.25,-3.85,0.00,0.00,8.89
2026-STL-0602,Order,114-1002665-9501071,2026-06-02,GT-MASK-CLAY,1,14.99,0.00,-3.00,-1.80,-3.85,0.00,0.00,6.34
2026-STL-0602,Order,114-1002782-4049874,2026-06-02,GT-EYE-CREAM,1,26.99,0.00,-0.00,-4.05,-3.50,0.00,0.00,19.44
2026-STL-0602,Order,114-1002783-3594951,2026-06-02,GT-EYE-CREAM,3,80.97,0.00,-0.00,-12.15,-10.50,0.00,0.00,58.32
2026-STL-0602,Order,114-1002939-7291943,2026-06-02,GT-SPF30-TINT,1,23.99,0.00,-2.40,-3.24,-3.60,0.00,0.00,14.75
2026-STL-0602,Order,114-1002940-7636021,2026-06-02,GT-SPF30-TINT,1,23.99,0.00,-0.00,-3.60,-3.60,0.00,0.00,16.79
2026-STL-0602,Order,114-1003052-7064744,2026-06-02,GT-ROLLER-JADE,1,13.99,0.00,-0.00,-2.10,-3.40,0.00,0.00,8.49
2026-STL-0602,Order,114-1003053-8762657,2026-06-02,GT-ROLLER-JADE,1,13.99,0.00,-0.00,-2.10,-3.40,0.00,0.00,8.49
2026-STL-0602,Order,114-1003245-3067693,2026-06-02,PH-CHEW-BULLY-6,1,29.99,0.00,-0.00,-4.50,-4.60,0.00,0.00,20.89
2026-STL-0602,Order,114-1003246-9705125,2026-06-02,PH-CHEW-BULLY-6,1,29.99,0.00,-0.00,-4.50,-4.60,0.00,0.00,20.89
2026-STL-0602,Order,114-1003247-3448055,2026-06-02,PH-CHEW-BULLY-6,1,29.99,0.00,-0.00,-4.50,-4.60,0.00,0.00,20.89
2026-STL-0602,Order,114-1003544-2513876,2026-06-02,PH-TREAT-SALMON,2,37.98,0.00,-0.00,-5.70,-7.80,0.00,0.00,24.48
2026-STL-0602,Order,114-1003545-8609696,2026-06-02,PH-TREAT-SALMON,1,18.99,0.00,-0.00,-2.85,-3.90,0.00,0.00,12.24
2026-STL-0602,Order,114-1003546-2715469,2026-06-02,PH-TREAT-SALMON,1,18.99,0.00,-0.00,-2.85,-3.90,0.00,0.00,12.24
2026-STL-0602,Order,114-1003547-8374199,2026-06-02,PH-TREAT-SALMON,1,18.99,0.00,-0.00,-2.85,-3.90,0.00,0.00,12.24
2026-STL-0602,Order,114-1003548-8669985,2026-06-02,PH-TREAT-SALMON,1,18.99,0.00,-0.00,-2.85,-3.90,0.00,0.00,12.24
2026-STL-0602,Order,114-1003758-7067174,2026-06-02,PH-SHAMPOO-OAT,1,15.99,0.00,-0.00,-2.40,-3.95,0.00,0.00,9.64
2026-STL-0602,Order,114-1003923-8381477,2026-06-02,PH-TOY-ROPE-L,1,13.99,0.00,-1.40,-1.89,-3.75,0.00,0.00,6.95
2026-STL-0602,Order,114-1003924-2609837,2026-06-02,PH-TOY-ROPE-L,1,13.99,0.00,-1.40,-1.89,-3.75,0.00,0.00,6.95
2026-STL-0602,Order,114-1004058-9003202,2026-06-02,PH-BED-MED-GRY,1,42.99,0.00,-0.00,-6.45,-12.40,0.00,0.00,24.14
2026-STL-0602,Order,114-1004059-9945252,2026-06-02,PH-BED-MED-GRY,1,42.99,0.00,-0.00,-6.45,-12.40,0.00,0.00,24.14
2026-STL-0602,Order,114-1004170-1331934,2026-06-02,PH-BRUSH-DBL,1,12.99,0.00,-1.30,-1.75,-3.45,0.00,0.00,6.49
2026-STL-0602,Order,114-1004171-2593364,2026-06-02,PH-BRUSH-DBL,2,25.98,0.00,-0.00,-3.90,-6.90,0.00,0.00,15.18
2026-STL-0602,Order,114-1004172-7211496,2026-06-02,PH-BRUSH-DBL,1,12.99,0.00,-0.00,-1.95,-3.45,0.00,0.00,7.59
2026-STL-0602,Order,114-1004368-9876598,2026-06-02,PH-DENTAL-30CT,1,21.99,0.00,-0.00,-3.30,-4.10,0.00,0.00,14.59
2026-STL-0602,Order,114-1004369-4382286,2026-06-02,PH-DENTAL-30CT,1,21.99,0.00,-2.20,-2.97,-4.10,0.00,0.00,12.72
2026-STL-0602,Order,114-1004370-4311495,2026-06-02,PH-DENTAL-30CT,3,65.97,0.00,-0.00,-9.90,-12.30,0.00,0.00,43.77
2026-STL-0603,Order,114-1000213-4979651,2026-06-03,PF-WHEY-CHOC,1,44.99,0.00,-0.00,-6.75,-6.10,0.00,0.00,32.14
2026-STL-0603,Order,114-1000214-5953150,2026-06-03,PF-WHEY-CHOC,1,44.99,0.00,-0.00,-6.75,-6.10,0.00,0.00,32.14
2026-STL-0603,Order,114-1000215-1822825,2026-06-03,PF-WHEY-CHOC,1,44.99,0.00,-0.00,-6.75,-6.10,0.00,0.00,32.14
2026-STL-0603,Order,114-1000216-5801541,2026-06-03,PF-WHEY-CHOC,1,44.99,0.00,-4.50,-6.07,-6.10,0.00,0.00,28.32
2026-STL-0603,Order,114-1000464-5037710,2026-06-03,PF-WHEY-VAN,2,89.98,0.00,-9.00,-12.15,-12.20,0.00,0.00,56.63
2026-STL-0603,Order,114-1000465-1816653,2026-06-03,PF-WHEY-VAN,1,44.99,0.00,-0.00,-6.75,-6.10,0.00,0.00,32.14
2026-STL-0603,Order,114-1000657-2409947,2026-06-03,PF-PREWKT-BERRY,1,32.99,0.00,-0.00,-4.95,-4.35,0.00,0.00,23.69
2026-STL-0603,Order,114-1000658-1365746,2026-06-03,PF-PREWKT-BERRY,1,32.99,0.00,-3.30,-4.45,-4.35,0.00,0.00,20.89
2026-STL-0603,Order,114-1000950-1964069,2026-06-03,PF-CREATINE-300,1,24.99,0.00,-0.00,-3.75,-4.05,0.00,0.00,17.19
2026-STL-0603,Order,114-1000951-8364728,2026-06-03,PF-CREATINE-300,2,49.98,0.00,-0.00,-7.50,-8.10,0.00,0.00,34.38
2026-STL-0603,Order,114-1000952-5798393,2026-06-03,PF-CREATINE-300,1,24.99,0.00,-2.50,-3.37,-4.05,0.00,0.00,15.07
2026-STL-0603,Order,114-1000953-4886793,2026-06-03,PF-CREATINE-300,1,24.99,0.00,-0.00,-3.75,-4.05,0.00,0.00,17.19
2026-STL-0603,Order,114-1000954-1004819,2026-06-03,PF-CREATINE-300,1,24.99,0.00,-0.00,-3.75,-4.05,0.00,0.00,17.19
2026-STL-0603,Order,114-1001244-2140044,2026-06-03,PF-SHAKER-28,1,12.99,0.00,-0.00,-1.95,-3.45,0.00,0.00,7.59
2026-STL-0603,Order,114-1001245-6897466,2026-06-03,PF-SHAKER-28,1,12.99,0.00,-0.00,-1.95,-3.45,0.00,0.00,7.59
2026-STL-0603,Order,114-1001246-1397627,2026-06-03,PF-SHAKER-28,1,12.99,0.00,-0.00,-1.95,-3.45,0.00,0.00,7.59
2026-STL-0603,Order,114-1001346-1940322,2026-06-03,PF-VEGAN-CHOC,1,39.99,0.00,-0.00,-6.00,-6.10,0.00,0.00,27.89
2026-STL-0603,Order,114-1001448-1584005,2026-06-03,PF-ELECTRO-CITRUS,1,21.99,0.00,-4.40,-2.64,-3.95,0.00,0.00,11.00
2026-STL-0603,Order,114-1001748-9279347,2026-06-03,GT-SERUM-VITC,1,28.99,0.00,-0.00,-4.35,-3.55,0.00,0.00,21.09
2026-STL-0603,Order,114-1001749-7186297,2026-06-03,GT-SERUM-VITC,1,28.99,0.00,-0.00,-4.35,-3.55,0.00,0.00,21.09
2026-STL-0603,Order,114-1001750-6469592,2026-06-03,GT-SERUM-VITC,1,28.99,0.00,-0.00,-4.35,-3.55,0.00,0.00,21.09
2026-STL-0603,Order,114-1001751-1748853,2026-06-03,GT-SERUM-VITC,1,28.99,0.00,-0.00,-4.35,-3.55,0.00,0.00,21.09
2026-STL-0603,Order,114-1002100-4148361,2026-06-03,GT-SERUM-HA,1,24.99,0.00,-0.00,-3.75,-3.55,0.00,0.00,17.69
2026-STL-0603,Order,114-1002101-7334348,2026-06-03,GT-SERUM-HA,1,24.99,0.00,-0.00,-3.75,-3.55,0.00,0.00,17.69
2026-STL-0603,Order,114-1002102-1241105,2026-06-03,GT-SERUM-HA,1,24.99,0.00,-0.00,-3.75,-3.55,0.00,0.00,17.69
2026-STL-0603,Order,114-1002351-3034109,2026-06-03,GT-MOIST-50ML,1,22.99,0.00,-0.00,-3.45,-3.60,0.00,0.00,15.94
2026-STL-0603,Order,114-1002519-1026701,2026-06-03,GT-CLEANSE-150,1,16.99,0.00,-0.00,-2.55,-3.70,0.00,0.00,10.74
2026-STL-0603,Order,114-1002666-4517141,2026-06-03,GT-MASK-CLAY,1,14.99,0.00,-0.00,-2.25,-3.85,0.00,0.00,8.89
2026-STL-0603,Order,114-1002667-6316357,2026-06-03,GT-MASK-CLAY,1,14.99,0.00,-0.00,-2.25,-3.85,0.00,0.00,8.89
2026-STL-0603,Order,114-1002941-5746424,2026-06-03,GT-SPF30-TINT,1,23.99,0.00,-0.00,-3.60,-3.60,0.00,0.00,16.79
2026-STL-0603,Order,114-1002942-9585041,2026-06-03,GT-SPF30-TINT,1,23.99,0.00,-0.00,-3.60,-3.60,0.00,0.00,16.79
2026-STL-0603,Order,114-1002943-2071693,2026-06-03,GT-SPF30-TINT,1,23.99,0.00,-0.00,-3.60,-3.60,0.00,0.00,16.79
2026-STL-0603,Order,114-1003054-4451640,2026-06-03,GT-ROLLER-JADE,2,27.98,0.00,-0.00,-4.20,-6.80,0.00,0.00,16.98
2026-STL-0603,Order,114-1003055-9337532,2026-06-03,GT-ROLLER-JADE,1,13.99,0.00,-0.00,-2.10,-3.40,0.00,0.00,8.49
2026-STL-0603,Order,114-1003248-5072979,2026-06-03,PH-CHEW-BULLY-6,1,29.99,0.00,-3.00,-4.05,-4.60,0.00,0.00,18.34
2026-STL-0603,Order,114-1003249-5229725,2026-06-03,PH-CHEW-BULLY-6,2,59.98,0.00,-0.00,-9.00,-9.20,0.00,0.00,41.78
2026-STL-0603,Order,114-1003250-1999793,2026-06-03,PH-CHEW-BULLY-6,1,29.99,0.00,-0.00,-4.50,-4.60,0.00,0.00,20.89
2026-STL-0603,Order,114-1003251-2852481,2026-06-03,PH-CHEW-BULLY-6,1,29.99,0.00,-0.00,-4.50,-4.60,0.00,0.00,20.89
2026-STL-0603,Order,114-1003549-4123052,2026-06-03,PH-TREAT-SALMON,1,18.99,0.00,-1.90,-2.56,-3.90,0.00,0.00,10.63
2026-STL-0603,Order,114-1003550-3894805,2026-06-03,PH-TREAT-SALMON,2,37.98,0.00,-0.00,-5.70,-7.80,0.00,0.00,24.48
2026-STL-0603,Order,114-1003551-4591976,2026-06-03,PH-TREAT-SALMON,2,37.98,0.00,-3.80,-5.13,-7.80,0.00,0.00,21.25
2026-STL-0603,Order,114-1003552-8165549,2026-06-03,PH-TREAT-SALMON,2,37.98,0.00,-7.60,-4.56,-7.80,0.00,0.00,18.02
2026-STL-0603,Order,114-1003759-8555391,2026-06-03,PH-SHAMPOO-OAT,1,15.99,0.00,-0.00,-2.40,-3.95,0.00,0.00,9.64
2026-STL-0603,Order,114-1003760-6377073,2026-06-03,PH-SHAMPOO-OAT,1,15.99,0.00,-0.00,-2.40,-3.95,0.00,0.00,9.64
2026-STL-0603,Order,114-1003761-8658687,2026-06-03,PH-SHAMPOO-OAT,1,15.99,0.00,-0.00,-2.40,-3.95,0.00,0.00,9.64
2026-STL-0603,Order,114-1003925-2504225,2026-06-03,PH-TOY-ROPE-L,1,13.99,0.00,-0.00,-2.10,-3.75,0.00,0.00,8.14
2026-STL-0603,Order,114-1003926-2241975,2026-06-03,PH-TOY-ROPE-L,2,27.98,0.00,-0.00,-4.20,-7.50,0.00,0.00,16.28
2026-STL-0603,Order,114-1003927-3669613,2026-06-03,PH-TOY-ROPE-L,1,13.99,0.00,-0.00,-2.10,-3.75,0.00,0.00,8.14
2026-STL-0603,Order,114-1004060-5523283,2026-06-03,PH-BED-MED-GRY,2,85.98,0.00,-0.00,-12.90,-24.80,0.00,0.00,48.28
2026-STL-0603,Order,114-1004173-5469467,2026-06-03,PH-BRUSH-DBL,2,25.98,0.00,-0.00,-3.90,-6.90,0.00,0.00,15.18
2026-STL-0603,Order,114-1004174-8459060,2026-06-03,PH-BRUSH-DBL,1,12.99,0.00,-0.00,-1.95,-3.45,0.00,0.00,7.59
2026-STL-0603,Order,114-1004371-5513331,2026-06-03,PH-DENTAL-30CT,3,65.97,0.00,-0.00,-9.90,-12.30,0.00,0.00,43.77
2026-STL-0603,Order,114-1004372-1655531,2026-06-03,PH-DENTAL-30CT,1,21.99,0.00,-2.20,-2.97,-4.10,0.00,0.00,12.72
2026-STL-0603,Order,114-1004373-9854747,2026-06-03,PH-DENTAL-30CT,1,21.99,0.00,-0.00,-3.30,-4.10,0.00,0.00,14.59
2026-STL-0604,Order,114-1000217-5204819,2026-06-04,PF-WHEY-CHOC,1,44.99,0.00,-0.00,-6.75,-6.10,0.00,0.00,32.14
2026-STL-0604,Order,114-1000218-3294774,2026-06-04,PF-WHEY-CHOC,1,44.99,0.00,-0.00,-6.75,-6.10,0.00,0.00,32.14
2026-STL-0604,Order,114-1000219-6183033,2026-06-04,PF-WHEY-CHOC,2,89.98,0.00,-0.00,-13.50,-12.20,0.00,0.00,64.28
2026-STL-0604,Order,114-1000220-3204724,2026-06-04,PF-WHEY-CHOC,1,44.99,0.00,-0.00,-6.75,-6.10,0.00,0.00,32.14
2026-STL-0604,Order,114-1000466-4645172,2026-06-04,PF-WHEY-VAN,1,44.99,0.00,-0.00,-6.75,-6.10,0.00,0.00,32.14
2026-STL-0604,Order,114-1000467-5853035,2026-06-04,PF-WHEY-VAN,1,44.99,0.00,-0.00,-6.75,-6.10,0.00,0.00,32.14
2026-STL-0604,Order,114-1000659-6562484,2026-06-04,PF-PREWKT-BERRY,1,32.99,0.00,-0.00,-4.95,-4.35,0.00,0.00,23.69
2026-STL-0604,Order,114-1000660-8267158,2026-06-04,PF-PREWKT-BERRY,2,65.98,0.00,-0.00,-9.90,-8.70,0.00,0.00,47.38
2026-STL-0604,Order,114-1000955-7701385,2026-06-04,PF-CREATINE-300,1,24.99,0.00,-0.00,-3.75,-4.05,0.00,0.00,17.19
2026-STL-0604,Order,114-1000956-9686281,2026-06-04,PF-CREATINE-300,1,24.99,0.00,-0.00,-3.75,-4.05,0.00,0.00,17.19
2026-STL-0604,Order,114-1000957-5773013,2026-06-04,PF-CREATINE-300,1,24.99,0.00,-0.00,-3.75,-4.05,0.00,0.00,17.19
2026-STL-0604,Order,114-1000958-6829664,2026-06-04,PF-CREATINE-300,1,24.99,0.00,-0.00,-3.75,-4.05,0.00,0.00,17.19
2026-STL-0604,Order,114-1001247-4637715,2026-06-04,PF-SHAKER-28,1,12.99,0.00,-0.00,-1.95,-3.45,0.00,0.00,7.59
2026-STL-0604,Order,114-1001248-3012881,2026-06-04,PF-SHAKER-28,1,12.99,0.00,-0.00,-1.95,-3.45,0.00,0.00,7.59
2026-STL-0604,Order,114-1001752-7699844,2026-06-04,GT-SERUM-VITC,1,28.99,0.00,-0.00,-4.35,-3.55,0.00,0.00,21.09
2026-STL-0604,Order,114-1001753-2924056,2026-06-04,GT-SERUM-VITC,1,28.99,0.00,-0.00,-4.35,-3.55,0.00,0.00,21.09
2026-STL-0604,Order,114-1001754-8788747,2026-06-04,GT-SERUM-VITC,1,28.99,0.00,-0.00,-4.35,-3.55,0.00,0.00,21.09
2026-STL-0604,Order,114-1001755-5065012,2026-06-04,GT-SERUM-VITC,1,28.99,0.00,-0.00,-4.35,-3.55,0.00,0.00,21.09
2026-STL-0604,Order,114-1001756-5683223,2026-06-04,GT-SERUM-VITC,1,28.99,0.00,-0.00,-4.35,-3.55,0.00,0.00,21.09
2026-STL-0604,Order,114-1001757-2686363,2026-06-04,GT-SERUM-VITC,1,28.99,0.00,-0.00,-4.35,-3.55,0.00,0.00,21.09
2026-STL-0604,Order,114-1002103-6150025,2026-06-04,GT-SERUM-HA,1,24.99,0.00,-0.00,-3.75,-3.55,0.00,0.00,17.69
2026-STL-0604,Order,114-1002104-8650368,2026-06-04,GT-SERUM-HA,2,49.98,0.00,-0.00,-7.50,-7.10,0.00,0.00,35.38
2026-STL-0604,Order,114-1002105-8144563,2026-06-04,GT-SERUM-HA,1,24.99,0.00,-2.50,-3.37,-3.55,0.00,0.00,15.57
2026-STL-0604,Refund,114-1002316-2916606,2026-06-04,GT-MOIST-50ML,-1,-22.99,0.00,0.00,2.76,0.00,0.00,0.00,-20.23
2026-STL-0604,Order,114-1002352-8399044,2026-06-04,GT-MOIST-50ML,1,22.99,0.00,-0.00,-3.45,-3.60,0.00,0.00,15.94
2026-STL-0604,Order,114-1002353-5094127,2026-06-04,GT-MOIST-50ML,1,22.99,0.00,-0.00,-3.45,-3.60,0.00,0.00,15.94
2026-STL-0604,Order,114-1002520-4859992,2026-06-04,GT-CLEANSE-150,1,16.99,0.00,-1.70,-2.29,-3.70,0.00,0.00,9.30
2026-STL-0604,Order,114-1002668-9535161,2026-06-04,GT-MASK-CLAY,1,14.99,0.00,-0.00,-2.25,-3.85,0.00,0.00,8.89
2026-STL-0604,Order,114-1002669-8046664,2026-06-04,GT-MASK-CLAY,1,14.99,0.00,-0.00,-2.25,-3.85,0.00,0.00,8.89
2026-STL-0604,Order,114-1002944-2541145,2026-06-04,GT-SPF30-TINT,1,23.99,0.00,-0.00,-3.60,-3.60,0.00,0.00,16.79
2026-STL-0604,Order,114-1002945-7922980,2026-06-04,GT-SPF30-TINT,3,71.97,0.00,-0.00,-10.80,-10.80,0.00,0.00,50.37
2026-STL-0604,Order,114-1003056-8702071,2026-06-04,GT-ROLLER-JADE,1,13.99,0.00,-0.00,-2.10,-3.40,0.00,0.00,8.49
2026-STL-0604,Order,114-1003057-5236845,2026-06-04,GT-ROLLER-JADE,1,13.99,0.00,-0.00,-2.10,-3.40,0.00,0.00,8.49
2026-STL-0604,Order,114-1003252-9885085,2026-06-04,PH-CHEW-BULLY-6,1,29.99,0.00,-0.00,-4.50,-4.60,0.00,0.00,20.89
2026-STL-0604,Order,114-1003253-4763393,2026-06-04,PH-CHEW-BULLY-6,1,29.99,0.00,-0.00,-4.50,-4.60,0.00,0.00,20.89
2026-STL-0604,Order,114-1003254-8999967,2026-06-04,PH-CHEW-BULLY-6,1,29.99,0.00,-0.00,-4.50,-4.60,0.00,0.00,20.89
2026-STL-0604,Order,114-1003255-8350589,2026-06-04,PH-CHEW-BULLY-6,1,29.99,0.00,-0.00,-4.50,-4.60,0.00,0.00,20.89
2026-STL-0604,Order,114-1003553-6086827,2026-06-04,PH-TREAT-SALMON,1,18.99,0.00,-0.00,-2.85,-3.90,0.00,0.00,12.24
2026-STL-0604,Order,114-1003554-3794477,2026-06-04,PH-TREAT-SALMON,1,18.99,0.00,-0.00,-2.85,-3.90,0.00,0.00,12.24
2026-STL-0604,Order,114-1003555-4408903,2026-06-04,PH-TREAT-SALMON,1,18.99,0.00,-3.80,-2.28,-3.90,0.00,0.00,9.01
2026-STL-0604,Order,114-1003556-3049446,2026-06-04,PH-TREAT-SALMON,2,37.98,0.00,-0.00,-5.70,-7.80,0.00,0.00,24.48
2026-STL-0604,Order,114-1003557-9272875,2026-06-04,PH-TREAT-SALMON,1,18.99,0.00,-0.00,-2.85,-3.90,0.00,0.00,12.24
2026-STL-0604,Order,114-1003762-8140130,2026-06-04,PH-SHAMPOO-OAT,1,15.99,0.00,-0.00,-2.40,-3.95,0.00,0.00,9.64
2026-STL-0604,Order,114-1003928-1489418,2026-06-04,PH-TOY-ROPE-L,2,27.98,0.00,-0.00,-4.20,-7.50,0.00,0.00,16.28
2026-STL-0604,Order,114-1003929-5628929,2026-06-04,PH-TOY-ROPE-L,2,27.98,0.00,-0.00,-4.20,-7.50,0.00,0.00,16.28
2026-STL-0604,Order,114-1003930-2361636,2026-06-04,PH-TOY-ROPE-L,1,13.99,0.00,-0.00,-2.10,-3.75,0.00,0.00,8.14
2026-STL-0604,Order,114-1003931-9167952,2026-06-04,PH-TOY-ROPE-L,1,13.99,0.00,-0.00,-2.10,-3.75,0.00,0.00,8.14
2026-STL-0604,Order,114-1004061-8474972,2026-06-04,PH-BED-MED-GRY,3,128.97,0.00,-0.00,-19.35,-37.20,0.00,0.00,72.42
2026-STL-0604,Order,114-1004062-9031877,2026-06-04,PH-BED-MED-GRY,1,42.99,0.00,-0.00,-6.45,-12.40,0.00,0.00,24.14
2026-STL-0604,Order,114-1004175-2856717,2026-06-04,PH-BRUSH-DBL,1,12.99,0.00,-1.30,-1.75,-3.45,0.00,0.00,6.49
2026-STL-0604,Order,114-1004176-9946299,2026-06-04,PH-BRUSH-DBL,1,12.99,0.00,-0.00,-1.95,-3.45,0.00,0.00,7.59
2026-STL-0604,Order,114-1004177-9346305,2026-06-04,PH-BRUSH-DBL,1,12.99,0.00,-0.00,-1.95,-3.45,0.00,0.00,7.59
2026-STL-0604,Order,114-1004374-2105921,2026-06-04,PH-DENTAL-30CT,1,21.99,0.00,-0.00,-3.30,-4.10,0.00,0.00,14.59
2026-STL-0604,Order,114-1004375-3489477,2026-06-04,PH-DENTAL-30CT,1,21.99,0.00,-0.00,-3.30,-4.10,0.00,0.00,14.59
2026-STL-0604,Order,114-1004376-4491964,2026-06-04,PH-DENTAL-30CT,1,21.99,0.00,-0.00,-3.30,-4.10,0.00,0.00,14.59
2026-STL-0605,Order,114-1000221-3946751,2026-06-05,PF-WHEY-CHOC,1,44.99,0.00,-0.00,-6.75,-6.10,0.00,0.00,32.14
2026-STL-0605,Order,114-1000222-7138070,2026-06-05,PF-WHEY-CHOC,1,44.99,0.00,-4.50,-6.07,-6.10,0.00,0.00,28.32
2026-STL-0605,Order,114-1000223-5311242,2026-06-05,PF-WHEY-CHOC,2,89.98,0.00,-9.00,-12.15,-12.20,0.00,0.00,56.63
2026-STL-0605,Order,114-1000224-5951651,2026-06-05,PF-WHEY-CHOC,2,89.98,0.00,-18.00,-10.80,-12.20,0.00,0.00,48.98
2026-STL-0605,Order,114-1000225-2263313,2026-06-05,PF-WHEY-CHOC,1,44.99,0.00,-0.00,-6.75,-6.10,0.00,0.00,32.14
2026-STL-0605,Order,114-1000468-6379867,2026-06-05,PF-WHEY-VAN,1,44.99,0.00,-0.00,-6.75,-6.10,0.00,0.00,32.14
2026-STL-0605,Order,114-1000469-9745141,2026-06-05,PF-WHEY-VAN,2,89.98,0.00,-18.00,-10.80,-12.20,0.00,0.00,48.98
2026-STL-0605,Order,114-1000470-3938247,2026-06-05,PF-WHEY-VAN,1,44.99,0.00,-0.00,-6.75,-6.10,0.00,0.00,32.14
2026-STL-0605,Order,114-1000471-6778321,2026-06-05,PF-WHEY-VAN,1,44.99,0.00,-0.00,-6.75,-6.10,0.00,0.00,32.14
2026-STL-0605,Order,114-1000661-8158234,2026-06-05,PF-PREWKT-BERRY,1,32.99,0.00,-0.00,-4.95,-4.35,0.00,0.00,23.69
2026-STL-0605,Order,114-1000662-5695180,2026-06-05,PF-PREWKT-BERRY,1,32.99,0.00,-0.00,-4.95,-4.35,0.00,0.00,23.69
2026-STL-0605,Order,114-1000663-5123584,2026-06-05,PF-PREWKT-BERRY,1,32.99,0.00,-0.00,-4.95,-4.35,0.00,0.00,23.69
2026-STL-0605,Order,114-1000959-1078038,2026-06-05,PF-CREATINE-300,1,24.99,0.00,-2.50,-3.37,-4.05,0.00,0.00,15.07
2026-STL-0605,Order,114-1000960-2214435,2026-06-05,PF-CREATINE-300,1,24.99,0.00,-0.00,-3.75,-4.05,0.00,0.00,17.19
2026-STL-0605,Order,114-1000961-9611521,2026-06-05,PF-CREATINE-300,1,24.99,0.00,-0.00,-3.75,-4.05,0.00,0.00,17.19
2026-STL-0605,Order,114-1000962-5196677,2026-06-05,PF-CREATINE-300,2,49.98,0.00,-5.00,-6.75,-8.10,0.00,0.00,30.13
2026-STL-0605,Order,114-1001129-7678001,2026-06-05,PF-BCAA-LEMON,1,27.99,0.00,-0.00,-4.20,-4.20,0.00,0.00,19.59
2026-STL-0605,Order,114-1001249-4099902,2026-06-05,PF-SHAKER-28,1,12.99,0.00,-0.00,-1.95,-3.45,0.00,0.00,7.59
2026-STL-0605,Order,114-1001347-7255068,2026-06-05,PF-VEGAN-CHOC,2,79.98,0.00,-0.00,-12.00,-12.20,0.00,0.00,55.78
2026-STL-0605,Refund,114-1001715-5381125,2026-06-05,GT-SERUM-VITC,-1,-28.99,0.00,0.00,3.48,0.00,0.00,0.00,-25.51
2026-STL-0605,Order,114-1001758-3826178,2026-06-05,GT-SERUM-VITC,1,28.99,0.00,-0.00,-4.35,-3.55,0.00,0.00,21.09
2026-STL-0605,Order,114-1001759-3575243,2026-06-05,GT-SERUM-VITC,1,28.99,0.00,-0.00,-4.35,-3.55,0.00,0.00,21.09
2026-STL-0605,Order,114-1001760-9930492,2026-06-05,GT-SERUM-VITC,1,28.99,0.00,-0.00,-4.35,-3.55,0.00,0.00,21.09
2026-STL-0605,Order,114-1001761-9772377,2026-06-05,GT-SERUM-VITC,1,28.99,0.00,-2.90,-3.91,-3.55,0.00,0.00,18.63
2026-STL-0605,Order,114-1001762-7553489,2026-06-05,GT-SERUM-VITC,1,28.99,0.00,-2.90,-3.91,-3.55,0.00,0.00,18.63
2026-STL-0605,Refund,114-1002083-8626564,2026-06-05,GT-SERUM-HA,-1,-24.99,0.00,0.00,3.00,0.00,0.00,0.00,-21.99
2026-STL-0605,Order,114-1002106-3967808,2026-06-05,GT-SERUM-HA,1,24.99,0.00,-0.00,-3.75,-3.55,0.00,0.00,17.69
2026-STL-0605,Order,114-1002107-5781975,2026-06-05,GT-SERUM-HA,1,24.99,0.00,-0.00,-3.75,-3.55,0.00,0.00,17.69
2026-STL-0605,Order,114-1002108-5752118,2026-06-05,GT-SERUM-HA,1,24.99,0.00,-0.00,-3.75,-3.55,0.00,0.00,17.69
2026-STL-0605,Order,114-1002109-2664720,2026-06-05,GT-SERUM-HA,2,49.98,0.00,-5.00,-6.75,-7.10,0.00,0.00,31.13
2026-STL-0605,Refund,114-1002320-6119535,2026-06-05,GT-MOIST-50ML,-1,-22.99,0.00,0.00,2.76,0.00,0.00,0.00,-20.23
2026-STL-0605,Order,114-1002354-4873703,2026-06-05,GT-MOIST-50ML,1,22.99,0.00,-4.60,-2.76,-3.60,0.00,0.00,12.03
2026-STL-0605,Order,114-1002355-5044088,2026-06-05,GT-MOIST-50ML,1,22.99,0.00,-0.00,-3.45,-3.60,0.00,0.00,15.94
2026-STL-0605,Refund,114-1002492-3860089,2026-06-05,GT-CLEANSE-150,-1,-16.99,0.00,0.00,2.04,0.00,0.00,0.00,-14.95
2026-STL-0605,Order,114-1002521-4017812,2026-06-05,GT-CLEANSE-150,1,16.99,0.00,-0.00,-2.55,-3.70,0.00,0.00,10.74
2026-STL-0605,Order,114-1002522-9064003,2026-06-05,GT-CLEANSE-150,1,16.99,0.00,-0.00,-2.55,-3.70,0.00,0.00,10.74
2026-STL-0605,Refund,114-1002654-7542233,2026-06-05,GT-MASK-CLAY,-1,-14.99,0.00,0.00,1.80,0.00,0.00,0.00,-13.19
2026-STL-0605,Order,114-1002670-6200630,2026-06-05,GT-MASK-CLAY,2,29.98,0.00,-0.00,-4.50,-7.70,0.00,0.00,17.78
2026-STL-0605,Order,114-1002671-6044815,2026-06-05,GT-MASK-CLAY,1,14.99,0.00,-1.50,-2.02,-3.85,0.00,0.00,7.62
2026-STL-0605,Order,114-1002784-8467647,2026-06-05,GT-EYE-CREAM,1,26.99,0.00,-0.00,-4.05,-3.50,0.00,0.00,19.44
2026-STL-0605,Order,114-1002946-2042711,2026-06-05,GT-SPF30-TINT,1,23.99,0.00,-0.00,-3.60,-3.60,0.00,0.00,16.79
2026-STL-0605,Order,114-1002947-3600200,2026-06-05,GT-SPF30-TINT,1,23.99,0.00,-0.00,-3.60,-3.60,0.00,0.00,16.79
2026-STL-0605,Refund,114-1003238-9349638,2026-06-05,PH-CHEW-BULLY-6,-1,-29.99,0.00,0.00,3.60,0.00,0.00,0.00,-26.39
2026-STL-0605,Order,114-1003256-9152092,2026-06-05,PH-CHEW-BULLY-6,1,29.99,0.00,-0.00,-4.50,-4.60,0.00,0.00,20.89
2026-STL-0605,Order,114-1003257-3427531,2026-06-05,PH-CHEW-BULLY-6,3,89.97,0.00,-0.00,-13.50,-13.80,0.00,0.00,62.67
2026-STL-0605,Order,114-1003258-2658169,2026-06-05,PH-CHEW-BULLY-6,1,29.99,0.00,-0.00,-4.50,-4.60,0.00,0.00,20.89
2026-STL-0605,Order,114-1003259-7773209,2026-06-05,PH-CHEW-BULLY-6,1,29.99,0.00,-0.00,-4.50,-4.60,0.00,0.00,20.89
2026-STL-0605,Order,114-1003558-5379489,2026-06-05,PH-TREAT-SALMON,2,37.98,0.00,-0.00,-5.70,-7.80,0.00,0.00,24.48
2026-STL-0605,Order,114-1003559-9357022,2026-06-05,PH-TREAT-SALMON,1,18.99,0.00,-3.80,-2.28,-3.90,0.00,0.00,9.01
2026-STL-0605,Order,114-1003560-8496508,2026-06-05,PH-TREAT-SALMON,1,18.99,0.00,-0.00,-2.85,-3.90,0.00,0.00,12.24
2026-STL-0605,Order,114-1003561-1045098,2026-06-05,PH-TREAT-SALMON,2,37.98,0.00,-0.00,-5.70,-7.80,0.00,0.00,24.48
2026-STL-0605,Order,114-1003763-2022082,2026-06-05,PH-SHAMPOO-OAT,1,15.99,0.00,-0.00,-2.40,-3.95,0.00,0.00,9.64
2026-STL-0605,Order,114-1003764-3228767,2026-06-05,PH-SHAMPOO-OAT,3,47.97,0.00,-0.00,-7.20,-11.85,0.00,0.00,28.92
2026-STL-0605,Order,114-1003932-7597744,2026-06-05,PH-TOY-ROPE-L,1,13.99,0.00,-1.40,-1.89,-3.75,0.00,0.00,6.95
2026-STL-0605,Order,114-1004063-9700196,2026-06-05,PH-BED-MED-GRY,1,42.99,0.00,-0.00,-6.45,-12.40,0.00,0.00,24.14
2026-STL-0605,Order,114-1004064-7925610,2026-06-05,PH-BED-MED-GRY,1,42.99,0.00,-0.00,-6.45,-12.40,0.00,0.00,24.14
2026-STL-0605,Order,114-1004065-3108240,2026-06-05,PH-BED-MED-GRY,1,42.99,0.00,-0.00,-6.45,-12.40,0.00,0.00,24.14
2026-STL-0605,Refund,114-1004340-1206766,2026-06-05,PH-DENTAL-30CT,-1,-21.99,0.00,0.00,2.64,0.00,0.00,0.00,-19.35
2026-STL-0605,Order,114-1004377-9707327,2026-06-05,PH-DENTAL-30CT,1,21.99,0.00,-0.00,-3.30,-4.10,0.00,0.00,14.59
2026-STL-0605,Order,114-1004378-7766353,2026-06-05,PH-DENTAL-30CT,1,21.99,0.00,-0.00,-3.30,-4.10,0.00,0.00,14.59
2026-STL-0605,Order,114-1004379-1056349,2026-06-05,PH-DENTAL-30CT,1,21.99,0.00,-0.00,-3.30,-4.10,0.00,0.00,14.59
2026-STL-0606,Order,114-1000226-7136687,2026-06-06,PF-WHEY-CHOC,1,44.99,0.00,-9.00,-5.40,-6.10,0.00,0.00,24.49
2026-STL-0606,Order,114-1000227-3073474,2026-06-06,PF-WHEY-CHOC,1,44.99,0.00,-0.00,-6.75,-6.10,0.00,0.00,32.14
2026-STL-0606,Order,114-1000228-7392547,2026-06-06,PF-WHEY-CHOC,1,44.99,0.00,-0.00,-6.75,-6.10,0.00,0.00,32.14
2026-STL-0606,Order,114-1000229-4922880,2026-06-06,PF-WHEY-CHOC,2,89.98,0.00,-0.00,-13.50,-12.20,0.00,0.00,64.28
2026-STL-0606,Order,114-1000230-6503032,2026-06-06,PF-WHEY-CHOC,1,44.99,0.00,-4.50,-6.07,-6.10,0.00,0.00,28.32
2026-STL-0606,Order,114-1000472-6347476,2026-06-06,PF-WHEY-VAN,1,44.99,0.00,-0.00,-6.75,-6.10,0.00,0.00,32.14
2026-STL-0606,Order,114-1000473-4084977,2026-06-06,PF-WHEY-VAN,1,44.99,0.00,-0.00,-6.75,-6.10,0.00,0.00,32.14
2026-STL-0606,Order,114-1000963-5081447,2026-06-06,PF-CREATINE-300,3,74.97,0.00,-0.00,-11.25,-12.15,0.00,0.00,51.57
2026-STL-0606,Order,114-1000964-8729606,2026-06-06,PF-CREATINE-300,3,74.97,0.00,-0.00,-11.25,-12.15,0.00,0.00,51.57
2026-STL-0606,Order,114-1000965-5325497,2026-06-06,PF-CREATINE-300,2,49.98,0.00,-0.00,-7.50,-8.10,0.00,0.00,34.38
2026-STL-0606,Order,114-1000966-4857587,2026-06-06,PF-CREATINE-300,1,24.99,0.00,-5.00,-3.00,-4.05,0.00,0.00,12.94
2026-STL-0606,Order,114-1000967-9986747,2026-06-06,PF-CREATINE-300,1,24.99,0.00,-0.00,-3.75,-4.05,0.00,0.00,17.19
2026-STL-0606,Order,114-1001130-1915141,2026-06-06,PF-BCAA-LEMON,1,27.99,0.00,-0.00,-4.20,-4.20,0.00,0.00,19.59
2026-STL-0606,Order,114-1001250-8834214,2026-06-06,PF-SHAKER-28,1,12.99,0.00,-0.00,-1.95,-3.45,0.00,0.00,7.59
2026-STL-0606,Order,114-1001763-4384602,2026-06-06,GT-SERUM-VITC,1,28.99,0.00,-0.00,-4.35,-3.55,0.00,0.00,21.09
2026-STL-0606,Order,114-1001764-2533209,2026-06-06,GT-SERUM-VITC,1,28.99,0.00,-0.00,-4.35,-3.55,0.00,0.00,21.09
2026-STL-0606,Order,114-1001765-4223772,2026-06-06,GT-SERUM-VITC,3,86.97,0.00,-0.00,-13.05,-10.65,0.00,0.00,63.27
2026-STL-0606,Order,114-1002110-1275590,2026-06-06,GT-SERUM-HA,1,24.99,0.00,-0.00,-3.75,-3.55,0.00,0.00,17.69
2026-STL-0606,Order,114-1002111-2672723,2026-06-06,GT-SERUM-HA,1,24.99,0.00,-0.00,-3.75,-3.55,0.00,0.00,17.69
2026-STL-0606,Order,114-1002112-5863789,2026-06-06,GT-SERUM-HA,1,24.99,0.00,-2.50,-3.37,-3.55,0.00,0.00,15.57
2026-STL-0606,Order,114-1002356-2282513,2026-06-06,GT-MOIST-50ML,1,22.99,0.00,-0.00,-3.45,-3.60,0.00,0.00,15.94
2026-STL-0606,Order,114-1002357-8532433,2026-06-06,GT-MOIST-50ML,1,22.99,0.00,-0.00,-3.45,-3.60,0.00,0.00,15.94
2026-STL-0606,Order,114-1002358-3101870,2026-06-06,GT-MOIST-50ML,1,22.99,0.00,-2.30,-3.10,-3.60,0.00,0.00,13.99
2026-STL-0606,Refund,114-1002513-7279004,2026-06-06,GT-CLEANSE-150,-1,-16.99,0.00,0.00,2.04,0.00,0.00,0.00,-14.95
2026-STL-0606,Order,114-1002523-9679668,2026-06-06,GT-CLEANSE-150,1,16.99,0.00,-0.00,-2.55,-3.70,0.00,0.00,10.74
2026-STL-0606,Order,114-1002524-2701295,2026-06-06,GT-CLEANSE-150,1,16.99,0.00,-0.00,-2.55,-3.70,0.00,0.00,10.74
2026-STL-0606,Order,114-1002672-1265919,2026-06-06,GT-MASK-CLAY,1,14.99,0.00,-1.50,-2.02,-3.85,0.00,0.00,7.62
2026-STL-0606,Order,114-1002948-5374737,2026-06-06,GT-SPF30-TINT,1,23.99,0.00,-0.00,-3.60,-3.60,0.00,0.00,16.79
2026-STL-0606,Order,114-1002949-1406431,2026-06-06,GT-SPF30-TINT,1,23.99,0.00,-0.00,-3.60,-3.60,0.00,0.00,16.79
2026-STL-0606,Order,114-1003058-5275016,2026-06-06,GT-ROLLER-JADE,1,13.99,0.00,-0.00,-2.10,-3.40,0.00,0.00,8.49
2026-STL-0606,Order,114-1003059-5648826,2026-06-06,GT-ROLLER-JADE,1,13.99,0.00,-2.80,-1.68,-3.40,0.00,0.00,6.11
2026-STL-0606,Order,114-1003260-5098576,2026-06-06,PH-CHEW-BULLY-6,1,29.99,0.00,-0.00,-4.50,-4.60,0.00,0.00,20.89
2026-STL-0606,Order,114-1003562-1930087,2026-06-06,PH-TREAT-SALMON,1,18.99,0.00,-0.00,-2.85,-3.90,0.00,0.00,12.24
2026-STL-0606,Order,114-1003563-9841593,2026-06-06,PH-TREAT-SALMON,1,18.99,0.00,-0.00,-2.85,-3.90,0.00,0.00,12.24
2026-STL-0606,Order,114-1003564-6484082,2026-06-06,PH-TREAT-SALMON,1,18.99,0.00,-0.00,-2.85,-3.90,0.00,0.00,12.24
2026-STL-0606,Order,114-1003765-4901561,2026-06-06,PH-SHAMPOO-OAT,1,15.99,0.00,-0.00,-2.40,-3.95,0.00,0.00,9.64
2026-STL-0606,Order,114-1003766-7397798,2026-06-06,PH-SHAMPOO-OAT,1,15.99,0.00,-0.00,-2.40,-3.95,0.00,0.00,9.64
2026-STL-0606,Order,114-1003767-4418107,2026-06-06,PH-SHAMPOO-OAT,1,15.99,0.00,-0.00,-2.40,-3.95,0.00,0.00,9.64
2026-STL-0606,Order,114-1003933-7428437,2026-06-06,PH-TOY-ROPE-L,1,13.99,0.00,-1.40,-1.89,-3.75,0.00,0.00,6.95
2026-STL-0606,Order,114-1003934-9592367,2026-06-06,PH-TOY-ROPE-L,1,13.99,0.00,-0.00,-2.10,-3.75,0.00,0.00,8.14
2026-STL-0606,Order,114-1003935-5814049,2026-06-06,PH-TOY-ROPE-L,1,13.99,0.00,-0.00,-2.10,-3.75,0.00,0.00,8.14
2026-STL-0606,Order,114-1004066-2075223,2026-06-06,PH-BED-MED-GRY,1,42.99,0.00,-0.00,-6.45,-12.40,0.00,0.00,24.14
2026-STL-0606,Order,114-1004067-1459457,2026-06-06,PH-BED-MED-GRY,1,42.99,0.00,-0.00,-6.45,-12.40,0.00,0.00,24.14
2026-STL-0606,Order,114-1004380-2998350,2026-06-06,PH-DENTAL-30CT,3,65.97,0.00,-0.00,-9.90,-12.30,0.00,0.00,43.77
2026-STL-0607,Order,114-1000231-8789116,2026-06-07,PF-WHEY-CHOC,1,44.99,0.00,-0.00,-6.75,-6.10,0.00,0.00,32.14
2026-STL-0607,Order,114-1000232-3345069,2026-06-07,PF-WHEY-CHOC,1,44.99,0.00,-0.00,-6.75,-6.10,0.00,0.00,32.14
2026-STL-0607,Order,114-1000233-2948178,2026-06-07,PF-WHEY-CHOC,1,44.99,0.00,-9.00,-5.40,-6.10,0.00,0.00,24.49
2026-STL-0607,Order,114-1000474-8768273,2026-06-07,PF-WHEY-VAN,1,44.99,0.00,-0.00,-6.75,-6.10,0.00,0.00,32.14
2026-STL-0607,Order,114-1000664-7425930,2026-06-07,PF-PREWKT-BERRY,1,32.99,0.00,-0.00,-4.95,-4.35,0.00,0.00,23.69
2026-STL-0607,Order,114-1000665-9821696,2026-06-07,PF-PREWKT-BERRY,1,32.99,0.00,-3.30,-4.45,-4.35,0.00,0.00,20.89
2026-STL-0607,Order,114-1000968-6737688,2026-06-07,PF-CREATINE-300,1,24.99,0.00,-0.00,-3.75,-4.05,0.00,0.00,17.19
2026-STL-0607,Order,114-1000969-6931382,2026-06-07,PF-CREATINE-300,2,49.98,0.00,-0.00,-7.50,-8.10,0.00,0.00,34.38
2026-STL-0607,Order,114-1000970-4190481,2026-06-07,PF-CREATINE-300,1,24.99,0.00,-0.00,-3.75,-4.05,0.00,0.00,17.19
2026-STL-0607,Order,114-1000971-5452763,2026-06-07,PF-CREATINE-300,1,24.99,0.00,-0.00,-3.75,-4.05,0.00,0.00,17.19
2026-STL-0607,Order,114-1001251-6425820,2026-06-07,PF-SHAKER-28,3,38.97,0.00,-0.00,-5.85,-10.35,0.00,0.00,22.77
2026-STL-0607,Order,114-1001252-2046686,2026-06-07,PF-SHAKER-28,1,12.99,0.00,-0.00,-1.95,-3.45,0.00,0.00,7.59
2026-STL-0607,Order,114-1001348-8452780,2026-06-07,PF-VEGAN-CHOC,2,79.98,0.00,-0.00,-12.00,-12.20,0.00,0.00,55.78
2026-STL-0607,Order,114-1001349-3747945,2026-06-07,PF-VEGAN-CHOC,1,39.99,0.00,-0.00,-6.00,-6.10,0.00,0.00,27.89
2026-STL-0607,Order,114-1001350-7949018,2026-06-07,PF-VEGAN-CHOC,3,119.97,0.00,-0.00,-18.00,-18.30,0.00,0.00,83.67
2026-STL-0607,Order,114-1001449-6188664,2026-06-07,PF-ELECTRO-CITRUS,1,21.99,0.00,-0.00,-3.30,-3.95,0.00,0.00,14.74
2026-STL-0607,Order,114-1001766-2620732,2026-06-07,GT-SERUM-VITC,1,28.99,0.00,-5.80,-3.48,-3.55,0.00,0.00,16.16
2026-STL-0607,Order,114-1001767-3802587,2026-06-07,GT-SERUM-VITC,2,57.98,0.00,-0.00,-8.70,-7.10,0.00,0.00,42.18
2026-STL-0607,Order,114-1001768-4180079,2026-06-07,GT-SERUM-VITC,1,28.99,0.00,-0.00,-4.35,-3.55,0.00,0.00,21.09
2026-STL-0607,Order,114-1001769-8178640,2026-06-07,GT-SERUM-VITC,2,57.98,0.00,-0.00,-8.70,-7.10,0.00,0.00,42.18
2026-STL-0607,Order,114-1001770-3912886,2026-06-07,GT-SERUM-VITC,1,28.99,0.00,-0.00,-4.35,-3.55,0.00,0.00,21.09
2026-STL-0607,Order,114-1002113-8878148,2026-06-07,GT-SERUM-HA,1,24.99,0.00,-0.00,-3.75,-3.55,0.00,0.00,17.69
2026-STL-0607,Order,114-1002114-8783741,2026-06-07,GT-SERUM-HA,1,24.99,0.00,-0.00,-3.75,-3.55,0.00,0.00,17.69
2026-STL-0607,Order,114-1002115-7640565,2026-06-07,GT-SERUM-HA,2,49.98,0.00,-0.00,-7.50,-7.10,0.00,0.00,35.38
2026-STL-0607,Order,114-1002116-5489736,2026-06-07,GT-SERUM-HA,1,24.99,0.00,-0.00,-3.75,-3.55,0.00,0.00,17.69
2026-STL-0607,Order,114-1002359-3317607,2026-06-07,GT-MOIST-50ML,1,22.99,0.00,-2.30,-3.10,-3.60,0.00,0.00,13.99
2026-STL-0607,Order,114-1002360-2979107,2026-06-07,GT-MOIST-50ML,1,22.99,0.00,-0.00,-3.45,-3.60,0.00,0.00,15.94
2026-STL-0607,Order,114-1002785-6228876,2026-06-07,GT-EYE-CREAM,1,26.99,0.00,-0.00,-4.05,-3.50,0.00,0.00,19.44
2026-STL-0607,Order,114-1002786-9698799,2026-06-07,GT-EYE-CREAM,1,26.99,0.00,-0.00,-4.05,-3.50,0.00,0.00,19.44
2026-STL-0607,Order,114-1002787-3604706,2026-06-07,GT-EYE-CREAM,1,26.99,0.00,-0.00,-4.05,-3.50,0.00,0.00,19.44
2026-STL-0607,Order,114-1002950-1711267,2026-06-07,GT-SPF30-TINT,2,47.98,0.00,-0.00,-7.20,-7.20,0.00,0.00,33.58
2026-STL-0607,Order,114-1002951-3309771,2026-06-07,GT-SPF30-TINT,1,23.99,0.00,-0.00,-3.60,-3.60,0.00,0.00,16.79
2026-STL-0607,Order,114-1003261-9890570,2026-06-07,PH-CHEW-BULLY-6,1,29.99,0.00,-0.00,-4.50,-4.60,0.00,0.00,20.89
2026-STL-0607,Order,114-1003262-1056553,2026-06-07,PH-CHEW-BULLY-6,1,29.99,0.00,-6.00,-3.60,-4.60,0.00,0.00,15.79
2026-STL-0607,Order,114-1003565-1471076,2026-06-07,PH-TREAT-SALMON,1,18.99,0.00,-0.00,-2.85,-3.90,0.00,0.00,12.24
2026-STL-0607,Order,114-1003566-7112061,2026-06-07,PH-TREAT-SALMON,1,18.99,0.00,-0.00,-2.85,-3.90,0.00,0.00,12.24
2026-STL-0607,Order,114-1003567-4161506,2026-06-07,PH-TREAT-SALMON,1,18.99,0.00,-1.90,-2.56,-3.90,0.00,0.00,10.63
2026-STL-0607,Order,114-1003568-9203143,2026-06-07,PH-TREAT-SALMON,2,37.98,0.00,-0.00,-5.70,-7.80,0.00,0.00,24.48
2026-STL-0607,Order,114-1003569-9701066,2026-06-07,PH-TREAT-SALMON,2,37.98,0.00,-3.80,-5.13,-7.80,0.00,0.00,21.25
2026-STL-0607,Order,114-1003768-3730224,2026-06-07,PH-SHAMPOO-OAT,1,15.99,0.00,-0.00,-2.40,-3.95,0.00,0.00,9.64
2026-STL-0607,Order,114-1003769-3532485,2026-06-07,PH-SHAMPOO-OAT,1,15.99,0.00,-0.00,-2.40,-3.95,0.00,0.00,9.64
2026-STL-0607,Order,114-1003770-9388090,2026-06-07,PH-SHAMPOO-OAT,3,47.97,0.00,-0.00,-7.20,-11.85,0.00,0.00,28.92
2026-STL-0607,Order,114-1003936-7568552,2026-06-07,PH-TOY-ROPE-L,1,13.99,0.00,-2.80,-1.68,-3.75,0.00,0.00,5.76
2026-STL-0607,Order,114-1003937-4163587,2026-06-07,PH-TOY-ROPE-L,1,13.99,0.00,-0.00,-2.10,-3.75,0.00,0.00,8.14
2026-STL-0607,Order,114-1004068-3287748,2026-06-07,PH-BED-MED-GRY,1,42.99,0.00,-0.00,-6.45,-12.40,0.00,0.00,24.14
2026-STL-0607,Order,114-1004178-7698366,2026-06-07,PH-BRUSH-DBL,1,12.99,0.00,-0.00,-1.95,-3.45,0.00,0.00,7.59
2026-STL-0607,Order,114-1004381-2549296,2026-06-07,PH-DENTAL-30CT,1,21.99,0.00,-0.00,-3.30,-4.10,0.00,0.00,14.59
2026-STL-0607,Order,114-1004382-4944272,2026-06-07,PH-DENTAL-30CT,1,21.99,0.00,-0.00,-3.30,-4.10,0.00,0.00,14.59
2026-STL-0608,Order,114-1000234-8031780,2026-06-08,PF-WHEY-CHOC,1,44.99,0.00,-0.00,-6.75,-6.10,0.00,0.00,32.14
2026-STL-0608,Order,114-1000235-2661307,2026-06-08,PF-WHEY-CHOC,1,44.99,0.00,-4.50,-6.07,-6.10,0.00,0.00,28.32
2026-STL-0608,Order,114-1000236-5693260,2026-06-08,PF-WHEY-CHOC,1,44.99,0.00,-4.50,-6.07,-6.10,0.00,0.00,28.32
2026-STL-0608,Order,114-1000475-9891787,2026-06-08,PF-WHEY-VAN,1,44.99,0.00,-9.00,-5.40,-6.10,0.00,0.00,24.49
2026-STL-0608,Order,114-1000476-2326581,2026-06-08,PF-WHEY-VAN,1,44.99,0.00,-0.00,-6.75,-6.10,0.00,0.00,32.14
2026-STL-0608,Order,114-1000666-7024901,2026-06-08,PF-PREWKT-BERRY,1,32.99,0.00,-0.00,-4.95,-4.35,0.00,0.00,23.69
2026-STL-0608,Order,114-1000667-9428760,2026-06-08,PF-PREWKT-BERRY,1,32.99,0.00,-0.00,-4.95,-4.35,0.00,0.00,23.69
2026-STL-0608,Order,114-1000668-4674549,2026-06-08,PF-PREWKT-BERRY,1,32.99,0.00,-0.00,-4.95,-4.35,0.00,0.00,23.69
2026-STL-0608,Order,114-1000972-6973148,2026-06-08,PF-CREATINE-300,1,24.99,0.00,-0.00,-3.75,-4.05,0.00,0.00,17.19
2026-STL-0608,Order,114-1000973-9265544,2026-06-08,PF-CREATINE-300,1,24.99,0.00,-2.50,-3.37,-4.05,0.00,0.00,15.07
2026-STL-0608,Order,114-1000974-1709057,2026-06-08,PF-CREATINE-300,1,24.99,0.00,-0.00,-3.75,-4.05,0.00,0.00,17.19
2026-STL-0608,Order,114-1000975-5609255,2026-06-08,PF-CREATINE-300,1,24.99,0.00,-0.00,-3.75,-4.05,0.00,0.00,17.19
2026-STL-0608,Order,114-1001131-9399643,2026-06-08,PF-BCAA-LEMON,1,27.99,0.00,-0.00,-4.20,-4.20,0.00,0.00,19.59
2026-STL-0608,Order,114-1001132-3270069,2026-06-08,PF-BCAA-LEMON,1,27.99,0.00,-2.80,-3.78,-4.20,0.00,0.00,17.21
2026-STL-0608,Refund,114-1001244-2140044,2026-06-08,PF-SHAKER-28,-1,-12.99,0.00,0.00,1.56,0.00,0.00,0.00,-11.43
2026-STL-0608,Order,114-1001253-5440339,2026-06-08,PF-SHAKER-28,1,12.99,0.00,-0.00,-1.95,-3.45,0.00,0.00,7.59
2026-STL-0608,Order,114-1001254-4366669,2026-06-08,PF-SHAKER-28,1,12.99,0.00,-2.60,-1.56,-3.45,0.00,0.00,5.38
2026-STL-0608,Order,114-1001771-5671743,2026-06-08,GT-SERUM-VITC,1,28.99,0.00,-0.00,-4.35,-3.55,0.00,0.00,21.09
2026-STL-0608,Order,114-1001772-4666842,2026-06-08,GT-SERUM-VITC,1,28.99,0.00,-0.00,-4.35,-3.55,0.00,0.00,21.09
2026-STL-0608,Order,114-1001773-2708148,2026-06-08,GT-SERUM-VITC,1,28.99,0.00,-0.00,-4.35,-3.55,0.00,0.00,21.09
2026-STL-0608,Order,114-1001774-3876606,2026-06-08,GT-SERUM-VITC,1,28.99,0.00,-2.90,-3.91,-3.55,0.00,0.00,18.63
2026-STL-0608,Order,114-1002117-7957788,2026-06-08,GT-SERUM-HA,1,24.99,0.00,-2.50,-3.37,-3.55,0.00,0.00,15.57
2026-STL-0608,Order,114-1002118-1548189,2026-06-08,GT-SERUM-HA,1,24.99,0.00,-2.50,-3.37,-3.55,0.00,0.00,15.57
2026-STL-0608,Order,114-1002119-9706758,2026-06-08,GT-SERUM-HA,1,24.99,0.00,-2.50,-3.37,-3.55,0.00,0.00,15.57
2026-STL-0608,Order,114-1002120-8214533,2026-06-08,GT-SERUM-HA,1,24.99,0.00,-0.00,-3.75,-3.55,0.00,0.00,17.69
2026-STL-0608,Order,114-1002121-7598776,2026-06-08,GT-SERUM-HA,3,74.97,0.00,-0.00,-11.25,-10.65,0.00,0.00,53.07
2026-STL-0608,Order,114-1002525-9505552,2026-06-08,GT-CLEANSE-150,1,16.99,0.00,-0.00,-2.55,-3.70,0.00,0.00,10.74
2026-STL-0608,Order,114-1002526-7739464,2026-06-08,GT-CLEANSE-150,1,16.99,0.00,-0.00,-2.55,-3.70,0.00,0.00,10.74
2026-STL-0608,Order,114-1002673-5177495,2026-06-08,GT-MASK-CLAY,1,14.99,0.00,-0.00,-2.25,-3.85,0.00,0.00,8.89
2026-STL-0608,Refund,114-1002780-9877176,2026-06-08,GT-EYE-CREAM,-1,-26.99,0.00,0.00,3.24,0.00,0.00,0.00,-23.75
2026-STL-0608,Order,114-1002952-5859342,2026-06-08,GT-SPF30-TINT,1,23.99,0.00,-0.00,-3.60,-3.60,0.00,0.00,16.79
2026-STL-0608,Order,114-1003060-9213447,2026-06-08,GT-ROLLER-JADE,3,41.97,0.00,-0.00,-6.30,-10.20,0.00,0.00,25.47
2026-STL-0608,Order,114-1003263-6726001,2026-06-08,PH-CHEW-BULLY-6,1,29.99,0.00,-0.00,-4.50,-4.60,0.00,0.00,20.89
2026-STL-0608,Order,114-1003264-8127778,2026-06-08,PH-CHEW-BULLY-6,1,29.99,0.00,-0.00,-4.50,-4.60,0.00,0.00,20.89
2026-STL-0608,Order,114-1003265-7743663,2026-06-08,PH-CHEW-BULLY-6,1,29.99,0.00,-0.00,-4.50,-4.60,0.00,0.00,20.89
2026-STL-0608,Order,114-1003266-6987578,2026-06-08,PH-CHEW-BULLY-6,3,89.97,0.00,-0.00,-13.50,-13.80,0.00,0.00,62.67
2026-STL-0608,Order,114-1003570-4533042,2026-06-08,PH-TREAT-SALMON,2,37.98,0.00,-0.00,-5.70,-7.80,0.00,0.00,24.48
2026-STL-0608,Order,114-1003571-9629101,2026-06-08,PH-TREAT-SALMON,1,18.99,0.00,-1.90,-2.56,-3.90,0.00,0.00,10.63
2026-STL-0608,Order,114-1003771-3892433,2026-06-08,PH-SHAMPOO-OAT,2,31.98,0.00,-0.00,-4.80,-7.90,0.00,0.00,19.28
2026-STL-0608,Order,114-1003772-4558298,2026-06-08,PH-SHAMPOO-OAT,1,15.99,0.00,-0.00,-2.40,-3.95,0.00,0.00,9.64
2026-STL-0608,Refund,114-1003931-9167952,2026-06-08,PH-TOY-ROPE-L,-1,-13.99,0.00,0.00,1.68,0.00,0.00,0.00,-12.31
2026-STL-0608,Order,114-1003938-6071766,2026-06-08,PH-TOY-ROPE-L,1,13.99,0.00,-0.00,-2.10,-3.75,0.00,0.00,8.14
2026-STL-0608,Order,114-1004069-6976699,2026-06-08,PH-BED-MED-GRY,1,42.99,0.00,-0.00,-6.45,-12.40,0.00,0.00,24.14
2026-STL-0608,Order,114-1004179-6937488,2026-06-08,PH-BRUSH-DBL,1,12.99,0.00,-0.00,-1.95,-3.45,0.00,0.00,7.59
2026-STL-0608,Order,114-1004440-2475412,2026-06-08,GT-LIP-BALM,1,9.99,0.00,-0.00,-1.50,-3.35,0.00,0.00,5.14
2026-STL-0609,Order,114-1000237-4961312,2026-06-09,PF-WHEY-CHOC,1,44.99,0.00,-0.00,-6.75,-6.10,0.00,0.00,32.14
2026-STL-0609,Order,114-1000238-7017548,2026-06-09,PF-WHEY-CHOC,1,44.99,0.00,-0.00,-6.75,-6.10,0.00,0.00,32.14
2026-STL-0609,Order,114-1000239-8628891,2026-06-09,PF-WHEY-CHOC,1,44.99,0.00,-9.00,-5.40,-6.10,0.00,0.00,24.49
2026-STL-0609,Order,114-1000477-5504038,2026-06-09,PF-WHEY-VAN,1,44.99,0.00,-0.00,-6.75,-6.10,0.00,0.00,32.14
2026-STL-0609,Order,114-1000478-2221118,2026-06-09,PF-WHEY-VAN,1,44.99,0.00,-0.00,-6.75,-6.10,0.00,0.00,32.14
2026-STL-0609,Order,114-1000669-8913550,2026-06-09,PF-PREWKT-BERRY,1,32.99,0.00,-0.00,-4.95,-4.35,0.00,0.00,23.69
2026-STL-0609,Order,114-1000670-3678059,2026-06-09,PF-PREWKT-BERRY,1,32.99,0.00,-6.60,-3.96,-4.35,0.00,0.00,18.08
2026-STL-0609,Order,114-1000976-3151610,2026-06-09,PF-CREATINE-300,1,24.99,0.00,-0.00,-3.75,-4.05,0.00,0.00,17.19
2026-STL-0609,Order,114-1000977-1546310,2026-06-09,PF-CREATINE-300,1,24.99,0.00,-0.00,-3.75,-4.05,0.00,0.00,17.19
2026-STL-0609,Order,114-1000978-3932663,2026-06-09,PF-CREATINE-300,1,24.99,0.00,-0.00,-3.75,-4.05,0.00,0.00,17.19
2026-STL-0609,Order,114-1000979-6295749,2026-06-09,PF-CREATINE-300,1,24.99,0.00,-0.00,-3.75,-4.05,0.00,0.00,17.19
2026-STL-0609,Order,114-1000980-2690268,2026-06-09,PF-CREATINE-300,1,24.99,0.00,-0.00,-3.75,-4.05,0.00,0.00,17.19
2026-STL-0609,Order,114-1001255-4663917,2026-06-09,PF-SHAKER-28,1,12.99,0.00,-0.00,-1.95,-3.45,0.00,0.00,7.59
2026-STL-0609,Order,114-1001256-5345236,2026-06-09,PF-SHAKER-28,1,12.99,0.00,-0.00,-1.95,-3.45,0.00,0.00,7.59
2026-STL-0609,Order,114-1001775-7519046,2026-06-09,GT-SERUM-VITC,1,28.99,0.00,-0.00,-4.35,-3.55,0.00,0.00,21.09
2026-STL-0609,Order,114-1001776-6570816,2026-06-09,GT-SERUM-VITC,3,86.97,0.00,-0.00,-13.05,-10.65,0.00,0.00,63.27
2026-STL-0609,Order,114-1001777-9088805,2026-06-09,GT-SERUM-VITC,1,28.99,0.00,-0.00,-4.35,-3.55,0.00,0.00,21.09
2026-STL-0609,Order,114-1001778-8531486,2026-06-09,GT-SERUM-VITC,1,28.99,0.00,-2.90,-3.91,-3.55,0.00,0.00,18.63
2026-STL-0609,Order,114-1001779-1222997,2026-06-09,GT-SERUM-VITC,1,28.99,0.00,-0.00,-4.35,-3.55,0.00,0.00,21.09
2026-STL-0609,Refund,114-1002064-8229326,2026-06-09,GT-SERUM-HA,-1,-24.99,0.00,0.00,3.00,0.00,0.00,0.00,-21.99
2026-STL-0609,Order,114-1002122-3914492,2026-06-09,GT-SERUM-HA,1,24.99,0.00,-0.00,-3.75,-3.55,0.00,0.00,17.69
2026-STL-0609,Order,114-1002123-4875025,2026-06-09,GT-SERUM-HA,1,24.99,0.00,-0.00,-3.75,-3.55,0.00,0.00,17.69
2026-STL-0609,Order,114-1002124-7576872,2026-06-09,GT-SERUM-HA,1,24.99,0.00,-0.00,-3.75,-3.55,0.00,0.00,17.69
2026-STL-0609,Order,114-1002361-4323637,2026-06-09,GT-MOIST-50ML,1,22.99,0.00,-0.00,-3.45,-3.60,0.00,0.00,15.94
2026-STL-0609,Order,114-1002362-3026500,2026-06-09,GT-MOIST-50ML,2,45.98,0.00,-0.00,-6.90,-7.20,0.00,0.00,31.88
2026-STL-0609,Order,114-1002363-8882947,2026-06-09,GT-MOIST-50ML,1,22.99,0.00,-0.00,-3.45,-3.60,0.00,0.00,15.94
2026-STL-0609,Order,114-1002527-8554276,2026-06-09,GT-CLEANSE-150,1,16.99,0.00,-0.00,-2.55,-3.70,0.00,0.00,10.74
2026-STL-0609,Order,114-1002528-9976215,2026-06-09,GT-CLEANSE-150,1,16.99,0.00,-0.00,-2.55,-3.70,0.00,0.00,10.74
2026-STL-0609,Order,114-1002674-3352507,2026-06-09,GT-MASK-CLAY,1,14.99,0.00,-0.00,-2.25,-3.85,0.00,0.00,8.89
2026-STL-0609,Order,114-1002675-4520289,2026-06-09,GT-MASK-CLAY,1,14.99,0.00,-0.00,-2.25,-3.85,0.00,0.00,8.89
2026-STL-0609,Refund,114-1002784-8467647,2026-06-09,GT-EYE-CREAM,-1,-26.99,0.00,0.00,3.24,0.00,0.00,0.00,-23.75
2026-STL-0609,Order,114-1002788-7523750,2026-06-09,GT-EYE-CREAM,2,53.98,0.00,-0.00,-8.10,-7.00,0.00,0.00,38.88
2026-STL-0609,Order,114-1002789-2098296,2026-06-09,GT-EYE-CREAM,2,53.98,0.00,-0.00,-8.10,-7.00,0.00,0.00,38.88
2026-STL-0609,Order,114-1002790-9233723,2026-06-09,GT-EYE-CREAM,1,26.99,0.00,-0.00,-4.05,-3.50,0.00,0.00,19.44
2026-STL-0609,Order,114-1002953-2140205,2026-06-09,GT-SPF30-TINT,1,23.99,0.00,-0.00,-3.60,-3.60,0.00,0.00,16.79
2026-STL-0609,Order,114-1002954-9245415,2026-06-09,GT-SPF30-TINT,1,23.99,0.00,-0.00,-3.60,-3.60,0.00,0.00,16.79
2026-STL-0609,Order,114-1002955-9542096,2026-06-09,GT-SPF30-TINT,1,23.99,0.00,-2.40,-3.24,-3.60,0.00,0.00,14.75
2026-STL-0609,Order,114-1003267-5108472,2026-06-09,PH-CHEW-BULLY-6,1,29.99,0.00,-0.00,-4.50,-4.60,0.00,0.00,20.89
2026-STL-0609,Order,114-1003268-5046113,2026-06-09,PH-CHEW-BULLY-6,2,59.98,0.00,-0.00,-9.00,-9.20,0.00,0.00,41.78
2026-STL-0609,Order,114-1003269-1275672,2026-06-09,PH-CHEW-BULLY-6,1,29.99,0.00,-0.00,-4.50,-4.60,0.00,0.00,20.89
2026-STL-0609,Order,114-1003572-1678433,2026-06-09,PH-TREAT-SALMON,2,37.98,0.00,-0.00,-5.70,-7.80,0.00,0.00,24.48
2026-STL-0609,Order,114-1003573-7507061,2026-06-09,PH-TREAT-SALMON,1,18.99,0.00,-0.00,-2.85,-3.90,0.00,0.00,12.24
2026-STL-0609,Order,114-1003574-6381025,2026-06-09,PH-TREAT-SALMON,1,18.99,0.00,-1.90,-2.56,-3.90,0.00,0.00,10.63
2026-STL-0609,Order,114-1003773-1250028,2026-06-09,PH-SHAMPOO-OAT,1,15.99,0.00,-1.60,-2.16,-3.95,0.00,0.00,8.28
2026-STL-0609,Order,114-1003939-3259717,2026-06-09,PH-TOY-ROPE-L,1,13.99,0.00,-0.00,-2.10,-3.75,0.00,0.00,8.14
2026-STL-0609,Refund,114-1004065-3108240,2026-06-09,PH-BED-MED-GRY,-1,-42.99,0.00,0.00,5.16,0.00,0.00,0.00,-37.83
2026-STL-0609,Order,114-1004070-6660327,2026-06-09,PH-BED-MED-GRY,1,42.99,0.00,-0.00,-6.45,-12.40,0.00,0.00,24.14
2026-STL-0609,Order,114-1004071-8218298,2026-06-09,PH-BED-MED-GRY,2,85.98,0.00,-17.20,-10.32,-24.80,0.00,0.00,33.66
2026-STL-0609,Order,114-1004180-3726425,2026-06-09,PH-BRUSH-DBL,1,12.99,0.00,-0.00,-1.95,-3.45,0.00,0.00,7.59
2026-STL-0609,Order,114-1004181-8300694,2026-06-09,PH-BRUSH-DBL,1,12.99,0.00,-0.00,-1.95,-3.45,0.00,0.00,7.59
2026-STL-0609,Order,114-1004383-9924347,2026-06-09,PH-DENTAL-30CT,1,21.99,0.00,-0.00,-3.30,-4.10,0.00,0.00,14.59
2026-STL-0609,Order,114-1004384-1750435,2026-06-09,PH-DENTAL-30CT,1,21.99,0.00,-0.00,-3.30,-4.10,0.00,0.00,14.59
2026-STL-0609,Order,114-1004441-2347342,2026-06-09,GT-LIP-BALM,1,9.99,0.00,-0.00,-1.50,-3.35,0.00,0.00,5.14
2026-STL-0609,Order,114-1004442-8198004,2026-06-09,GT-LIP-BALM,1,9.99,0.00,-0.00,-1.50,-3.35,0.00,0.00,5.14
2026-STL-0610,Order,114-1000240-6595355,2026-06-10,PF-WHEY-CHOC,3,134.97,0.00,-0.00,-20.25,-18.30,0.00,0.00,96.42
2026-STL-0610,Order,114-1000241-2151087,2026-06-10,PF-WHEY-CHOC,1,44.99,0.00,-0.00,-6.75,-6.10,0.00,0.00,32.14
2026-STL-0610,Order,114-1000242-4909069,2026-06-10,PF-WHEY-CHOC,1,44.99,0.00,-0.00,-6.75,-6.10,0.00,0.00,32.14
2026-STL-0610,Order,114-1000479-4640933,2026-06-10,PF-WHEY-VAN,1,44.99,0.00,-0.00,-6.75,-6.10,0.00,0.00,32.14
2026-STL-0610,Order,114-1000480-1257256,2026-06-10,PF-WHEY-VAN,2,89.98,0.00,-0.00,-13.50,-12.20,0.00,0.00,64.28
2026-STL-0610,Order,114-1000671-1937991,2026-06-10,PF-PREWKT-BERRY,1,32.99,0.00,-3.30,-4.45,-4.35,0.00,0.00,20.89
2026-STL-0610,Order,114-1000981-5409875,2026-06-10,PF-CREATINE-300,1,24.99,0.00,-0.00,-3.75,-4.05,0.00,0.00,17.19
2026-STL-0610,Order,114-1000982-7139188,2026-06-10,PF-CREATINE-300,1,24.99,0.00,-0.00,-3.75,-4.05,0.00,0.00,17.19
2026-STL-0610,Order,114-1000983-7246319,2026-06-10,PF-CREATINE-300,1,24.99,0.00,-0.00,-3.75,-4.05,0.00,0.00,17.19
2026-STL-0610,Order,114-1001133-4387856,2026-06-10,PF-BCAA-LEMON,1,27.99,0.00,-2.80,-3.78,-4.20,0.00,0.00,17.21
2026-STL-0610,Order,114-1001257-5204309,2026-06-10,PF-SHAKER-28,1,12.99,0.00,-0.00,-1.95,-3.45,0.00,0.00,7.59
2026-STL-0610,Order,114-1001258-1014556,2026-06-10,PF-SHAKER-28,1,12.99,0.00,-0.00,-1.95,-3.45,0.00,0.00,7.59
2026-STL-0610,Order,114-1001351-2109238,2026-06-10,PF-VEGAN-CHOC,2,79.98,0.00,-16.00,-9.60,-12.20,0.00,0.00,42.18
2026-STL-0610,Refund,114-1001764-2533209,2026-06-10,GT-SERUM-VITC,-1,-28.99,0.00,0.00,3.48,0.00,0.00,0.00,-25.51
2026-STL-0610,Order,114-1001780-5086019,2026-06-10,GT-SERUM-VITC,1,28.99,0.00,-0.00,-4.35,-3.55,0.00,0.00,21.09
2026-STL-0610,Order,114-1001781-5976369,2026-06-10,GT-SERUM-VITC,1,28.99,0.00,-0.00,-4.35,-3.55,0.00,0.00,21.09
2026-STL-0610,Order,114-1001782-4994050,2026-06-10,GT-SERUM-VITC,1,28.99,0.00,-0.00,-4.35,-3.55,0.00,0.00,21.09
2026-STL-0610,Order,114-1002125-3668469,2026-06-10,GT-SERUM-HA,1,24.99,0.00,-0.00,-3.75,-3.55,0.00,0.00,17.69
2026-STL-0610,Order,114-1002126-8338707,2026-06-10,GT-SERUM-HA,1,24.99,0.00,-0.00,-3.75,-3.55,0.00,0.00,17.69
2026-STL-0610,Order,114-1002364-2224983,2026-06-10,GT-MOIST-50ML,1,22.99,0.00,-0.00,-3.45,-3.60,0.00,0.00,15.94
2026-STL-0610,Order,114-1002365-8086002,2026-06-10,GT-MOIST-50ML,2,45.98,0.00,-4.60,-6.21,-7.20,0.00,0.00,27.97
2026-STL-0610,Order,114-1002529-8114632,2026-06-10,GT-CLEANSE-150,1,16.99,0.00,-0.00,-2.55,-3.70,0.00,0.00,10.74
2026-STL-0610,Order,114-1002530-3523078,2026-06-10,GT-CLEANSE-150,1,16.99,0.00,-0.00,-2.55,-3.70,0.00,0.00,10.74
2026-STL-0610,Order,114-1002676-3892727,2026-06-10,GT-MASK-CLAY,1,14.99,0.00,-0.00,-2.25,-3.85,0.00,0.00,8.89
2026-STL-0610,Order,114-1002956-5721396,2026-06-10,GT-SPF30-TINT,1,23.99,0.00,-2.40,-3.24,-3.60,0.00,0.00,14.75
2026-STL-0610,Order,114-1002957-4382050,2026-06-10,GT-SPF30-TINT,1,23.99,0.00,-0.00,-3.60,-3.60,0.00,0.00,16.79
2026-STL-0610,Order,114-1003061-7062194,2026-06-10,GT-ROLLER-JADE,1,13.99,0.00,-0.00,-2.10,-3.40,0.00,0.00,8.49
2026-STL-0610,Order,114-1003270-4438647,2026-06-10,PH-CHEW-BULLY-6,1,29.99,0.00,-3.00,-4.05,-4.60,0.00,0.00,18.34
2026-STL-0610,Order,114-1003271-2721596,2026-06-10,PH-CHEW-BULLY-6,1,29.99,0.00,-0.00,-4.50,-4.60,0.00,0.00,20.89
2026-STL-0610,Order,114-1003272-3277024,2026-06-10,PH-CHEW-BULLY-6,3,89.97,0.00,-0.00,-13.50,-13.80,0.00,0.00,62.67
2026-STL-0610,Order,114-1003273-1614312,2026-06-10,PH-CHEW-BULLY-6,1,29.99,0.00,-0.00,-4.50,-4.60,0.00,0.00,20.89
2026-STL-0610,Order,114-1003575-3734765,2026-06-10,PH-TREAT-SALMON,1,18.99,0.00,-1.90,-2.56,-3.90,0.00,0.00,10.63
2026-STL-0610,Order,114-1003576-2569831,2026-06-10,PH-TREAT-SALMON,2,37.98,0.00,-0.00,-5.70,-7.80,0.00,0.00,24.48
2026-STL-0610,Order,114-1003577-6842624,2026-06-10,PH-TREAT-SALMON,1,18.99,0.00,-0.00,-2.85,-3.90,0.00,0.00,12.24
2026-STL-0610,Order,114-1003578-5650378,2026-06-10,PH-TREAT-SALMON,1,18.99,0.00,-0.00,-2.85,-3.90,0.00,0.00,12.24
2026-STL-0610,Order,114-1003774-8739482,2026-06-10,PH-SHAMPOO-OAT,1,15.99,0.00,-0.00,-2.40,-3.95,0.00,0.00,9.64
2026-STL-0610,Order,114-1003940-3463869,2026-06-10,PH-TOY-ROPE-L,2,27.98,0.00,-0.00,-4.20,-7.50,0.00,0.00,16.28
2026-STL-0610,Order,114-1003941-6763353,2026-06-10,PH-TOY-ROPE-L,1,13.99,0.00,-0.00,-2.10,-3.75,0.00,0.00,8.14
2026-STL-0610,Order,114-1004072-7048122,2026-06-10,PH-BED-MED-GRY,1,42.99,0.00,-0.00,-6.45,-12.40,0.00,0.00,24.14
2026-STL-0610,Order,114-1004073-7652984,2026-06-10,PH-BED-MED-GRY,1,42.99,0.00,-0.00,-6.45,-12.40,0.00,0.00,24.14
2026-STL-0610,Refund,114-1004154-2046696,2026-06-10,PH-BRUSH-DBL,-1,-12.99,0.00,0.00,1.56,0.00,0.00,0.00,-11.43
2026-STL-0610,Order,114-1004182-5997287,2026-06-10,PH-BRUSH-DBL,1,12.99,0.00,-0.00,-1.95,-3.45,0.00,0.00,7.59
2026-STL-0610,Order,114-1004183-8466730,2026-06-10,PH-BRUSH-DBL,1,12.99,0.00,-0.00,-1.95,-3.45,0.00,0.00,7.59
2026-STL-0610,Order,114-1004385-2379095,2026-06-10,PH-DENTAL-30CT,1,21.99,0.00,-4.40,-2.64,-4.10,0.00,0.00,10.85
2026-STL-0610,Order,114-1004443-5823453,2026-06-10,GT-LIP-BALM,1,9.99,0.00,-0.00,-1.50,-3.35,0.00,0.00,5.14
2026-STL-0611,Order,114-1000243-1047572,2026-06-11,PF-WHEY-CHOC,1,44.99,0.00,-4.50,-6.07,-6.10,0.00,0.00,28.32
2026-STL-0611,Order,114-1000244-5205279,2026-06-11,PF-WHEY-CHOC,3,134.97,0.00,-26.99,-16.20,-18.30,0.00,0.00,73.48
2026-STL-0611,Order,114-1000245-3211291,2026-06-11,PF-WHEY-CHOC,1,44.99,0.00,-4.50,-6.07,-6.10,0.00,0.00,28.32
2026-STL-0611,Order,114-1000246-1264762,2026-06-11,PF-WHEY-CHOC,1,44.99,0.00,-0.00,-6.75,-6.10,0.00,0.00,32.14
2026-STL-0611,Order,114-1000481-5070038,2026-06-11,PF-WHEY-VAN,1,44.99,0.00,-0.00,-6.75,-6.10,0.00,0.00,32.14
2026-STL-0611,Order,114-1000482-5015307,2026-06-11,PF-WHEY-VAN,1,44.99,0.00,-0.00,-6.75,-6.10,0.00,0.00,32.14
2026-STL-0611,Order,114-1000483-9953163,2026-06-11,PF-WHEY-VAN,1,44.99,0.00,-0.00,-6.75,-6.10,0.00,0.00,32.14
2026-STL-0611,Order,114-1000672-7516648,2026-06-11,PF-PREWKT-BERRY,2,65.98,0.00,-0.00,-9.90,-8.70,0.00,0.00,47.38
2026-STL-0611,Order,114-1000984-4834713,2026-06-11,PF-CREATINE-300,1,24.99,0.00,-5.00,-3.00,-4.05,0.00,0.00,12.94
2026-STL-0611,Order,114-1000985-8251427,2026-06-11,PF-CREATINE-300,1,24.99,0.00,-2.50,-3.37,-4.05,0.00,0.00,15.07
2026-STL-0611,Order,114-1000986-3509000,2026-06-11,PF-CREATINE-300,1,24.99,0.00,-2.50,-3.37,-4.05,0.00,0.00,15.07
2026-STL-0611,Order,114-1001134-3751363,2026-06-11,PF-BCAA-LEMON,1,27.99,0.00,-0.00,-4.20,-4.20,0.00,0.00,19.59
2026-STL-0611,Order,114-1001259-1062138,2026-06-11,PF-SHAKER-28,1,12.99,0.00,-1.30,-1.75,-3.45,0.00,0.00,6.49
2026-STL-0611,Order,114-1001352-1111046,2026-06-11,PF-VEGAN-CHOC,1,39.99,0.00,-0.00,-6.00,-6.10,0.00,0.00,27.89
2026-STL-0611,Order,114-1001353-8753086,2026-06-11,PF-VEGAN-CHOC,2,79.98,0.00,-0.00,-12.00,-12.20,0.00,0.00,55.78
2026-STL-0611,Order,114-1001450-1131971,2026-06-11,PF-ELECTRO-CITRUS,1,21.99,0.00,-0.00,-3.30,-3.95,0.00,0.00,14.74
2026-STL-0611,Order,114-1001783-6514500,2026-06-11,GT-SERUM-VITC,1,28.99,0.00,-2.90,-3.91,-3.55,0.00,0.00,18.63
2026-STL-0611,Order,114-1001784-1664503,2026-06-11,GT-SERUM-VITC,1,28.99,0.00,-0.00,-4.35,-3.55,0.00,0.00,21.09
2026-STL-0611,Order,114-1001785-5839473,2026-06-11,GT-SERUM-VITC,3,86.97,0.00,-0.00,-13.05,-10.65,0.00,0.00,63.27
2026-STL-0611,Order,114-1002127-2321583,2026-06-11,GT-SERUM-HA,1,24.99,0.00,-2.50,-3.37,-3.55,0.00,0.00,15.57
2026-STL-0611,Order,114-1002128-8611927,2026-06-11,GT-SERUM-HA,1,24.99,0.00,-0.00,-3.75,-3.55,0.00,0.00,17.69
2026-STL-0611,Order,114-1002129-4720435,2026-06-11,GT-SERUM-HA,1,24.99,0.00,-0.00,-3.75,-3.55,0.00,0.00,17.69
2026-STL-0611,Order,114-1002366-5922299,2026-06-11,GT-MOIST-50ML,1,22.99,0.00,-0.00,-3.45,-3.60,0.00,0.00,15.94
2026-STL-0611,Order,114-1002367-2808110,2026-06-11,GT-MOIST-50ML,2,45.98,0.00,-4.60,-6.21,-7.20,0.00,0.00,27.97
2026-STL-0611,Order,114-1002531-8633454,2026-06-11,GT-CLEANSE-150,1,16.99,0.00,-0.00,-2.55,-3.70,0.00,0.00,10.74
2026-STL-0611,Order,114-1002958-5367811,2026-06-11,GT-SPF30-TINT,1,23.99,0.00,-0.00,-3.60,-3.60,0.00,0.00,16.79
2026-STL-0611,Order,114-1002959-8474978,2026-06-11,GT-SPF30-TINT,1,23.99,0.00,-0.00,-3.60,-3.60,0.00,0.00,16.79
2026-STL-0611,Order,114-1003062-9979545,2026-06-11,GT-ROLLER-JADE,1,13.99,0.00,-0.00,-2.10,-3.40,0.00,0.00,8.49
2026-STL-0611,Order,114-1003274-5704514,2026-06-11,PH-CHEW-BULLY-6,2,59.98,0.00,-0.00,-9.00,-9.20,0.00,0.00,41.78
2026-STL-0611,Order,114-1003275-2568383,2026-06-11,PH-CHEW-BULLY-6,2,59.98,0.00,-6.00,-8.10,-9.20,0.00,0.00,36.68
2026-STL-0611,Order,114-1003276-5199616,2026-06-11,PH-CHEW-BULLY-6,1,29.99,0.00,-0.00,-4.50,-4.60,0.00,0.00,20.89
2026-STL-0611,Order,114-1003277-5046832,2026-06-11,PH-CHEW-BULLY-6,1,29.99,0.00,-0.00,-4.50,-4.60,0.00,0.00,20.89
2026-STL-0611,Order,114-1003579-1082417,2026-06-11,PH-TREAT-SALMON,1,18.99,0.00,-0.00,-2.85,-3.90,0.00,0.00,12.24
2026-STL-0611,Order,114-1003580-9386347,2026-06-11,PH-TREAT-SALMON,3,56.97,0.00,-0.00,-8.55,-11.70,0.00,0.00,36.72
2026-STL-0611,Order,114-1003581-1812293,2026-06-11,PH-TREAT-SALMON,3,56.97,0.00,-0.00,-8.55,-11.70,0.00,0.00,36.72
2026-STL-0611,Order,114-1003775-9521536,2026-06-11,PH-SHAMPOO-OAT,1,15.99,0.00,-1.60,-2.16,-3.95,0.00,0.00,8.28
2026-STL-0611,Order,114-1003942-9635016,2026-06-11,PH-TOY-ROPE-L,1,13.99,0.00,-0.00,-2.10,-3.75,0.00,0.00,8.14
2026-STL-0611,Order,114-1004074-7224122,2026-06-11,PH-BED-MED-GRY,1,42.99,0.00,-0.00,-6.45,-12.40,0.00,0.00,24.14
2026-STL-0611,Order,114-1004386-9053548,2026-06-11,PH-DENTAL-30CT,2,43.98,0.00,-0.00,-6.60,-8.20,0.00,0.00,29.18
2026-STL-0611,Order,114-1004387-1386843,2026-06-11,PH-DENTAL-30CT,1,21.99,0.00,-0.00,-3.30,-4.10,0.00,0.00,14.59
2026-STL-0611,Order,114-1004444-5651104,2026-06-11,GT-LIP-BALM,1,9.99,0.00,-0.00,-1.50,-3.35,0.00,0.00,5.14
2026-STL-0611,Order,114-1004445-7797319,2026-06-11,GT-LIP-BALM,1,9.99,0.00,-0.00,-1.50,-3.35,0.00,0.00,5.14
2026-STL-0612,Order,114-1000247-8990081,2026-06-12,PF-WHEY-CHOC,1,44.99,0.00,-0.00,-6.75,-6.10,0.00,0.00,32.14
2026-STL-0612,Order,114-1000248-8583392,2026-06-12,PF-WHEY-CHOC,1,44.99,0.00,-0.00,-6.75,-6.10,0.00,0.00,32.14
2026-STL-0612,Order,114-1000249-9748499,2026-06-12,PF-WHEY-CHOC,2,89.98,0.00,-0.00,-13.50,-12.20,0.00,0.00,64.28
2026-STL-0612,Order,114-1000250-9035982,2026-06-12,PF-WHEY-CHOC,1,44.99,0.00,-0.00,-6.75,-6.10,0.00,0.00,32.14
2026-STL-0612,Order,114-1000251-8441741,2026-06-12,PF-WHEY-CHOC,1,44.99,0.00,-0.00,-6.75,-6.10,0.00,0.00,32.14
2026-STL-0612,Order,114-1000484-9342928,2026-06-12,PF-WHEY-VAN,1,44.99,0.00,-0.00,-6.75,-6.10,0.00,0.00,32.14
2026-STL-0612,Order,114-1000485-6372622,2026-06-12,PF-WHEY-VAN,1,44.99,0.00,-0.00,-6.75,-6.10,0.00,0.00,32.14
2026-STL-0612,Order,114-1000486-4712363,2026-06-12,PF-WHEY-VAN,1,44.99,0.00,-0.00,-6.75,-6.10,0.00,0.00,32.14
2026-STL-0612,Order,114-1000487-8005797,2026-06-12,PF-WHEY-VAN,1,44.99,0.00,-0.00,-6.75,-6.10,0.00,0.00,32.14
2026-STL-0612,Order,114-1000673-7019382,2026-06-12,PF-PREWKT-BERRY,1,32.99,0.00,-0.00,-4.95,-4.35,0.00,0.00,23.69
2026-STL-0612,Order,114-1000674-3384080,2026-06-12,PF-PREWKT-BERRY,1,32.99,0.00,-0.00,-4.95,-4.35,0.00,0.00,23.69
2026-STL-0612,Order,114-1000675-9258194,2026-06-12,PF-PREWKT-BERRY,1,32.99,0.00,-6.60,-3.96,-4.35,0.00,0.00,18.08
2026-STL-0612,Order,114-1000987-3256060,2026-06-12,PF-CREATINE-300,1,24.99,0.00,-0.00,-3.75,-4.05,0.00,0.00,17.19
2026-STL-0612,Order,114-1000988-6297024,2026-06-12,PF-CREATINE-300,2,49.98,0.00,-0.00,-7.50,-8.10,0.00,0.00,34.38
2026-STL-0612,Order,114-1000989-1800429,2026-06-12,PF-CREATINE-300,1,24.99,0.00,-0.00,-3.75,-4.05,0.00,0.00,17.19
2026-STL-0612,Order,114-1000990-5266272,2026-06-12,PF-CREATINE-300,1,24.99,0.00,-0.00,-3.75,-4.05,0.00,0.00,17.19
2026-STL-0612,Order,114-1001135-9788196,2026-06-12,PF-BCAA-LEMON,1,27.99,0.00,-0.00,-4.20,-4.20,0.00,0.00,19.59
2026-STL-0612,Order,114-1001260-8315833,2026-06-12,PF-SHAKER-28,2,25.98,0.00,-0.00,-3.90,-6.90,0.00,0.00,15.18
2026-STL-0612,Refund,114-1001337-3618139,2026-06-12,PF-VEGAN-CHOC,-2,-79.98,0.00,8.00,8.64,0.00,0.00,0.00,-63.34
2026-STL-0612,Order,114-1001354-9230660,2026-06-12,PF-VEGAN-CHOC,1,39.99,0.00,-0.00,-6.00,-6.10,0.00,0.00,27.89
2026-STL-0612,Order,114-1001786-1907210,2026-06-12,GT-SERUM-VITC,1,28.99,0.00,-0.00,-4.35,-3.55,0.00,0.00,21.09
2026-STL-0612,Order,114-1001787-4731991,2026-06-12,GT-SERUM-VITC,1,28.99,0.00,-0.00,-4.35,-3.55,0.00,0.00,21.09
2026-STL-0612,Order,114-1001788-8421584,2026-06-12,GT-SERUM-VITC,1,28.99,0.00,-0.00,-4.35,-3.55,0.00,0.00,21.09
2026-STL-0612,Order,114-1001789-4229034,2026-06-12,GT-SERUM-VITC,1,28.99,0.00,-0.00,-4.35,-3.55,0.00,0.00,21.09
2026-STL-0612,Order,114-1002130-7343582,2026-06-12,GT-SERUM-HA,1,24.99,0.00,-0.00,-3.75,-3.55,0.00,0.00,17.69
2026-STL-0612,Order,114-1002131-3412052,2026-06-12,GT-SERUM-HA,1,24.99,0.00,-0.00,-3.75,-3.55,0.00,0.00,17.69
2026-STL-0612,Order,114-1002132-2735086,2026-06-12,GT-SERUM-HA,1,24.99,0.00,-0.00,-3.75,-3.55,0.00,0.00,17.69
2026-STL-0612,Order,114-1002368-7859779,2026-06-12,GT-MOIST-50ML,1,22.99,0.00,-0.00,-3.45,-3.60,0.00,0.00,15.94
2026-STL-0612,Order,114-1002369-9004511,2026-06-12,GT-MOIST-50ML,1,22.99,0.00,-0.00,-3.45,-3.60,0.00,0.00,15.94
2026-STL-0612,Order,114-1002370-9545877,2026-06-12,GT-MOIST-50ML,1,22.99,0.00,-0.00,-3.45,-3.60,0.00,0.00,15.94
2026-STL-0612,Order,114-1002371-7205454,2026-06-12,GT-MOIST-50ML,2,45.98,0.00,-0.00,-6.90,-7.20,0.00,0.00,31.88
2026-STL-0612,Order,114-1002532-9214484,2026-06-12,GT-CLEANSE-150,1,16.99,0.00,-0.00,-2.55,-3.70,0.00,0.00,10.74
2026-STL-0612,Order,114-1002677-7124824,2026-06-12,GT-MASK-CLAY,1,14.99,0.00,-0.00,-2.25,-3.85,0.00,0.00,8.89
2026-STL-0612,Order,114-1002791-2657259,2026-06-12,GT-EYE-CREAM,2,53.98,0.00,-5.40,-7.29,-7.00,0.00,0.00,34.29
2026-STL-0612,Order,114-1002960-1698940,2026-06-12,GT-SPF30-TINT,1,23.99,0.00,-0.00,-3.60,-3.60,0.00,0.00,16.79
2026-STL-0612,Order,114-1003063-8101189,2026-06-12,GT-ROLLER-JADE,1,13.99,0.00,-1.40,-1.89,-3.40,0.00,0.00,7.30
2026-STL-0612,Order,114-1003278-1106646,2026-06-12,PH-CHEW-BULLY-6,1,29.99,0.00,-0.00,-4.50,-4.60,0.00,0.00,20.89
2026-STL-0612,Order,114-1003279-7909008,2026-06-12,PH-CHEW-BULLY-6,1,29.99,0.00,-6.00,-3.60,-4.60,0.00,0.00,15.79
2026-STL-0612,Order,114-1003582-3640810,2026-06-12,PH-TREAT-SALMON,1,18.99,0.00,-0.00,-2.85,-3.90,0.00,0.00,12.24
2026-STL-0612,Order,114-1003583-8723303,2026-06-12,PH-TREAT-SALMON,1,18.99,0.00,-0.00,-2.85,-3.90,0.00,0.00,12.24
2026-STL-0612,Order,114-1003943-9955693,2026-06-12,PH-TOY-ROPE-L,1,13.99,0.00,-2.80,-1.68,-3.75,0.00,0.00,5.76
2026-STL-0612,Order,114-1004075-3277202,2026-06-12,PH-BED-MED-GRY,2,85.98,0.00,-0.00,-12.90,-24.80,0.00,0.00,48.28
2026-STL-0612,Order,114-1004184-6108877,2026-06-12,PH-BRUSH-DBL,1,12.99,0.00,-0.00,-1.95,-3.45,0.00,0.00,7.59
2026-STL-0612,Order,114-1004388-5178217,2026-06-12,PH-DENTAL-30CT,1,21.99,0.00,-0.00,-3.30,-4.10,0.00,0.00,14.59
2026-STL-0612,Order,114-1004389-5098984,2026-06-12,PH-DENTAL-30CT,2,43.98,0.00,-0.00,-6.60,-8.20,0.00,0.00,29.18
2026-STL-0612,Order,114-1004390-2428797,2026-06-12,PH-DENTAL-30CT,1,21.99,0.00,-0.00,-3.30,-4.10,0.00,0.00,14.59
2026-STL-0613,Order,114-1000252-2101965,2026-06-13,PF-WHEY-CHOC,1,44.99,0.00,-0.00,-6.75,-6.10,0.00,0.00,32.14
2026-STL-0613,Order,114-1000253-6455706,2026-06-13,PF-WHEY-CHOC,1,44.99,0.00,-0.00,-6.75,-6.10,0.00,0.00,32.14
2026-STL-0613,Order,114-1000254-9481739,2026-06-13,PF-WHEY-CHOC,1,44.99,0.00,-0.00,-6.75,-6.10,0.00,0.00,32.14
2026-STL-0613,Order,114-1000255-4607488,2026-06-13,PF-WHEY-CHOC,1,44.99,0.00,-0.00,-6.75,-6.10,0.00,0.00,32.14
2026-STL-0613,Order,114-1000488-6663388,2026-06-13,PF-WHEY-VAN,1,44.99,0.00,-0.00,-6.75,-6.10,0.00,0.00,32.14
2026-STL-0613,Order,114-1000489-9230828,2026-06-13,PF-WHEY-VAN,2,89.98,0.00,-18.00,-10.80,-12.20,0.00,0.00,48.98
2026-STL-0613,Order,114-1000490-3348114,2026-06-13,PF-WHEY-VAN,1,44.99,0.00,-0.00,-6.75,-6.10,0.00,0.00,32.14
2026-STL-0613,Order,114-1000991-5323737,2026-06-13,PF-CREATINE-300,1,24.99,0.00,-0.00,-3.75,-4.05,0.00,0.00,17.19
2026-STL-0613,Order,114-1000992-4337963,2026-06-13,PF-CREATINE-300,1,24.99,0.00,-0.00,-3.75,-4.05,0.00,0.00,17.19
2026-STL-0613,Order,114-1000993-5774942,2026-06-13,PF-CREATINE-300,1,24.99,0.00,-0.00,-3.75,-4.05,0.00,0.00,17.19
2026-STL-0613,Order,114-1001136-3682671,2026-06-13,PF-BCAA-LEMON,1,27.99,0.00,-5.60,-3.36,-4.20,0.00,0.00,14.83
2026-STL-0613,Order,114-1001261-7449562,2026-06-13,PF-SHAKER-28,1,12.99,0.00,-0.00,-1.95,-3.45,0.00,0.00,7.59
2026-STL-0613,Order,114-1001790-3106564,2026-06-13,GT-SERUM-VITC,3,86.97,0.00,-8.70,-11.74,-10.65,0.00,0.00,55.88
2026-STL-0613,Order,114-1001791-4428815,2026-06-13,GT-SERUM-VITC,1,28.99,0.00,-2.90,-3.91,-3.55,0.00,0.00,18.63
2026-STL-0613,Order,114-1001792-6225481,2026-06-13,GT-SERUM-VITC,1,28.99,0.00,-0.00,-4.35,-3.55,0.00,0.00,21.09
2026-STL-0613,Order,114-1001793-5177013,2026-06-13,GT-SERUM-VITC,1,28.99,0.00,-0.00,-4.35,-3.55,0.00,0.00,21.09
2026-STL-0613,Order,114-1001794-4378948,2026-06-13,GT-SERUM-VITC,1,28.99,0.00,-5.80,-3.48,-3.55,0.00,0.00,16.16
2026-STL-0613,Order,114-1001795-7032783,2026-06-13,GT-SERUM-VITC,1,28.99,0.00,-0.00,-4.35,-3.55,0.00,0.00,21.09
2026-STL-0613,Order,114-1002133-4030429,2026-06-13,GT-SERUM-HA,1,24.99,0.00,-0.00,-3.75,-3.55,0.00,0.00,17.69
2026-STL-0613,Order,114-1002134-4489198,2026-06-13,GT-SERUM-HA,1,24.99,0.00,-0.00,-3.75,-3.55,0.00,0.00,17.69
2026-STL-0613,Order,114-1002135-2234399,2026-06-13,GT-SERUM-HA,1,24.99,0.00,-0.00,-3.75,-3.55,0.00,0.00,17.69
2026-STL-0613,Order,114-1002136-8044872,2026-06-13,GT-SERUM-HA,1,24.99,0.00,-0.00,-3.75,-3.55,0.00,0.00,17.69
2026-STL-0613,Order,114-1002372-3964907,2026-06-13,GT-MOIST-50ML,1,22.99,0.00,-0.00,-3.45,-3.60,0.00,0.00,15.94
2026-STL-0613,Order,114-1002373-2625688,2026-06-13,GT-MOIST-50ML,1,22.99,0.00,-2.30,-3.10,-3.60,0.00,0.00,13.99
2026-STL-0613,Order,114-1002374-9685189,2026-06-13,GT-MOIST-50ML,1,22.99,0.00,-0.00,-3.45,-3.60,0.00,0.00,15.94
2026-STL-0613,Order,114-1002533-5968479,2026-06-13,GT-CLEANSE-150,1,16.99,0.00,-0.00,-2.55,-3.70,0.00,0.00,10.74
2026-STL-0613,Order,114-1002534-5919745,2026-06-13,GT-CLEANSE-150,1,16.99,0.00,-0.00,-2.55,-3.70,0.00,0.00,10.74
2026-STL-0613,Order,114-1002535-1597521,2026-06-13,GT-CLEANSE-150,1,16.99,0.00,-0.00,-2.55,-3.70,0.00,0.00,10.74
2026-STL-0613,Refund,114-1002663-7382330,2026-06-13,GT-MASK-CLAY,-1,-14.99,0.00,0.00,1.80,0.00,0.00,0.00,-13.19
2026-STL-0613,Order,114-1002678-9347594,2026-06-13,GT-MASK-CLAY,1,14.99,0.00,-0.00,-2.25,-3.85,0.00,0.00,8.89
2026-STL-0613,Order,114-1002792-9924232,2026-06-13,GT-EYE-CREAM,2,53.98,0.00,-0.00,-8.10,-7.00,0.00,0.00,38.88
2026-STL-0613,Order,114-1002793-5740596,2026-06-13,GT-EYE-CREAM,1,26.99,0.00,-0.00,-4.05,-3.50,0.00,0.00,19.44
2026-STL-0613,Order,114-1002961-4449113,2026-06-13,GT-SPF30-TINT,1,23.99,0.00,-2.40,-3.24,-3.60,0.00,0.00,14.75
2026-STL-0613,Order,114-1003064-5650204,2026-06-13,GT-ROLLER-JADE,1,13.99,0.00,-0.00,-2.10,-3.40,0.00,0.00,8.49
2026-STL-0613,Order,114-1003065-5475083,2026-06-13,GT-ROLLER-JADE,1,13.99,0.00,-0.00,-2.10,-3.40,0.00,0.00,8.49
2026-STL-0613,Order,114-1003280-4847505,2026-06-13,PH-CHEW-BULLY-6,1,29.99,0.00,-0.00,-4.50,-4.60,0.00,0.00,20.89
2026-STL-0613,Order,114-1003281-6854557,2026-06-13,PH-CHEW-BULLY-6,1,29.99,0.00,-0.00,-4.50,-4.60,0.00,0.00,20.89
2026-STL-0613,Order,114-1003584-2497141,2026-06-13,PH-TREAT-SALMON,1,18.99,0.00,-0.00,-2.85,-3.90,0.00,0.00,12.24
2026-STL-0613,Order,114-1003585-4031760,2026-06-13,PH-TREAT-SALMON,1,18.99,0.00,-0.00,-2.85,-3.90,0.00,0.00,12.24
2026-STL-0613,Order,114-1003586-3281479,2026-06-13,PH-TREAT-SALMON,1,18.99,0.00,-0.00,-2.85,-3.90,0.00,0.00,12.24
2026-STL-0613,Order,114-1003776-7479928,2026-06-13,PH-SHAMPOO-OAT,2,31.98,0.00,-0.00,-4.80,-7.90,0.00,0.00,19.28
2026-STL-0613,Order,114-1003944-7837787,2026-06-13,PH-TOY-ROPE-L,1,13.99,0.00,-0.00,-2.10,-3.75,0.00,0.00,8.14
2026-STL-0613,Order,114-1003945-2419946,2026-06-13,PH-TOY-ROPE-L,1,13.99,0.00,-0.00,-2.10,-3.75,0.00,0.00,8.14
2026-STL-0613,Order,114-1003946-4701106,2026-06-13,PH-TOY-ROPE-L,1,13.99,0.00,-0.00,-2.10,-3.75,0.00,0.00,8.14
2026-STL-0613,Order,114-1004076-4072102,2026-06-13,PH-BED-MED-GRY,1,42.99,0.00,-0.00,-6.45,-12.40,0.00,0.00,24.14
2026-STL-0613,Order,114-1004446-1733875,2026-06-13,GT-LIP-BALM,2,19.98,0.00,-2.00,-2.70,-6.70,0.00,0.00,8.58
2026-STL-0614,Order,114-1000256-2595275,2026-06-14,PF-WHEY-CHOC,2,89.98,0.00,-0.00,-13.50,-12.20,0.00,0.00,64.28
2026-STL-0614,Order,114-1000257-3560856,2026-06-14,PF-WHEY-CHOC,1,44.99,0.00,-0.00,-6.75,-6.10,0.00,0.00,32.14
2026-STL-0614,Order,114-1000258-2432176,2026-06-14,PF-WHEY-CHOC,1,44.99,0.00,-0.00,-6.75,-6.10,0.00,0.00,32.14
2026-STL-0614,Order,114-1000259-3182975,2026-06-14,PF-WHEY-CHOC,1,44.99,0.00,-0.00,-6.75,-6.10,0.00,0.00,32.14
2026-STL-0614,Order,114-1000491-1985360,2026-06-14,PF-WHEY-VAN,1,44.99,0.00,-4.50,-6.07,-6.10,0.00,0.00,28.32
2026-STL-0614,Order,114-1000492-1813936,2026-06-14,PF-WHEY-VAN,2,89.98,0.00,-0.00,-13.50,-12.20,0.00,0.00,64.28
2026-STL-0614,Order,114-1000493-4882808,2026-06-14,PF-WHEY-VAN,1,44.99,0.00,-4.50,-6.07,-6.10,0.00,0.00,28.32
2026-STL-0614,Order,114-1000676-1334336,2026-06-14,PF-PREWKT-BERRY,1,32.99,0.00,-0.00,-4.95,-4.35,0.00,0.00,23.69
2026-STL-0614,Order,114-1000677-4380011,2026-06-14,PF-PREWKT-BERRY,1,32.99,0.00,-3.30,-4.45,-4.35,0.00,0.00,20.89
2026-STL-0614,Order,114-1000994-8498243,2026-06-14,PF-CREATINE-300,1,24.99,0.00,-0.00,-3.75,-4.05,0.00,0.00,17.19
2026-STL-0614,Order,114-1000995-3430151,2026-06-14,PF-CREATINE-300,1,24.99,0.00,-0.00,-3.75,-4.05,0.00,0.00,17.19
2026-STL-0614,Order,114-1000996-8076906,2026-06-14,PF-CREATINE-300,1,24.99,0.00,-2.50,-3.37,-4.05,0.00,0.00,15.07
2026-STL-0614,Refund,114-1001347-7255068,2026-06-14,PF-VEGAN-CHOC,-2,-79.98,0.00,0.00,9.60,0.00,0.00,0.00,-70.38
2026-STL-0614,Order,114-1001355-8775431,2026-06-14,PF-VEGAN-CHOC,1,39.99,0.00,-0.00,-6.00,-6.10,0.00,0.00,27.89
2026-STL-0614,Order,114-1001451-4950370,2026-06-14,PF-ELECTRO-CITRUS,1,21.99,0.00,-0.00,-3.30,-3.95,0.00,0.00,14.74
2026-STL-0614,Order,114-1001452-8362611,2026-06-14,PF-ELECTRO-CITRUS,2,43.98,0.00,-0.00,-6.60,-7.90,0.00,0.00,29.48
2026-STL-0614,Order,114-1001453-7816395,2026-06-14,PF-ELECTRO-CITRUS,2,43.98,0.00,-0.00,-6.60,-7.90,0.00,0.00,29.48
2026-STL-0614,Order,114-1001796-3615206,2026-06-14,GT-SERUM-VITC,1,28.99,0.00,-0.00,-4.35,-3.55,0.00,0.00,21.09
2026-STL-0614,Order,114-1001797-7399154,2026-06-14,GT-SERUM-VITC,1,28.99,0.00,-0.00,-4.35,-3.55,0.00,0.00,21.09
2026-STL-0614,Order,114-1001798-6037049,2026-06-14,GT-SERUM-VITC,1,28.99,0.00,-2.90,-3.91,-3.55,0.00,0.00,18.63
2026-STL-0614,Order,114-1001799-5316638,2026-06-14,GT-SERUM-VITC,1,28.99,0.00,-0.00,-4.35,-3.55,0.00,0.00,21.09
2026-STL-0614,Order,114-1001800-9067229,2026-06-14,GT-SERUM-VITC,1,28.99,0.00,-0.00,-4.35,-3.55,0.00,0.00,21.09
2026-STL-0614,Refund,114-1002118-1548189,2026-06-14,GT-SERUM-HA,-1,-24.99,0.00,2.50,2.70,0.00,0.00,0.00,-19.79
2026-STL-0614,Order,114-1002137-3702870,2026-06-14,GT-SERUM-HA,1,24.99,0.00,-2.50,-3.37,-3.55,0.00,0.00,15.57
2026-STL-0614,Order,114-1002138-1527651,2026-06-14,GT-SERUM-HA,1,24.99,0.00,-0.00,-3.75,-3.55,0.00,0.00,17.69
2026-STL-0614,Order,114-1002139-1084130,2026-06-14,GT-SERUM-HA,1,24.99,0.00,-0.00,-3.75,-3.55,0.00,0.00,17.69
2026-STL-0614,Order,114-1002375-6344856,2026-06-14,GT-MOIST-50ML,1,22.99,0.00,-0.00,-3.45,-3.60,0.00,0.00,15.94
2026-STL-0614,Order,114-1002536-7647377,2026-06-14,GT-CLEANSE-150,1,16.99,0.00,-0.00,-2.55,-3.70,0.00,0.00,10.74
2026-STL-0614,Order,114-1002537-3426728,2026-06-14,GT-CLEANSE-150,1,16.99,0.00,-0.00,-2.55,-3.70,0.00,0.00,10.74
2026-STL-0614,Refund,114-1002666-4517141,2026-06-14,GT-MASK-CLAY,-1,-14.99,0.00,0.00,1.80,0.00,0.00,0.00,-13.19
2026-STL-0614,Order,114-1002679-1477784,2026-06-14,GT-MASK-CLAY,2,29.98,0.00,-0.00,-4.50,-7.70,0.00,0.00,17.78
2026-STL-0614,Order,114-1002794-8152449,2026-06-14,GT-EYE-CREAM,1,26.99,0.00,-0.00,-4.05,-3.50,0.00,0.00,19.44
2026-STL-0614,Order,114-1002795-9241629,2026-06-14,GT-EYE-CREAM,1,26.99,0.00,-0.00,-4.05,-3.50,0.00,0.00,19.44
2026-STL-0614,Order,114-1002962-6089714,2026-06-14,GT-SPF30-TINT,2,47.98,0.00,-0.00,-7.20,-7.20,0.00,0.00,33.58
2026-STL-0614,Refund,114-1003249-5229725,2026-06-14,PH-CHEW-BULLY-6,-2,-59.98,0.00,0.00,7.20,0.00,0.00,0.00,-52.78
2026-STL-0614,Order,114-1003282-1358384,2026-06-14,PH-CHEW-BULLY-6,1,29.99,0.00,-0.00,-4.50,-4.60,0.00,0.00,20.89
2026-STL-0614,Order,114-1003283-4929552,2026-06-14,PH-CHEW-BULLY-6,1,29.99,0.00,-3.00,-4.05,-4.60,0.00,0.00,18.34
2026-STL-0614,Order,114-1003284-4507628,2026-06-14,PH-CHEW-BULLY-6,1,29.99,0.00,-0.00,-4.50,-4.60,0.00,0.00,20.89
2026-STL-0614,Order,114-1003587-8342329,2026-06-14,PH-TREAT-SALMON,1,18.99,0.00,-1.90,-2.56,-3.90,0.00,0.00,10.63
2026-STL-0614,Order,114-1003588-4591821,2026-06-14,PH-TREAT-SALMON,1,18.99,0.00,-0.00,-2.85,-3.90,0.00,0.00,12.24
2026-STL-0614,Order,114-1003589-6659176,2026-06-14,PH-TREAT-SALMON,1,18.99,0.00,-0.00,-2.85,-3.90,0.00,0.00,12.24
2026-STL-0614,Order,114-1003947-3247776,2026-06-14,PH-TOY-ROPE-L,1,13.99,0.00,-0.00,-2.10,-3.75,0.00,0.00,8.14
2026-STL-0614,Order,114-1003948-8733173,2026-06-14,PH-TOY-ROPE-L,3,41.97,0.00,-0.00,-6.30,-11.25,0.00,0.00,24.42
2026-STL-0614,Order,114-1004077-7974040,2026-06-14,PH-BED-MED-GRY,1,42.99,0.00,-0.00,-6.45,-12.40,0.00,0.00,24.14
2026-STL-0614,Order,114-1004185-8671957,2026-06-14,PH-BRUSH-DBL,1,12.99,0.00,-0.00,-1.95,-3.45,0.00,0.00,7.59
2026-STL-0614,Order,114-1004186-6904629,2026-06-14,PH-BRUSH-DBL,1,12.99,0.00,-0.00,-1.95,-3.45,0.00,0.00,7.59
2026-STL-0614,Order,114-1004391-9409554,2026-06-14,PH-DENTAL-30CT,1,21.99,0.00,-0.00,-3.30,-4.10,0.00,0.00,14.59
2026-STL-0614,Order,114-1004392-3517945,2026-06-14,PH-DENTAL-30CT,1,21.99,0.00,-2.20,-2.97,-4.10,0.00,0.00,12.72
2026-STL-0614,Order,114-1004447-6217749,2026-06-14,GT-LIP-BALM,1,9.99,0.00,-1.00,-1.35,-3.35,0.00,0.00,4.29
2026-STL-0615,Order,114-1000260-6530541,2026-06-15,PF-WHEY-CHOC,1,44.99,0.00,-0.00,-6.75,-6.10,0.00,0.00,32.14
2026-STL-0615,Order,114-1000261-8095702,2026-06-15,PF-WHEY-CHOC,1,44.99,0.00,-4.50,-6.07,-6.10,0.00,0.00,28.32
2026-STL-0615,Order,114-1000262-6242022,2026-06-15,PF-WHEY-CHOC,1,44.99,0.00,-9.00,-5.40,-6.10,0.00,0.00,24.49
2026-STL-0615,Order,114-1000494-9106820,2026-06-15,PF-WHEY-VAN,1,44.99,0.00,-0.00,-6.75,-6.10,0.00,0.00,32.14
2026-STL-0615,Order,114-1000495-7901115,2026-06-15,PF-WHEY-VAN,1,44.99,0.00,-0.00,-6.75,-6.10,0.00,0.00,32.14
2026-STL-0615,Order,114-1000496-5809835,2026-06-15,PF-WHEY-VAN,1,44.99,0.00,-0.00,-6.75,-6.10,0.00,0.00,32.14
2026-STL-0615,Order,114-1000678-6428919,2026-06-15,PF-PREWKT-BERRY,1,32.99,0.00,-0.00,-4.95,-4.35,0.00,0.00,23.69
2026-STL-0615,Order,114-1000679-3376537,2026-06-15,PF-PREWKT-BERRY,1,32.99,0.00,-0.00,-4.95,-4.35,0.00,0.00,23.69
2026-STL-0615,Refund,114-1000936-4171246,2026-06-15,PF-CREATINE-300,-2,-49.98,0.00,0.00,6.00,0.00,0.00,0.00,-43.98
2026-STL-0615,Order,114-1000997-4828861,2026-06-15,PF-CREATINE-300,1,24.99,0.00,-0.00,-3.75,-4.05,0.00,0.00,17.19
2026-STL-0615,Order,114-1000998-7634639,2026-06-15,PF-CREATINE-300,1,24.99,0.00,-0.00,-3.75,-4.05,0.00,0.00,17.19
2026-STL-0615,Order,114-1000999-7092894,2026-06-15,PF-CREATINE-300,1,24.99,0.00,-2.50,-3.37,-4.05,0.00,0.00,15.07
2026-STL-0615,Order,114-1001137-3518087,2026-06-15,PF-BCAA-LEMON,2,55.98,0.00,-0.00,-8.40,-8.40,0.00,0.00,39.18
2026-STL-0615,Order,114-1001138-1860847,2026-06-15,PF-BCAA-LEMON,1,27.99,0.00,-0.00,-4.20,-4.20,0.00,0.00,19.59
2026-STL-0615,Order,114-1001262-7021650,2026-06-15,PF-SHAKER-28,1,12.99,0.00,-1.30,-1.75,-3.45,0.00,0.00,6.49
2026-STL-0615,Order,114-1001263-2521139,2026-06-15,PF-SHAKER-28,1,12.99,0.00,-0.00,-1.95,-3.45,0.00,0.00,7.59
2026-STL-0615,Order,114-1001454-7928341,2026-06-15,PF-ELECTRO-CITRUS,1,21.99,0.00,-0.00,-3.30,-3.95,0.00,0.00,14.74
2026-STL-0615,Order,114-1001801-3595845,2026-06-15,GT-SERUM-VITC,1,28.99,0.00,-0.00,-4.35,-3.55,0.00,0.00,21.09
2026-STL-0615,Order,114-1001802-7279004,2026-06-15,GT-SERUM-VITC,1,28.99,0.00,-2.90,-3.91,-3.55,0.00,0.00,18.63
2026-STL-0615,Order,114-1001803-7260332,2026-06-15,GT-SERUM-VITC,2,57.98,0.00,-5.80,-7.83,-7.10,0.00,0.00,37.25
2026-STL-0615,Order,114-1001804-2195114,2026-06-15,GT-SERUM-VITC,1,28.99,0.00,-5.80,-3.48,-3.55,0.00,0.00,16.16
2026-STL-0615,Order,114-1001805-7456309,2026-06-15,GT-SERUM-VITC,1,28.99,0.00,-2.90,-3.91,-3.55,0.00,0.00,18.63
2026-STL-0615,Order,114-1001806-5282525,2026-06-15,GT-SERUM-VITC,1,28.99,0.00,-0.00,-4.35,-3.55,0.00,0.00,21.09
2026-STL-0615,Order,114-1002140-1386516,2026-06-15,GT-SERUM-HA,1,24.99,0.00,-0.00,-3.75,-3.55,0.00,0.00,17.69
2026-STL-0615,Order,114-1002141-7121849,2026-06-15,GT-SERUM-HA,1,24.99,0.00,-0.00,-3.75,-3.55,0.00,0.00,17.69
2026-STL-0615,Order,114-1002142-4686979,2026-06-15,GT-SERUM-HA,1,24.99,0.00,-0.00,-3.75,-3.55,0.00,0.00,17.69
2026-STL-0615,Order,114-1002143-5591361,2026-06-15,GT-SERUM-HA,1,24.99,0.00,-0.00,-3.75,-3.55,0.00,0.00,17.69
2026-STL-0615,Order,114-1002376-4534635,2026-06-15,GT-MOIST-50ML,2,45.98,0.00,-0.00,-6.90,-7.20,0.00,0.00,31.88
2026-STL-0615,Order,114-1002377-6274209,2026-06-15,GT-MOIST-50ML,1,22.99,0.00,-2.30,-3.10,-3.60,0.00,0.00,13.99
2026-STL-0615,Refund,114-1002522-9064003,2026-06-15,GT-CLEANSE-150,-1,-16.99,0.00,0.00,2.04,0.00,0.00,0.00,-14.95
2026-STL-0615,Order,114-1002538-5095330,2026-06-15,GT-CLEANSE-150,3,50.97,0.00,-0.00,-7.65,-11.10,0.00,0.00,32.22
2026-STL-0615,Refund,114-1002668-9535161,2026-06-15,GT-MASK-CLAY,-1,-14.99,0.00,0.00,1.80,0.00,0.00,0.00,-13.19
2026-STL-0615,Order,114-1002680-1574162,2026-06-15,GT-MASK-CLAY,1,14.99,0.00,-1.50,-2.02,-3.85,0.00,0.00,7.62
2026-STL-0615,Order,114-1002681-7325627,2026-06-15,GT-MASK-CLAY,1,14.99,0.00,-0.00,-2.25,-3.85,0.00,0.00,8.89
2026-STL-0615,Order,114-1002963-5233438,2026-06-15,GT-SPF30-TINT,1,23.99,0.00,-0.00,-3.60,-3.60,0.00,0.00,16.79
2026-STL-0615,Order,114-1002964-4035319,2026-06-15,GT-SPF30-TINT,1,23.99,0.00,-0.00,-3.60,-3.60,0.00,0.00,16.79
2026-STL-0615,Order,114-1003066-4688845,2026-06-15,GT-ROLLER-JADE,1,13.99,0.00,-0.00,-2.10,-3.40,0.00,0.00,8.49
2026-STL-0615,Refund,114-1003263-6726001,2026-06-15,PH-CHEW-BULLY-6,-1,-29.99,0.00,0.00,3.60,0.00,0.00,0.00,-26.39
2026-STL-0615,Order,114-1003285-8540805,2026-06-15,PH-CHEW-BULLY-6,1,29.99,0.00,-0.00,-4.50,-4.60,0.00,0.00,20.89
2026-STL-0615,Order,114-1003286-4425296,2026-06-15,PH-CHEW-BULLY-6,1,29.99,0.00,-0.00,-4.50,-4.60,0.00,0.00,20.89
2026-STL-0615,Order,114-1003590-6057746,2026-06-15,PH-TREAT-SALMON,1,18.99,0.00,-0.00,-2.85,-3.90,0.00,0.00,12.24
2026-STL-0615,Order,114-1003591-5731929,2026-06-15,PH-TREAT-SALMON,1,18.99,0.00,-0.00,-2.85,-3.90,0.00,0.00,12.24
2026-STL-0615,Order,114-1003592-7623371,2026-06-15,PH-TREAT-SALMON,1,18.99,0.00,-0.00,-2.85,-3.90,0.00,0.00,12.24
2026-STL-0615,Order,114-1003593-1146669,2026-06-15,PH-TREAT-SALMON,1,18.99,0.00,-0.00,-2.85,-3.90,0.00,0.00,12.24
2026-STL-0615,Order,114-1003777-2559282,2026-06-15,PH-SHAMPOO-OAT,1,15.99,0.00,-0.00,-2.40,-3.95,0.00,0.00,9.64
2026-STL-0615,Order,114-1003949-4773411,2026-06-15,PH-TOY-ROPE-L,1,13.99,0.00,-0.00,-2.10,-3.75,0.00,0.00,8.14
2026-STL-0615,Order,114-1003950-1582747,2026-06-15,PH-TOY-ROPE-L,2,27.98,0.00,-2.80,-3.78,-7.50,0.00,0.00,13.90
2026-STL-0615,Order,114-1004078-7647888,2026-06-15,PH-BED-MED-GRY,1,42.99,0.00,-4.30,-5.80,-12.40,0.00,0.00,20.49
2026-STL-0615,Order,114-1004187-4247083,2026-06-15,PH-BRUSH-DBL,1,12.99,0.00,-2.60,-1.56,-3.45,0.00,0.00,5.38
2026-STL-0615,Order,114-1004188-2888184,2026-06-15,PH-BRUSH-DBL,1,12.99,0.00,-1.30,-1.75,-3.45,0.00,0.00,6.49
2026-STL-0615,Order,114-1004393-1201969,2026-06-15,PH-DENTAL-30CT,1,21.99,0.00,-0.00,-3.30,-4.10,0.00,0.00,14.59
2026-STL-0615,Order,114-1004394-5659604,2026-06-15,PH-DENTAL-30CT,1,21.99,0.00,-0.00,-3.30,-4.10,0.00,0.00,14.59
2026-STL-0615,Order,114-1004448-1491699,2026-06-15,GT-LIP-BALM,1,9.99,0.00,-0.00,-1.50,-3.35,0.00,0.00,5.14
2026-STL-0616,Order,114-1000263-2815603,2026-06-16,PF-WHEY-CHOC,1,44.99,0.00,-0.00,-6.75,-6.10,0.00,0.00,32.14
2026-STL-0616,Order,114-1000264-5673599,2026-06-16,PF-WHEY-CHOC,1,44.99,0.00,-0.00,-6.75,-6.10,0.00,0.00,32.14
2026-STL-0616,Order,114-1000265-1440466,2026-06-16,PF-WHEY-CHOC,1,44.99,0.00,-4.50,-6.07,-6.10,0.00,0.00,28.32
2026-STL-0616,Order,114-1000266-1485753,2026-06-16,PF-WHEY-CHOC,1,44.99,0.00,-0.00,-6.75,-6.10,0.00,0.00,32.14
2026-STL-0616,Order,114-1000497-4007598,2026-06-16,PF-WHEY-VAN,1,44.99,0.00,-0.00,-6.75,-6.10,0.00,0.00,32.14
2026-STL-0616,Order,114-1000498-4220085,2026-06-16,PF-WHEY-VAN,1,44.99,0.00,-0.00,-6.75,-6.10,0.00,0.00,32.14
2026-STL-0616,Order,114-1000499-7658817,2026-06-16,PF-WHEY-VAN,1,44.99,0.00,-0.00,-6.75,-6.10,0.00,0.00,32.14
2026-STL-0616,Order,114-1000680-7636992,2026-06-16,PF-PREWKT-BERRY,3,98.97,0.00,-0.00,-14.85,-13.05,0.00,0.00,71.07
2026-STL-0616,Order,114-1000681-3642476,2026-06-16,PF-PREWKT-BERRY,1,32.99,0.00,-0.00,-4.95,-4.35,0.00,0.00,23.69
2026-STL-0616,Order,114-1000682-9173859,2026-06-16,PF-PREWKT-BERRY,1,32.99,0.00,-0.00,-4.95,-4.35,0.00,0.00,23.69
2026-STL-0616,Order,114-1001000-3807132,2026-06-16,PF-CREATINE-300,1,24.99,0.00,-0.00,-3.75,-4.05,0.00,0.00,17.19
2026-STL-0616,Order,114-1001001-5221936,2026-06-16,PF-CREATINE-300,1,24.99,0.00,-0.00,-3.75,-4.05,0.00,0.00,17.19
2026-STL-0616,Order,114-1001002-3800292,2026-06-16,PF-CREATINE-300,1,24.99,0.00,-0.00,-3.75,-4.05,0.00,0.00,17.19
2026-STL-0616,Order,114-1001003-8938740,2026-06-16,PF-CREATINE-300,1,24.99,0.00,-2.50,-3.37,-4.05,0.00,0.00,15.07
2026-STL-0616,Order,114-1001139-2972228,2026-06-16,PF-BCAA-LEMON,1,27.99,0.00,-0.00,-4.20,-4.20,0.00,0.00,19.59
2026-STL-0616,Order,114-1001264-8711468,2026-06-16,PF-SHAKER-28,2,25.98,0.00,-0.00,-3.90,-6.90,0.00,0.00,15.18
2026-STL-0616,Order,114-1001356-8927925,2026-06-16,PF-VEGAN-CHOC,1,39.99,0.00,-0.00,-6.00,-6.10,0.00,0.00,27.89
2026-STL-0616,Order,114-1001455-2684358,2026-06-16,PF-ELECTRO-CITRUS,1,21.99,0.00,-0.00,-3.30,-3.95,0.00,0.00,14.74
2026-STL-0616,Order,114-1001456-6903169,2026-06-16,PF-ELECTRO-CITRUS,1,21.99,0.00,-0.00,-3.30,-3.95,0.00,0.00,14.74
2026-STL-0616,Order,114-1001807-7177044,2026-06-16,GT-SERUM-VITC,1,28.99,0.00,-0.00,-4.35,-3.55,0.00,0.00,21.09
2026-STL-0616,Order,114-1001808-5140479,2026-06-16,GT-SERUM-VITC,1,28.99,0.00,-2.90,-3.91,-3.55,0.00,0.00,18.63
2026-STL-0616,Order,114-1001809-1474058,2026-06-16,GT-SERUM-VITC,1,28.99,0.00,-2.90,-3.91,-3.55,0.00,0.00,18.63
2026-STL-0616,Order,114-1001810-8641531,2026-06-16,GT-SERUM-VITC,1,28.99,0.00,-0.00,-4.35,-3.55,0.00,0.00,21.09
2026-STL-0616,Order,114-1001811-3708302,2026-06-16,GT-SERUM-VITC,1,28.99,0.00,-0.00,-4.35,-3.55,0.00,0.00,21.09
2026-STL-0616,Refund,114-1002115-7640565,2026-06-16,GT-SERUM-HA,-2,-49.98,0.00,0.00,6.00,0.00,0.00,0.00,-43.98
2026-STL-0616,Order,114-1002144-5937884,2026-06-16,GT-SERUM-HA,2,49.98,0.00,-0.00,-7.50,-7.10,0.00,0.00,35.38
2026-STL-0616,Order,114-1002145-7709915,2026-06-16,GT-SERUM-HA,1,24.99,0.00,-0.00,-3.75,-3.55,0.00,0.00,17.69
2026-STL-0616,Order,114-1002378-3840731,2026-06-16,GT-MOIST-50ML,1,22.99,0.00,-0.00,-3.45,-3.60,0.00,0.00,15.94
2026-STL-0616,Order,114-1002379-2780388,2026-06-16,GT-MOIST-50ML,2,45.98,0.00,-9.20,-5.52,-7.20,0.00,0.00,24.06
2026-STL-0616,Order,114-1002380-4470251,2026-06-16,GT-MOIST-50ML,1,22.99,0.00,-0.00,-3.45,-3.60,0.00,0.00,15.94
2026-STL-0616,Order,114-1002539-9783858,2026-06-16,GT-CLEANSE-150,2,33.98,0.00,-3.40,-4.59,-7.40,0.00,0.00,18.59
2026-STL-0616,Order,114-1002540-1642355,2026-06-16,GT-CLEANSE-150,1,16.99,0.00,-0.00,-2.55,-3.70,0.00,0.00,10.74
2026-STL-0616,Order,114-1002682-4736280,2026-06-16,GT-MASK-CLAY,1,14.99,0.00,-0.00,-2.25,-3.85,0.00,0.00,8.89
2026-STL-0616,Order,114-1002683-7963833,2026-06-16,GT-MASK-CLAY,1,14.99,0.00,-0.00,-2.25,-3.85,0.00,0.00,8.89
2026-STL-0616,Order,114-1002796-5818314,2026-06-16,GT-EYE-CREAM,1,26.99,0.00,-5.40,-3.24,-3.50,0.00,0.00,14.85
2026-STL-0616,Order,114-1002965-7555770,2026-06-16,GT-SPF30-TINT,1,23.99,0.00,-0.00,-3.60,-3.60,0.00,0.00,16.79
2026-STL-0616,Order,114-1002966-5787252,2026-06-16,GT-SPF30-TINT,1,23.99,0.00,-0.00,-3.60,-3.60,0.00,0.00,16.79
2026-STL-0616,Order,114-1002967-2303155,2026-06-16,GT-SPF30-TINT,1,23.99,0.00,-2.40,-3.24,-3.60,0.00,0.00,14.75
2026-STL-0616,Order,114-1003067-1292604,2026-06-16,GT-ROLLER-JADE,3,41.97,0.00,-0.00,-6.30,-10.20,0.00,0.00,25.47
2026-STL-0616,Order,114-1003068-5525304,2026-06-16,GT-ROLLER-JADE,1,13.99,0.00,-0.00,-2.10,-3.40,0.00,0.00,8.49
2026-STL-0616,Order,114-1003287-2061460,2026-06-16,PH-CHEW-BULLY-6,2,59.98,0.00,-0.00,-9.00,-9.20,0.00,0.00,41.78
2026-STL-0616,Order,114-1003288-3875197,2026-06-16,PH-CHEW-BULLY-6,1,29.99,0.00,-0.00,-4.50,-4.60,0.00,0.00,20.89
2026-STL-0616,Order,114-1003289-8052414,2026-06-16,PH-CHEW-BULLY-6,1,29.99,0.00,-0.00,-4.50,-4.60,0.00,0.00,20.89
2026-STL-0616,Order,114-1003594-5810245,2026-06-16,PH-TREAT-SALMON,1,18.99,0.00,-0.00,-2.85,-3.90,0.00,0.00,12.24
2026-STL-0616,Order,114-1003595-4248973,2026-06-16,PH-TREAT-SALMON,1,18.99,0.00,-1.90,-2.56,-3.90,0.00,0.00,10.63
2026-STL-0616,Order,114-1003596-7383657,2026-06-16,PH-TREAT-SALMON,1,18.99,0.00,-3.80,-2.28,-3.90,0.00,0.00,9.01
2026-STL-0616,Order,114-1003597-1020737,2026-06-16,PH-TREAT-SALMON,1,18.99,0.00,-0.00,-2.85,-3.90,0.00,0.00,12.24
2026-STL-0616,Order,114-1003778-5093114,2026-06-16,PH-SHAMPOO-OAT,1,15.99,0.00,-1.60,-2.16,-3.95,0.00,0.00,8.28
2026-STL-0616,Order,114-1003779-1794647,2026-06-16,PH-SHAMPOO-OAT,1,15.99,0.00,-0.00,-2.40,-3.95,0.00,0.00,9.64
2026-STL-0616,Order,114-1003780-3319495,2026-06-16,PH-SHAMPOO-OAT,1,15.99,0.00,-0.00,-2.40,-3.95,0.00,0.00,9.64
2026-STL-0616,Order,114-1003951-7137849,2026-06-16,PH-TOY-ROPE-L,1,13.99,0.00,-0.00,-2.10,-3.75,0.00,0.00,8.14
2026-STL-0616,Order,114-1003952-7272364,2026-06-16,PH-TOY-ROPE-L,1,13.99,0.00,-0.00,-2.10,-3.75,0.00,0.00,8.14
2026-STL-0616,Order,114-1003953-7549897,2026-06-16,PH-TOY-ROPE-L,1,13.99,0.00,-1.40,-1.89,-3.75,0.00,0.00,6.95
2026-STL-0616,Refund,114-1004056-5425734,2026-06-16,PH-BED-MED-GRY,-2,-85.98,0.00,8.60,9.29,0.00,0.00,0.00,-68.09
2026-STL-0616,Order,114-1004079-6264565,2026-06-16,PH-BED-MED-GRY,1,42.99,0.00,-4.30,-5.80,-12.40,0.00,0.00,20.49
2026-STL-0616,Order,114-1004189-9707166,2026-06-16,PH-BRUSH-DBL,1,12.99,0.00,-1.30,-1.75,-3.45,0.00,0.00,6.49
2026-STL-0616,Order,114-1004395-5200727,2026-06-16,PH-DENTAL-30CT,2,43.98,0.00,-0.00,-6.60,-8.20,0.00,0.00,29.18
2026-STL-0616,Order,114-1004396-7785074,2026-06-16,PH-DENTAL-30CT,2,43.98,0.00,-0.00,-6.60,-8.20,0.00,0.00,29.18
2026-STL-0616,Order,114-1004397-1982476,2026-06-16,PH-DENTAL-30CT,1,21.99,0.00,-0.00,-3.30,-4.10,0.00,0.00,14.59
2026-STL-0616,Order,114-1004398-1268971,2026-06-16,PH-DENTAL-30CT,1,21.99,0.00,-0.00,-3.30,-4.10,0.00,0.00,14.59
2026-STL-0617,Order,114-1000267-6701311,2026-06-17,PF-WHEY-CHOC,1,44.99,0.00,-0.00,-6.75,-6.10,0.00,0.00,32.14
2026-STL-0617,Order,114-1000268-7724045,2026-06-17,PF-WHEY-CHOC,1,44.99,0.00,-0.00,-6.75,-6.10,0.00,0.00,32.14
2026-STL-0617,Order,114-1000269-2539438,2026-06-17,PF-WHEY-CHOC,1,44.99,0.00,-9.00,-5.40,-6.10,0.00,0.00,24.49
2026-STL-0617,Order,114-1000270-6719285,2026-06-17,PF-WHEY-CHOC,1,44.99,0.00,-0.00,-6.75,-6.10,0.00,0.00,32.14
2026-STL-0617,Order,114-1000500-6032739,2026-06-17,PF-WHEY-VAN,1,44.99,0.00,-0.00,-6.75,-6.10,0.00,0.00,32.14
2026-STL-0617,Order,114-1000501-1531577,2026-06-17,PF-WHEY-VAN,2,89.98,0.00,-0.00,-13.50,-12.20,0.00,0.00,64.28
2026-STL-0617,Order,114-1000502-1941452,2026-06-17,PF-WHEY-VAN,1,44.99,0.00,-0.00,-6.75,-6.10,0.00,0.00,32.14
2026-STL-0617,Order,114-1000503-8279795,2026-06-17,PF-WHEY-VAN,1,44.99,0.00,-0.00,-6.75,-6.10,0.00,0.00,32.14
2026-STL-0617,Order,114-1000683-6986539,2026-06-17,PF-PREWKT-BERRY,1,32.99,0.00,-6.60,-3.96,-4.35,0.00,0.00,18.08
2026-STL-0617,Order,114-1001004-5403218,2026-06-17,PF-CREATINE-300,1,24.99,0.00,-0.00,-3.75,-4.05,0.00,0.00,17.19
2026-STL-0617,Order,114-1001005-7540534,2026-06-17,PF-CREATINE-300,1,24.99,0.00,-2.50,-3.37,-4.05,0.00,0.00,15.07
2026-STL-0617,Order,114-1001006-3120836,2026-06-17,PF-CREATINE-300,1,24.99,0.00,-0.00,-3.75,-4.05,0.00,0.00,17.19
2026-STL-0617,Order,114-1001007-6986802,2026-06-17,PF-CREATINE-300,2,49.98,0.00,-0.00,-7.50,-8.10,0.00,0.00,34.38
2026-STL-0617,Order,114-1001008-5570355,2026-06-17,PF-CREATINE-300,1,24.99,0.00,-0.00,-3.75,-4.05,0.00,0.00,17.19
2026-STL-0617,Order,114-1001009-3970181,2026-06-17,PF-CREATINE-300,1,24.99,0.00,-2.50,-3.37,-4.05,0.00,0.00,15.07
2026-STL-0617,Order,114-1001140-5246497,2026-06-17,PF-BCAA-LEMON,3,83.97,0.00,-0.00,-12.60,-12.60,0.00,0.00,58.77
2026-STL-0617,Order,114-1001141-1096478,2026-06-17,PF-BCAA-LEMON,2,55.98,0.00,-0.00,-8.40,-8.40,0.00,0.00,39.18
2026-STL-0617,Order,114-1001142-8981122,2026-06-17,PF-BCAA-LEMON,1,27.99,0.00,-0.00,-4.20,-4.20,0.00,0.00,19.59
2026-STL-0617,Order,114-1001265-4204501,2026-06-17,PF-SHAKER-28,1,12.99,0.00,-2.60,-1.56,-3.45,0.00,0.00,5.38
2026-STL-0617,Order,114-1001266-7027401,2026-06-17,PF-SHAKER-28,1,12.99,0.00,-0.00,-1.95,-3.45,0.00,0.00,7.59
2026-STL-0617,Order,114-1001457-1874073,2026-06-17,PF-ELECTRO-CITRUS,1,21.99,0.00,-0.00,-3.30,-3.95,0.00,0.00,14.74
2026-STL-0617,Order,114-1001812-7448284,2026-06-17,GT-SERUM-VITC,1,28.99,0.00,-0.00,-4.35,-3.55,0.00,0.00,21.09
2026-STL-0617,Order,114-1001813-9699607,2026-06-17,GT-SERUM-VITC,1,28.99,0.00,-2.90,-3.91,-3.55,0.00,0.00,18.63
2026-STL-0617,Order,114-1001814-8161714,2026-06-17,GT-SERUM-VITC,2,57.98,0.00,-0.00,-8.70,-7.10,0.00,0.00,42.18
2026-STL-0617,Order,114-1001815-7422127,2026-06-17,GT-SERUM-VITC,1,28.99,0.00,-5.80,-3.48,-3.55,0.00,0.00,16.16
2026-STL-0617,Order,114-1001816-2491048,2026-06-17,GT-SERUM-VITC,1,28.99,0.00,-0.00,-4.35,-3.55,0.00,0.00,21.09
2026-STL-0617,Order,114-1002146-7590525,2026-06-17,GT-SERUM-HA,2,49.98,0.00,-0.00,-7.50,-7.10,0.00,0.00,35.38
2026-STL-0617,Order,114-1002147-3779198,2026-06-17,GT-SERUM-HA,1,24.99,0.00,-0.00,-3.75,-3.55,0.00,0.00,17.69
2026-STL-0617,Order,114-1002148-8485284,2026-06-17,GT-SERUM-HA,2,49.98,0.00,-0.00,-7.50,-7.10,0.00,0.00,35.38
2026-STL-0617,Order,114-1002149-2804542,2026-06-17,GT-SERUM-HA,1,24.99,0.00,-2.50,-3.37,-3.55,0.00,0.00,15.57
2026-STL-0617,Order,114-1002381-1666811,2026-06-17,GT-MOIST-50ML,1,22.99,0.00,-0.00,-3.45,-3.60,0.00,0.00,15.94
2026-STL-0617,Order,114-1002382-1111821,2026-06-17,GT-MOIST-50ML,1,22.99,0.00,-0.00,-3.45,-3.60,0.00,0.00,15.94
2026-STL-0617,Order,114-1002383-5728448,2026-06-17,GT-MOIST-50ML,2,45.98,0.00,-0.00,-6.90,-7.20,0.00,0.00,31.88
2026-STL-0617,Order,114-1002541-2321455,2026-06-17,GT-CLEANSE-150,2,33.98,0.00,-0.00,-5.10,-7.40,0.00,0.00,21.48
2026-STL-0617,Order,114-1002542-7723294,2026-06-17,GT-CLEANSE-150,1,16.99,0.00,-0.00,-2.55,-3.70,0.00,0.00,10.74
2026-STL-0617,Order,114-1002543-2330152,2026-06-17,GT-CLEANSE-150,1,16.99,0.00,-0.00,-2.55,-3.70,0.00,0.00,10.74
2026-STL-0617,Order,114-1002684-1012106,2026-06-17,GT-MASK-CLAY,1,14.99,0.00,-0.00,-2.25,-3.85,0.00,0.00,8.89
2026-STL-0617,Order,114-1002797-6152615,2026-06-17,GT-EYE-CREAM,1,26.99,0.00,-2.70,-3.64,-3.50,0.00,0.00,17.15
2026-STL-0617,Order,114-1002968-1839331,2026-06-17,GT-SPF30-TINT,2,47.98,0.00,-4.80,-6.48,-7.20,0.00,0.00,29.50
2026-STL-0617,Order,114-1002969-6090988,2026-06-17,GT-SPF30-TINT,2,47.98,0.00,-4.80,-6.48,-7.20,0.00,0.00,29.50
2026-STL-0617,Order,114-1002970-2631293,2026-06-17,GT-SPF30-TINT,1,23.99,0.00,-4.80,-2.88,-3.60,0.00,0.00,12.71
2026-STL-0617,Order,114-1002971-8099541,2026-06-17,GT-SPF30-TINT,1,23.99,0.00,-0.00,-3.60,-3.60,0.00,0.00,16.79
2026-STL-0617,Order,114-1002972-1375717,2026-06-17,GT-SPF30-TINT,1,23.99,0.00,-0.00,-3.60,-3.60,0.00,0.00,16.79
2026-STL-0617,Order,114-1003069-3779020,2026-06-17,GT-ROLLER-JADE,1,13.99,0.00,-0.00,-2.10,-3.40,0.00,0.00,8.49
2026-STL-0617,Order,114-1003070-1053156,2026-06-17,GT-ROLLER-JADE,2,27.98,0.00,-0.00,-4.20,-6.80,0.00,0.00,16.98
2026-STL-0617,Order,114-1003290-3579324,2026-06-17,PH-CHEW-BULLY-6,1,29.99,0.00,-0.00,-4.50,-4.60,0.00,0.00,20.89
2026-STL-0617,Order,114-1003291-3788191,2026-06-17,PH-CHEW-BULLY-6,1,29.99,0.00,-0.00,-4.50,-4.60,0.00,0.00,20.89
2026-STL-0617,Order,114-1003598-9330861,2026-06-17,PH-TREAT-SALMON,1,18.99,0.00,-0.00,-2.85,-3.90,0.00,0.00,12.24
2026-STL-0617,Order,114-1003599-8612398,2026-06-17,PH-TREAT-SALMON,1,18.99,0.00,-0.00,-2.85,-3.90,0.00,0.00,12.24
2026-STL-0617,Order,114-1003600-7023290,2026-06-17,PH-TREAT-SALMON,1,18.99,0.00,-0.00,-2.85,-3.90,0.00,0.00,12.24
2026-STL-0617,Order,114-1003601-3186635,2026-06-17,PH-TREAT-SALMON,1,18.99,0.00,-0.00,-2.85,-3.90,0.00,0.00,12.24
2026-STL-0617,Order,114-1003781-6308180,2026-06-17,PH-SHAMPOO-OAT,1,15.99,0.00,-1.60,-2.16,-3.95,0.00,0.00,8.28
2026-STL-0617,Order,114-1003782-4331212,2026-06-17,PH-SHAMPOO-OAT,1,15.99,0.00,-0.00,-2.40,-3.95,0.00,0.00,9.64
2026-STL-0617,Order,114-1003954-5500507,2026-06-17,PH-TOY-ROPE-L,1,13.99,0.00,-0.00,-2.10,-3.75,0.00,0.00,8.14
2026-STL-0617,Order,114-1003955-6628815,2026-06-17,PH-TOY-ROPE-L,2,27.98,0.00,-2.80,-3.78,-7.50,0.00,0.00,13.90
2026-STL-0617,Order,114-1004080-5707347,2026-06-17,PH-BED-MED-GRY,2,85.98,0.00,-0.00,-12.90,-24.80,0.00,0.00,48.28
2026-STL-0617,Order,114-1004190-2792105,2026-06-17,PH-BRUSH-DBL,1,12.99,0.00,-1.30,-1.75,-3.45,0.00,0.00,6.49
2026-STL-0617,Order,114-1004399-2536829,2026-06-17,PH-DENTAL-30CT,1,21.99,0.00,-0.00,-3.30,-4.10,0.00,0.00,14.59
2026-STL-0617,Order,114-1004400-4732799,2026-06-17,PH-DENTAL-30CT,1,21.99,0.00,-0.00,-3.30,-4.10,0.00,0.00,14.59
2026-STL-0617,Order,114-1004401-1018934,2026-06-17,PH-DENTAL-30CT,1,21.99,0.00,-0.00,-3.30,-4.10,0.00,0.00,14.59
2026-STL-0618,Order,114-1000271-1882629,2026-06-18,PF-WHEY-CHOC,2,89.98,0.00,-0.00,-13.50,-12.20,0.00,0.00,64.28
2026-STL-0618,Order,114-1000272-2368710,2026-06-18,PF-WHEY-CHOC,1,44.99,0.00,-0.00,-6.75,-6.10,0.00,0.00,32.14
2026-STL-0618,Order,114-1000273-8416270,2026-06-18,PF-WHEY-CHOC,1,44.99,0.00,-0.00,-6.75,-6.10,0.00,0.00,32.14
2026-STL-0618,Order,114-1000274-6791039,2026-06-18,PF-WHEY-CHOC,1,44.99,0.00,-0.00,-6.75,-6.10,0.00,0.00,32.14
2026-STL-0618,Order,114-1000504-2599906,2026-06-18,PF-WHEY-VAN,1,44.99,0.00,-9.00,-5.40,-6.10,0.00,0.00,24.49
2026-STL-0618,Order,114-1000505-8977571,2026-06-18,PF-WHEY-VAN,2,89.98,0.00,-0.00,-13.50,-12.20,0.00,0.00,64.28
2026-STL-0618,Order,114-1000506-5703878,2026-06-18,PF-WHEY-VAN,2,89.98,0.00,-0.00,-13.50,-12.20,0.00,0.00,64.28
2026-STL-0618,Order,114-1000684-3136551,2026-06-18,PF-PREWKT-BERRY,1,32.99,0.00,-0.00,-4.95,-4.35,0.00,0.00,23.69
2026-STL-0618,Order,114-1000685-7569981,2026-06-18,PF-PREWKT-BERRY,1,32.99,0.00,-0.00,-4.95,-4.35,0.00,0.00,23.69
2026-STL-0618,Order,114-1001010-8297709,2026-06-18,PF-CREATINE-300,1,24.99,0.00,-0.00,-3.75,-4.05,0.00,0.00,17.19
2026-STL-0618,Order,114-1001011-6824517,2026-06-18,PF-CREATINE-300,1,24.99,0.00,-0.00,-3.75,-4.05,0.00,0.00,17.19
2026-STL-0618,Order,114-1001012-6165171,2026-06-18,PF-CREATINE-300,1,24.99,0.00,-0.00,-3.75,-4.05,0.00,0.00,17.19
2026-STL-0618,Order,114-1001013-1001549,2026-06-18,PF-CREATINE-300,1,24.99,0.00,-0.00,-3.75,-4.05,0.00,0.00,17.19
2026-STL-0618,Order,114-1001014-5811072,2026-06-18,PF-CREATINE-300,1,24.99,0.00,-0.00,-3.75,-4.05,0.00,0.00,17.19
2026-STL-0618,Order,114-1001267-4178686,2026-06-18,PF-SHAKER-28,2,25.98,0.00,-0.00,-3.90,-6.90,0.00,0.00,15.18
2026-STL-0618,Order,114-1001268-5001116,2026-06-18,PF-SHAKER-28,1,12.99,0.00,-0.00,-1.95,-3.45,0.00,0.00,7.59
2026-STL-0618,Order,114-1001269-6162867,2026-06-18,PF-SHAKER-28,1,12.99,0.00,-0.00,-1.95,-3.45,0.00,0.00,7.59
2026-STL-0618,Order,114-1001357-5106228,2026-06-18,PF-VEGAN-CHOC,1,39.99,0.00,-4.00,-5.40,-6.10,0.00,0.00,24.49
2026-STL-0618,Order,114-1001458-3283248,2026-06-18,PF-ELECTRO-CITRUS,1,21.99,0.00,-0.00,-3.30,-3.95,0.00,0.00,14.74
2026-STL-0618,Order,114-1001817-4515255,2026-06-18,GT-SERUM-VITC,1,28.99,0.00,-0.00,-4.35,-3.55,0.00,0.00,21.09
2026-STL-0618,Order,114-1001818-3825261,2026-06-18,GT-SERUM-VITC,1,28.99,0.00,-0.00,-4.35,-3.55,0.00,0.00,21.09
2026-STL-0618,Order,114-1001819-8010185,2026-06-18,GT-SERUM-VITC,1,28.99,0.00,-0.00,-4.35,-3.55,0.00,0.00,21.09
2026-STL-0618,Order,114-1001820-3862767,2026-06-18,GT-SERUM-VITC,1,28.99,0.00,-0.00,-4.35,-3.55,0.00,0.00,21.09
2026-STL-0618,Order,114-1001821-9161633,2026-06-18,GT-SERUM-VITC,1,28.99,0.00,-0.00,-4.35,-3.55,0.00,0.00,21.09
2026-STL-0618,Order,114-1002150-7274015,2026-06-18,GT-SERUM-HA,1,24.99,0.00,-0.00,-3.75,-3.55,0.00,0.00,17.69
2026-STL-0618,Order,114-1002151-1566398,2026-06-18,GT-SERUM-HA,1,24.99,0.00,-0.00,-3.75,-3.55,0.00,0.00,17.69
2026-STL-0618,Order,114-1002152-9900282,2026-06-18,GT-SERUM-HA,1,24.99,0.00,-0.00,-3.75,-3.55,0.00,0.00,17.69
2026-STL-0618,Order,114-1002153-6413691,2026-06-18,GT-SERUM-HA,1,24.99,0.00,-0.00,-3.75,-3.55,0.00,0.00,17.69
2026-STL-0618,Order,114-1002154-4610191,2026-06-18,GT-SERUM-HA,1,24.99,0.00,-0.00,-3.75,-3.55,0.00,0.00,17.69
2026-STL-0618,Order,114-1002384-5948298,2026-06-18,GT-MOIST-50ML,1,22.99,0.00,-2.30,-3.10,-3.60,0.00,0.00,13.99
2026-STL-0618,Order,114-1002385-3012269,2026-06-18,GT-MOIST-50ML,1,22.99,0.00,-2.30,-3.10,-3.60,0.00,0.00,13.99
2026-STL-0618,Order,114-1002544-4215246,2026-06-18,GT-CLEANSE-150,1,16.99,0.00,-0.00,-2.55,-3.70,0.00,0.00,10.74
2026-STL-0618,Order,114-1002545-5089486,2026-06-18,GT-CLEANSE-150,3,50.97,0.00,-0.00,-7.65,-11.10,0.00,0.00,32.22
2026-STL-0618,Order,114-1002798-3908477,2026-06-18,GT-EYE-CREAM,1,26.99,0.00,-0.00,-4.05,-3.50,0.00,0.00,19.44
2026-STL-0618,Order,114-1002973-4433725,2026-06-18,GT-SPF30-TINT,1,23.99,0.00,-0.00,-3.60,-3.60,0.00,0.00,16.79
2026-STL-0618,Order,114-1002974-1509483,2026-06-18,GT-SPF30-TINT,1,23.99,0.00,-4.80,-2.88,-3.60,0.00,0.00,12.71
2026-STL-0618,Order,114-1002975-2888892,2026-06-18,GT-SPF30-TINT,2,47.98,0.00,-0.00,-7.20,-7.20,0.00,0.00,33.58
2026-STL-0618,Order,114-1003071-7487804,2026-06-18,GT-ROLLER-JADE,1,13.99,0.00,-0.00,-2.10,-3.40,0.00,0.00,8.49
2026-STL-0618,Order,114-1003072-7854073,2026-06-18,GT-ROLLER-JADE,1,13.99,0.00,-1.40,-1.89,-3.40,0.00,0.00,7.30
2026-STL-0618,Order,114-1003292-6537308,2026-06-18,PH-CHEW-BULLY-6,1,29.99,0.00,-3.00,-4.05,-4.60,0.00,0.00,18.34
2026-STL-0618,Order,114-1003293-9939702,2026-06-18,PH-CHEW-BULLY-6,1,29.99,0.00,-6.00,-3.60,-4.60,0.00,0.00,15.79
2026-STL-0618,Order,114-1003294-3887946,2026-06-18,PH-CHEW-BULLY-6,1,29.99,0.00,-0.00,-4.50,-4.60,0.00,0.00,20.89
2026-STL-0618,Order,114-1003602-3620107,2026-06-18,PH-TREAT-SALMON,1,18.99,0.00,-1.90,-2.56,-3.90,0.00,0.00,10.63
2026-STL-0618,Order,114-1003603-8087699,2026-06-18,PH-TREAT-SALMON,3,56.97,0.00,-5.70,-7.69,-11.70,0.00,0.00,31.88
2026-STL-0618,Order,114-1003604-9302324,2026-06-18,PH-TREAT-SALMON,1,18.99,0.00,-0.00,-2.85,-3.90,0.00,0.00,12.24
2026-STL-0618,Order,114-1003605-8434228,2026-06-18,PH-TREAT-SALMON,1,18.99,0.00,-0.00,-2.85,-3.90,0.00,0.00,12.24
2026-STL-0618,Order,114-1003606-1375480,2026-06-18,PH-TREAT-SALMON,3,56.97,0.00,-0.00,-8.55,-11.70,0.00,0.00,36.72
2026-STL-0618,Order,114-1003607-9909493,2026-06-18,PH-TREAT-SALMON,1,18.99,0.00,-1.90,-2.56,-3.90,0.00,0.00,10.63
2026-STL-0618,Order,114-1003783-1058859,2026-06-18,PH-SHAMPOO-OAT,1,15.99,0.00,-1.60,-2.16,-3.95,0.00,0.00,8.28
2026-STL-0618,Order,114-1003784-7361742,2026-06-18,PH-SHAMPOO-OAT,1,15.99,0.00,-1.60,-2.16,-3.95,0.00,0.00,8.28
2026-STL-0618,Order,114-1003785-1773047,2026-06-18,PH-SHAMPOO-OAT,1,15.99,0.00,-0.00,-2.40,-3.95,0.00,0.00,9.64
2026-STL-0618,Order,114-1003956-7219629,2026-06-18,PH-TOY-ROPE-L,1,13.99,0.00,-0.00,-2.10,-3.75,0.00,0.00,8.14
2026-STL-0618,Order,114-1003957-7487065,2026-06-18,PH-TOY-ROPE-L,3,41.97,0.00,-0.00,-6.30,-11.25,0.00,0.00,24.42
2026-STL-0618,Refund,114-1004074-7224122,2026-06-18,PH-BED-MED-GRY,-1,-42.99,0.00,0.00,5.16,0.00,0.00,0.00,-37.83
2026-STL-0618,Order,114-1004081-9175462,2026-06-18,PH-BED-MED-GRY,2,85.98,0.00,-0.00,-12.90,-24.80,0.00,0.00,48.28
2026-STL-0618,Order,114-1004191-1468996,2026-06-18,PH-BRUSH-DBL,1,12.99,0.00,-0.00,-1.95,-3.45,0.00,0.00,7.59
2026-STL-0618,Order,114-1004192-3796179,2026-06-18,PH-BRUSH-DBL,1,12.99,0.00,-0.00,-1.95,-3.45,0.00,0.00,7.59
2026-STL-0618,Order,114-1004193-1166308,2026-06-18,PH-BRUSH-DBL,1,12.99,0.00,-0.00,-1.95,-3.45,0.00,0.00,7.59
2026-STL-0618,Order,114-1004402-2174871,2026-06-18,PH-DENTAL-30CT,1,21.99,0.00,-0.00,-3.30,-4.10,0.00,0.00,14.59
2026-STL-0618,Order,114-1004403-8844505,2026-06-18,PH-DENTAL-30CT,1,21.99,0.00,-2.20,-2.97,-4.10,0.00,0.00,12.72
2026-STL-0618,Order,114-1004404-4232187,2026-06-18,PH-DENTAL-30CT,2,43.98,0.00,-0.00,-6.60,-8.20,0.00,0.00,29.18
2026-STL-0618,Order,114-1004405-6778757,2026-06-18,PH-DENTAL-30CT,1,21.99,0.00,-2.20,-2.97,-4.10,0.00,0.00,12.72
2026-STL-0618,Order,114-1004449-1070318,2026-06-18,GT-LIP-BALM,1,9.99,0.00,-0.00,-1.50,-3.35,0.00,0.00,5.14
2026-STL-0619,Adjustment,,2026-06-19,PH-BED-MED-GRY,1,0.00,0.00,0.00,0.00,0.00,0.00,27.85,27.85
2026-STL-0619,Order,114-1000275-9164342,2026-06-19,PF-WHEY-CHOC,1,44.99,0.00,-0.00,-6.75,-6.10,0.00,0.00,32.14
2026-STL-0619,Order,114-1000276-1919088,2026-06-19,PF-WHEY-CHOC,1,44.99,0.00,-0.00,-6.75,-6.10,0.00,0.00,32.14
2026-STL-0619,Order,114-1000277-5286905,2026-06-19,PF-WHEY-CHOC,2,89.98,0.00,-0.00,-13.50,-12.20,0.00,0.00,64.28
2026-STL-0619,Order,114-1000278-8225192,2026-06-19,PF-WHEY-CHOC,1,44.99,0.00,-0.00,-6.75,-6.10,0.00,0.00,32.14
2026-STL-0619,Order,114-1000279-9393009,2026-06-19,PF-WHEY-CHOC,1,44.99,0.00,-0.00,-6.75,-6.10,0.00,0.00,32.14
2026-STL-0619,Order,114-1000280-7661748,2026-06-19,PF-WHEY-CHOC,1,44.99,0.00,-0.00,-6.75,-6.10,0.00,0.00,32.14
2026-STL-0619,Order,114-1000507-4475536,2026-06-19,PF-WHEY-VAN,2,89.98,0.00,-0.00,-13.50,-12.20,0.00,0.00,64.28
2026-STL-0619,Order,114-1000508-7682298,2026-06-19,PF-WHEY-VAN,1,44.99,0.00,-0.00,-6.75,-6.10,0.00,0.00,32.14
2026-STL-0619,Order,114-1000509-7528964,2026-06-19,PF-WHEY-VAN,1,44.99,0.00,-0.00,-6.75,-6.10,0.00,0.00,32.14
2026-STL-0619,Refund,114-1000655-3037647,2026-06-19,PF-PREWKT-BERRY,-1,-32.99,0.00,0.00,3.96,0.00,0.00,0.00,-29.03
2026-STL-0619,Order,114-1000686-4054824,2026-06-19,PF-PREWKT-BERRY,1,32.99,0.00,-0.00,-4.95,-4.35,0.00,0.00,23.69
2026-STL-0619,Order,114-1000687-4706007,2026-06-19,PF-PREWKT-BERRY,2,65.98,0.00,-13.20,-7.92,-8.70,0.00,0.00,36.16
2026-STL-0619,Refund,114-1000956-9686281,2026-06-19,PF-CREATINE-300,-1,-24.99,0.00,0.00,3.00,0.00,0.00,0.00,-21.99
2026-STL-0619,Order,114-1001015-1153219,2026-06-19,PF-CREATINE-300,2,49.98,0.00,-0.00,-7.50,-8.10,0.00,0.00,34.38
2026-STL-0619,Order,114-1001016-1121097,2026-06-19,PF-CREATINE-300,1,24.99,0.00,-0.00,-3.75,-4.05,0.00,0.00,17.19
2026-STL-0619,Order,114-1001017-8333427,2026-06-19,PF-CREATINE-300,1,24.99,0.00,-2.50,-3.37,-4.05,0.00,0.00,15.07
2026-STL-0619,Order,114-1001018-7538471,2026-06-19,PF-CREATINE-300,1,24.99,0.00,-0.00,-3.75,-4.05,0.00,0.00,17.19
2026-STL-0619,Order,114-1001019-5019180,2026-06-19,PF-CREATINE-300,1,24.99,0.00,-0.00,-3.75,-4.05,0.00,0.00,17.19
2026-STL-0619,Order,114-1001020-5561139,2026-06-19,PF-CREATINE-300,1,24.99,0.00,-0.00,-3.75,-4.05,0.00,0.00,17.19
2026-STL-0619,Order,114-1001021-7927377,2026-06-19,PF-CREATINE-300,1,24.99,0.00,-2.50,-3.37,-4.05,0.00,0.00,15.07
2026-STL-0619,Order,114-1001143-5665960,2026-06-19,PF-BCAA-LEMON,1,27.99,0.00,-2.80,-3.78,-4.20,0.00,0.00,17.21
2026-STL-0619,Order,114-1001144-1820721,2026-06-19,PF-BCAA-LEMON,1,27.99,0.00,-2.80,-3.78,-4.20,0.00,0.00,17.21
2026-STL-0619,Order,114-1001270-6692259,2026-06-19,PF-SHAKER-28,3,38.97,0.00,-0.00,-5.85,-10.35,0.00,0.00,22.77
2026-STL-0619,Order,114-1001271-2982850,2026-06-19,PF-SHAKER-28,1,12.99,0.00,-0.00,-1.95,-3.45,0.00,0.00,7.59
2026-STL-0619,Order,114-1001272-3499027,2026-06-19,PF-SHAKER-28,1,12.99,0.00,-0.00,-1.95,-3.45,0.00,0.00,7.59
2026-STL-0619,Order,114-1001273-3375493,2026-06-19,PF-SHAKER-28,1,12.99,0.00,-0.00,-1.95,-3.45,0.00,0.00,7.59
2026-STL-0619,Order,114-1001459-9663182,2026-06-19,PF-ELECTRO-CITRUS,1,21.99,0.00,-0.00,-3.30,-3.95,0.00,0.00,14.74
2026-STL-0619,Refund,114-1001767-3802587,2026-06-19,GT-SERUM-VITC,-2,-57.98,0.00,0.00,6.96,0.00,0.00,0.00,-51.02
2026-STL-0619,Order,114-1001822-4566389,2026-06-19,GT-SERUM-VITC,2,57.98,0.00,-0.00,-8.70,-7.10,0.00,0.00,42.18
2026-STL-0619,Order,114-1001823-4219293,2026-06-19,GT-SERUM-VITC,1,28.99,0.00,-0.00,-4.35,-3.55,0.00,0.00,21.09
2026-STL-0619,Order,114-1001824-2831995,2026-06-19,GT-SERUM-VITC,2,57.98,0.00,-0.00,-8.70,-7.10,0.00,0.00,42.18
2026-STL-0619,Order,114-1001825-7337233,2026-06-19,GT-SERUM-VITC,1,28.99,0.00,-0.00,-4.35,-3.55,0.00,0.00,21.09
2026-STL-0619,Order,114-1001826-4938956,2026-06-19,GT-SERUM-VITC,1,28.99,0.00,-0.00,-4.35,-3.55,0.00,0.00,21.09
2026-STL-0619,Order,114-1001827-2024357,2026-06-19,GT-SERUM-VITC,1,28.99,0.00,-0.00,-4.35,-3.55,0.00,0.00,21.09
2026-STL-0619,Order,114-1002155-1182888,2026-06-19,GT-SERUM-HA,1,24.99,0.00,-0.00,-3.75,-3.55,0.00,0.00,17.69
2026-STL-0619,Order,114-1002156-6394902,2026-06-19,GT-SERUM-HA,1,24.99,0.00,-0.00,-3.75,-3.55,0.00,0.00,17.69
2026-STL-0619,Order,114-1002157-4559708,2026-06-19,GT-SERUM-HA,1,24.99,0.00,-0.00,-3.75,-3.55,0.00,0.00,17.69
2026-STL-0619,Order,114-1002158-2255341,2026-06-19,GT-SERUM-HA,1,24.99,0.00,-0.00,-3.75,-3.55,0.00,0.00,17.69
2026-STL-0619,Order,114-1002386-3295425,2026-06-19,GT-MOIST-50ML,1,22.99,0.00,-0.00,-3.45,-3.60,0.00,0.00,15.94
2026-STL-0619,Order,114-1002387-6934456,2026-06-19,GT-MOIST-50ML,1,22.99,0.00,-0.00,-3.45,-3.60,0.00,0.00,15.94
2026-STL-0619,Order,114-1002388-2247391,2026-06-19,GT-MOIST-50ML,1,22.99,0.00,-0.00,-3.45,-3.60,0.00,0.00,15.94
2026-STL-0619,Order,114-1002546-5610156,2026-06-19,GT-CLEANSE-150,1,16.99,0.00,-1.70,-2.29,-3.70,0.00,0.00,9.30
2026-STL-0619,Order,114-1002547-1767426,2026-06-19,GT-CLEANSE-150,1,16.99,0.00,-0.00,-2.55,-3.70,0.00,0.00,10.74
2026-STL-0619,Order,114-1002548-5574801,2026-06-19,GT-CLEANSE-150,2,33.98,0.00,-0.00,-5.10,-7.40,0.00,0.00,21.48
2026-STL-0619,Refund,114-1002662-7293367,2026-06-19,GT-MASK-CLAY,-2,-29.98,0.00,0.00,3.60,0.00,0.00,0.00,-26.38
2026-STL-0619,Order,114-1002685-7133460,2026-06-19,GT-MASK-CLAY,1,14.99,0.00,-0.00,-2.25,-3.85,0.00,0.00,8.89
2026-STL-0619,Order,114-1002686-9267840,2026-06-19,GT-MASK-CLAY,1,14.99,0.00,-0.00,-2.25,-3.85,0.00,0.00,8.89
2026-STL-0619,Order,114-1002799-4158126,2026-06-19,GT-EYE-CREAM,1,26.99,0.00,-0.00,-4.05,-3.50,0.00,0.00,19.44
2026-STL-0619,Order,114-1002800-8278024,2026-06-19,GT-EYE-CREAM,1,26.99,0.00,-2.70,-3.64,-3.50,0.00,0.00,17.15
2026-STL-0619,Order,114-1002976-5582437,2026-06-19,GT-SPF30-TINT,1,23.99,0.00,-2.40,-3.24,-3.60,0.00,0.00,14.75
2026-STL-0619,Order,114-1002977-3571860,2026-06-19,GT-SPF30-TINT,1,23.99,0.00,-0.00,-3.60,-3.60,0.00,0.00,16.79
2026-STL-0619,Order,114-1002978-1623460,2026-06-19,GT-SPF30-TINT,1,23.99,0.00,-0.00,-3.60,-3.60,0.00,0.00,16.79
2026-STL-0619,Order,114-1003295-5365912,2026-06-19,PH-CHEW-BULLY-6,1,29.99,0.00,-0.00,-4.50,-4.60,0.00,0.00,20.89
2026-STL-0619,Order,114-1003296-1336009,2026-06-19,PH-CHEW-BULLY-6,2,59.98,0.00,-0.00,-9.00,-9.20,0.00,0.00,41.78
2026-STL-0619,Order,114-1003297-8799197,2026-06-19,PH-CHEW-BULLY-6,1,29.99,0.00,-0.00,-4.50,-4.60,0.00,0.00,20.89
2026-STL-0619,Order,114-1003298-3126997,2026-06-19,PH-CHEW-BULLY-6,2,59.98,0.00,-0.00,-9.00,-9.20,0.00,0.00,41.78
2026-STL-0619,Order,114-1003608-1127128,2026-06-19,PH-TREAT-SALMON,1,18.99,0.00,-1.90,-2.56,-3.90,0.00,0.00,10.63
2026-STL-0619,Order,114-1003609-5189227,2026-06-19,PH-TREAT-SALMON,1,18.99,0.00,-0.00,-2.85,-3.90,0.00,0.00,12.24
2026-STL-0619,Order,114-1003610-7803832,2026-06-19,PH-TREAT-SALMON,1,18.99,0.00,-0.00,-2.85,-3.90,0.00,0.00,12.24
2026-STL-0619,Order,114-1003611-8574470,2026-06-19,PH-TREAT-SALMON,1,18.99,0.00,-0.00,-2.85,-3.90,0.00,0.00,12.24
2026-STL-0619,Order,114-1003612-2088545,2026-06-19,PH-TREAT-SALMON,2,37.98,0.00,-0.00,-5.70,-7.80,0.00,0.00,24.48
2026-STL-0619,Order,114-1003786-8081357,2026-06-19,PH-SHAMPOO-OAT,3,47.97,0.00,-0.00,-7.20,-11.85,0.00,0.00,28.92
2026-STL-0619,Order,114-1003787-7593234,2026-06-19,PH-SHAMPOO-OAT,1,15.99,0.00,-1.60,-2.16,-3.95,0.00,0.00,8.28
2026-STL-0619,Order,114-1003958-4500091,2026-06-19,PH-TOY-ROPE-L,3,41.97,0.00,-0.00,-6.30,-11.25,0.00,0.00,24.42
2026-STL-0619,Order,114-1003959-5790745,2026-06-19,PH-TOY-ROPE-L,1,13.99,0.00,-0.00,-2.10,-3.75,0.00,0.00,8.14
2026-STL-0619,Refund,114-1004075-3277202,2026-06-19,PH-BED-MED-GRY,-2,-85.98,0.00,0.00,10.32,0.00,0.00,0.00,-75.66
2026-STL-0619,Order,114-1004082-4159546,2026-06-19,PH-BED-MED-GRY,1,42.99,0.00,-0.00,-6.45,-12.40,0.00,0.00,24.14
2026-STL-0619,Order,114-1004194-3341109,2026-06-19,PH-BRUSH-DBL,3,38.97,0.00,-0.00,-5.85,-10.35,0.00,0.00,22.77
2026-STL-0619,Order,114-1004195-2026875,2026-06-19,PH-BRUSH-DBL,1,12.99,0.00,-0.00,-1.95,-3.45,0.00,0.00,7.59
2026-STL-0619,Order,114-1004196-5238976,2026-06-19,PH-BRUSH-DBL,1,12.99,0.00,-0.00,-1.95,-3.45,0.00,0.00,7.59
2026-STL-0619,Order,114-1004406-3675468,2026-06-19,PH-DENTAL-30CT,1,21.99,0.00,-0.00,-3.30,-4.10,0.00,0.00,14.59
2026-STL-0619,Order,114-1004407-3340240,2026-06-19,PH-DENTAL-30CT,3,65.97,0.00,-0.00,-9.90,-12.30,0.00,0.00,43.77
2026-STL-0619,Order,114-1004408-8024165,2026-06-19,PH-DENTAL-30CT,1,21.99,0.00,-0.00,-3.30,-4.10,0.00,0.00,14.59
2026-STL-0619,Order,114-1004450-9476460,2026-06-19,GT-LIP-BALM,1,9.99,0.00,-0.00,-1.50,-3.35,0.00,0.00,5.14
2026-STL-0620,Refund,114-1000214-5953150,2026-06-20,PF-WHEY-CHOC,-1,-44.99,0.00,0.00,5.40,0.00,0.00,0.00,-39.59
2026-STL-0620,Order,114-1000281-8202195,2026-06-20,PF-WHEY-CHOC,2,89.98,0.00,-9.00,-12.15,-12.20,0.00,0.00,56.63
2026-STL-0620,Order,114-1000282-2932288,2026-06-20,PF-WHEY-CHOC,1,44.99,0.00,-0.00,-6.75,-6.10,0.00,0.00,32.14
2026-STL-0620,Order,114-1000283-8719145,2026-06-20,PF-WHEY-CHOC,3,134.97,0.00,-0.00,-20.25,-18.30,0.00,0.00,96.42
2026-STL-0620,Order,114-1000284-2776088,2026-06-20,PF-WHEY-CHOC,2,89.98,0.00,-0.00,-13.50,-12.20,0.00,0.00,64.28
2026-STL-0620,Order,114-1000285-7639863,2026-06-20,PF-WHEY-CHOC,1,44.99,0.00,-0.00,-6.75,-6.10,0.00,0.00,32.14
2026-STL-0620,Order,114-1000510-3347981,2026-06-20,PF-WHEY-VAN,1,44.99,0.00,-0.00,-6.75,-6.10,0.00,0.00,32.14
2026-STL-0620,Order,114-1000511-6802559,2026-06-20,PF-WHEY-VAN,1,44.99,0.00,-0.00,-6.75,-6.10,0.00,0.00,32.14
2026-STL-0620,Order,114-1000512-6714198,2026-06-20,PF-WHEY-VAN,1,44.99,0.00,-4.50,-6.07,-6.10,0.00,0.00,28.32
2026-STL-0620,Order,114-1000688-6818508,2026-06-20,PF-PREWKT-BERRY,1,32.99,0.00,-0.00,-4.95,-4.35,0.00,0.00,23.69
2026-STL-0620,Order,114-1000689-2488575,2026-06-20,PF-PREWKT-BERRY,1,32.99,0.00,-3.30,-4.45,-4.35,0.00,0.00,20.89
2026-STL-0620,Order,114-1000690-6632941,2026-06-20,PF-PREWKT-BERRY,1,32.99,0.00,-0.00,-4.95,-4.35,0.00,0.00,23.69
2026-STL-0620,Refund,114-1000951-8364728,2026-06-20,PF-CREATINE-300,-2,-49.98,0.00,0.00,6.00,0.00,0.00,0.00,-43.98
2026-STL-0620,Order,114-1001022-2851472,2026-06-20,PF-CREATINE-300,1,24.99,0.00,-0.00,-3.75,-4.05,0.00,0.00,17.19
2026-STL-0620,Order,114-1001023-9254323,2026-06-20,PF-CREATINE-300,1,24.99,0.00,-0.00,-3.75,-4.05,0.00,0.00,17.19
2026-STL-0620,Order,114-1001024-9975319,2026-06-20,PF-CREATINE-300,1,24.99,0.00,-0.00,-3.75,-4.05,0.00,0.00,17.19
2026-STL-0620,Order,114-1001025-3097809,2026-06-20,PF-CREATINE-300,3,74.97,0.00,-0.00,-11.25,-12.15,0.00,0.00,51.57
2026-STL-0620,Order,114-1001026-3528052,2026-06-20,PF-CREATINE-300,1,24.99,0.00,-0.00,-3.75,-4.05,0.00,0.00,17.19
2026-STL-0620,Order,114-1001145-6007018,2026-06-20,PF-BCAA-LEMON,1,27.99,0.00,-0.00,-4.20,-4.20,0.00,0.00,19.59
2026-STL-0620,Order,114-1001146-3990511,2026-06-20,PF-BCAA-LEMON,1,27.99,0.00,-0.00,-4.20,-4.20,0.00,0.00,19.59
2026-STL-0620,Order,114-1001274-1768424,2026-06-20,PF-SHAKER-28,1,12.99,0.00,-1.30,-1.75,-3.45,0.00,0.00,6.49
2026-STL-0620,Order,114-1001275-1838156,2026-06-20,PF-SHAKER-28,1,12.99,0.00,-0.00,-1.95,-3.45,0.00,0.00,7.59
2026-STL-0620,Order,114-1001358-9061215,2026-06-20,PF-VEGAN-CHOC,1,39.99,0.00,-0.00,-6.00,-6.10,0.00,0.00,27.89
2026-STL-0620,Order,114-1001460-3182597,2026-06-20,PF-ELECTRO-CITRUS,1,21.99,0.00,-0.00,-3.30,-3.95,0.00,0.00,14.74
2026-STL-0620,Order,114-1001828-4541139,2026-06-20,GT-SERUM-VITC,1,28.99,0.00,-0.00,-4.35,-3.55,0.00,0.00,21.09
2026-STL-0620,Order,114-1001829-5459984,2026-06-20,GT-SERUM-VITC,1,28.99,0.00,-0.00,-4.35,-3.55,0.00,0.00,21.09
2026-STL-0620,Order,114-1001830-8205036,2026-06-20,GT-SERUM-VITC,1,28.99,0.00,-0.00,-4.35,-3.55,0.00,0.00,21.09
2026-STL-0620,Order,114-1001831-6288577,2026-06-20,GT-SERUM-VITC,1,28.99,0.00,-0.00,-4.35,-3.55,0.00,0.00,21.09
2026-STL-0620,Order,114-1001832-7349097,2026-06-20,GT-SERUM-VITC,2,57.98,0.00,-0.00,-8.70,-7.10,0.00,0.00,42.18
2026-STL-0620,Order,114-1001833-2680697,2026-06-20,GT-SERUM-VITC,3,86.97,0.00,-8.70,-11.74,-10.65,0.00,0.00,55.88
2026-STL-0620,Order,114-1001834-3329735,2026-06-20,GT-SERUM-VITC,1,28.99,0.00,-0.00,-4.35,-3.55,0.00,0.00,21.09
2026-STL-0620,Order,114-1001835-5169769,2026-06-20,GT-SERUM-VITC,2,57.98,0.00,-0.00,-8.70,-7.10,0.00,0.00,42.18
2026-STL-0620,Refund,114-1002096-6310245,2026-06-20,GT-SERUM-HA,-3,-74.97,0.00,7.50,8.10,0.00,0.00,0.00,-59.37
2026-STL-0620,Order,114-1002159-8301537,2026-06-20,GT-SERUM-HA,1,24.99,0.00,-0.00,-3.75,-3.55,0.00,0.00,17.69
2026-STL-0620,Order,114-1002160-9286841,2026-06-20,GT-SERUM-HA,1,24.99,0.00,-0.00,-3.75,-3.55,0.00,0.00,17.69
2026-STL-0620,Order,114-1002161-3081929,2026-06-20,GT-SERUM-HA,3,74.97,0.00,-0.00,-11.25,-10.65,0.00,0.00,53.07
2026-STL-0620,Order,114-1002162-4966501,2026-06-20,GT-SERUM-HA,1,24.99,0.00,-0.00,-3.75,-3.55,0.00,0.00,17.69
2026-STL-0620,Order,114-1002163-1077963,2026-06-20,GT-SERUM-HA,1,24.99,0.00,-0.00,-3.75,-3.55,0.00,0.00,17.69
2026-STL-0620,Order,114-1002164-7758043,2026-06-20,GT-SERUM-HA,1,24.99,0.00,-2.50,-3.37,-3.55,0.00,0.00,15.57
2026-STL-0620,Order,114-1002389-2242998,2026-06-20,GT-MOIST-50ML,1,22.99,0.00,-0.00,-3.45,-3.60,0.00,0.00,15.94
2026-STL-0620,Order,114-1002390-8270870,2026-06-20,GT-MOIST-50ML,1,22.99,0.00,-2.30,-3.10,-3.60,0.00,0.00,13.99
2026-STL-0620,Order,114-1002549-3177128,2026-06-20,GT-CLEANSE-150,1,16.99,0.00,-0.00,-2.55,-3.70,0.00,0.00,10.74
2026-STL-0620,Order,114-1002550-6337828,2026-06-20,GT-CLEANSE-150,1,16.99,0.00,-0.00,-2.55,-3.70,0.00,0.00,10.74
2026-STL-0620,Order,114-1002551-4708733,2026-06-20,GT-CLEANSE-150,1,16.99,0.00,-0.00,-2.55,-3.70,0.00,0.00,10.74
2026-STL-0620,Order,114-1002687-3392356,2026-06-20,GT-MASK-CLAY,1,14.99,0.00,-0.00,-2.25,-3.85,0.00,0.00,8.89
2026-STL-0620,Order,114-1002688-7775286,2026-06-20,GT-MASK-CLAY,1,14.99,0.00,-0.00,-2.25,-3.85,0.00,0.00,8.89
2026-STL-0620,Order,114-1002801-7221393,2026-06-20,GT-EYE-CREAM,1,26.99,0.00,-0.00,-4.05,-3.50,0.00,0.00,19.44
2026-STL-0620,Order,114-1002979-1738763,2026-06-20,GT-SPF30-TINT,3,71.97,0.00,-0.00,-10.80,-10.80,0.00,0.00,50.37
2026-STL-0620,Order,114-1002980-5723937,2026-06-20,GT-SPF30-TINT,2,47.98,0.00,-4.80,-6.48,-7.20,0.00,0.00,29.50
2026-STL-0620,Order,114-1002981-5562772,2026-06-20,GT-SPF30-TINT,1,23.99,0.00,-0.00,-3.60,-3.60,0.00,0.00,16.79
2026-STL-0620,Order,114-1003073-7378070,2026-06-20,GT-ROLLER-JADE,1,13.99,0.00,-0.00,-2.10,-3.40,0.00,0.00,8.49
2026-STL-0620,Order,114-1003074-9246334,2026-06-20,GT-ROLLER-JADE,1,13.99,0.00,-1.40,-1.89,-3.40,0.00,0.00,7.30
2026-STL-0620,Order,114-1003299-9041683,2026-06-20,PH-CHEW-BULLY-6,2,59.98,0.00,-0.00,-9.00,-9.20,0.00,0.00,41.78
2026-STL-0620,Order,114-1003300-3268584,2026-06-20,PH-CHEW-BULLY-6,1,29.99,0.00,-0.00,-4.50,-4.60,0.00,0.00,20.89
2026-STL-0620,Order,114-1003301-3121094,2026-06-20,PH-CHEW-BULLY-6,1,29.99,0.00,-3.00,-4.05,-4.60,0.00,0.00,18.34
2026-STL-0620,Order,114-1003302-2244415,2026-06-20,PH-CHEW-BULLY-6,1,29.99,0.00,-3.00,-4.05,-4.60,0.00,0.00,18.34
2026-STL-0620,Order,114-1003613-6839010,2026-06-20,PH-TREAT-SALMON,1,18.99,0.00,-0.00,-2.85,-3.90,0.00,0.00,12.24
2026-STL-0620,Order,114-1003614-5128831,2026-06-20,PH-TREAT-SALMON,1,18.99,0.00,-0.00,-2.85,-3.90,0.00,0.00,12.24
2026-STL-0620,Order,114-1003615-5212751,2026-06-20,PH-TREAT-SALMON,2,37.98,0.00,-0.00,-5.70,-7.80,0.00,0.00,24.48
2026-STL-0620,Order,114-1003616-1996541,2026-06-20,PH-TREAT-SALMON,1,18.99,0.00,-0.00,-2.85,-3.90,0.00,0.00,12.24
2026-STL-0620,Order,114-1003788-4771441,2026-06-20,PH-SHAMPOO-OAT,1,15.99,0.00,-1.60,-2.16,-3.95,0.00,0.00,8.28
2026-STL-0620,Order,114-1003789-6434660,2026-06-20,PH-SHAMPOO-OAT,1,15.99,0.00,-0.00,-2.40,-3.95,0.00,0.00,9.64
2026-STL-0620,Order,114-1003960-6570713,2026-06-20,PH-TOY-ROPE-L,1,13.99,0.00,-1.40,-1.89,-3.75,0.00,0.00,6.95
2026-STL-0620,Order,114-1003961-6139691,2026-06-20,PH-TOY-ROPE-L,2,27.98,0.00,-2.80,-3.78,-7.50,0.00,0.00,13.90
2026-STL-0620,Order,114-1004083-7150740,2026-06-20,PH-BED-MED-GRY,1,42.99,0.00,-0.00,-6.45,-12.40,0.00,0.00,24.14
2026-STL-0620,Order,114-1004197-4186897,2026-06-20,PH-BRUSH-DBL,1,12.99,0.00,-0.00,-1.95,-3.45,0.00,0.00,7.59
2026-STL-0620,Order,114-1004198-6119085,2026-06-20,PH-BRUSH-DBL,1,12.99,0.00,-0.00,-1.95,-3.45,0.00,0.00,7.59
2026-STL-0620,Order,114-1004199-8947817,2026-06-20,PH-BRUSH-DBL,1,12.99,0.00,-0.00,-1.95,-3.45,0.00,0.00,7.59
2026-STL-0620,Order,114-1004409-1300294,2026-06-20,PH-DENTAL-30CT,3,65.97,0.00,-0.00,-9.90,-12.30,0.00,0.00,43.77
2026-STL-0620,Order,114-1004410-1531957,2026-06-20,PH-DENTAL-30CT,2,43.98,0.00,-0.00,-6.60,-8.20,0.00,0.00,29.18
2026-STL-0620,Order,114-1004411-5437610,2026-06-20,PH-DENTAL-30CT,1,21.99,0.00,-0.00,-3.30,-4.10,0.00,0.00,14.59
2026-STL-0620,Order,114-1004451-2048273,2026-06-20,GT-LIP-BALM,3,29.97,0.00,-0.00,-4.50,-10.05,0.00,0.00,15.42
2026-STL-0621,Order,114-1000286-3820798,2026-06-21,PF-WHEY-CHOC,1,44.99,0.00,-0.00,-6.75,-6.10,0.00,0.00,32.14
2026-STL-0621,Order,114-1000287-4253164,2026-06-21,PF-WHEY-CHOC,1,44.99,0.00,-0.00,-6.75,-6.10,0.00,0.00,32.14
2026-STL-0621,Order,114-1000288-3477824,2026-06-21,PF-WHEY-CHOC,1,44.99,0.00,-0.00,-6.75,-6.10,0.00,0.00,32.14
2026-STL-0621,Order,114-1000289-3564729,2026-06-21,PF-WHEY-CHOC,1,44.99,0.00,-0.00,-6.75,-6.10,0.00,0.00,32.14
2026-STL-0621,Order,114-1000290-9289908,2026-06-21,PF-WHEY-CHOC,1,44.99,0.00,-0.00,-6.75,-6.10,0.00,0.00,32.14
2026-STL-0621,Order,114-1000513-5585666,2026-06-21,PF-WHEY-VAN,3,134.97,0.00,-0.00,-20.25,-18.30,0.00,0.00,96.42
2026-STL-0621,Order,114-1000514-7298619,2026-06-21,PF-WHEY-VAN,1,44.99,0.00,-0.00,-6.75,-6.10,0.00,0.00,32.14
2026-STL-0621,Order,114-1000515-2437708,2026-06-21,PF-WHEY-VAN,1,44.99,0.00,-0.00,-6.75,-6.10,0.00,0.00,32.14
2026-STL-0621,Order,114-1000691-2137407,2026-06-21,PF-PREWKT-BERRY,1,32.99,0.00,-0.00,-4.95,-4.35,0.00,0.00,23.69
2026-STL-0621,Order,114-1000692-1807780,2026-06-21,PF-PREWKT-BERRY,1,32.99,0.00,-0.00,-4.95,-4.35,0.00,0.00,23.69
2026-STL-0621,Order,114-1000693-7946088,2026-06-21,PF-PREWKT-BERRY,1,32.99,0.00,-6.60,-3.96,-4.35,0.00,0.00,18.08
2026-STL-0621,Order,114-1001027-8779334,2026-06-21,PF-CREATINE-300,1,24.99,0.00,-5.00,-3.00,-4.05,0.00,0.00,12.94
2026-STL-0621,Order,114-1001028-3450947,2026-06-21,PF-CREATINE-300,1,24.99,0.00,-0.00,-3.75,-4.05,0.00,0.00,17.19
2026-STL-0621,Order,114-1001029-8887754,2026-06-21,PF-CREATINE-300,1,24.99,0.00,-0.00,-3.75,-4.05,0.00,0.00,17.19
2026-STL-0621,Order,114-1001030-7401806,2026-06-21,PF-CREATINE-300,2,49.98,0.00,-0.00,-7.50,-8.10,0.00,0.00,34.38
2026-STL-0621,Order,114-1001031-5176895,2026-06-21,PF-CREATINE-300,1,24.99,0.00,-0.00,-3.75,-4.05,0.00,0.00,17.19
2026-STL-0621,Order,114-1001147-3976601,2026-06-21,PF-BCAA-LEMON,1,27.99,0.00,-0.00,-4.20,-4.20,0.00,0.00,19.59
2026-STL-0621,Order,114-1001148-1601296,2026-06-21,PF-BCAA-LEMON,1,27.99,0.00,-0.00,-4.20,-4.20,0.00,0.00,19.59
2026-STL-0621,Order,114-1001276-2073030,2026-06-21,PF-SHAKER-28,1,12.99,0.00,-1.30,-1.75,-3.45,0.00,0.00,6.49
2026-STL-0621,Order,114-1001277-4700592,2026-06-21,PF-SHAKER-28,1,12.99,0.00,-0.00,-1.95,-3.45,0.00,0.00,7.59
2026-STL-0621,Order,114-1001359-8986637,2026-06-21,PF-VEGAN-CHOC,2,79.98,0.00,-0.00,-12.00,-12.20,0.00,0.00,55.78
2026-STL-0621,Order,114-1001360-1294357,2026-06-21,PF-VEGAN-CHOC,1,39.99,0.00,-0.00,-6.00,-6.10,0.00,0.00,27.89
2026-STL-0621,Order,114-1001361-6363359,2026-06-21,PF-VEGAN-CHOC,1,39.99,0.00,-0.00,-6.00,-6.10,0.00,0.00,27.89
2026-STL-0621,Order,114-1001362-1887318,2026-06-21,PF-VEGAN-CHOC,1,39.99,0.00,-0.00,-6.00,-6.10,0.00,0.00,27.89
2026-STL-0621,Order,114-1001461-3239922,2026-06-21,PF-ELECTRO-CITRUS,1,21.99,0.00,-0.00,-3.30,-3.95,0.00,0.00,14.74
2026-STL-0621,Refund,114-1001770-3912886,2026-06-21,GT-SERUM-VITC,-1,-28.99,0.00,0.00,3.48,0.00,0.00,0.00,-25.51
2026-STL-0621,Order,114-1001836-8972523,2026-06-21,GT-SERUM-VITC,1,28.99,0.00,-0.00,-4.35,-3.55,0.00,0.00,21.09
2026-STL-0621,Order,114-1001837-6405343,2026-06-21,GT-SERUM-VITC,1,28.99,0.00,-0.00,-4.35,-3.55,0.00,0.00,21.09
2026-STL-0621,Order,114-1001838-6461406,2026-06-21,GT-SERUM-VITC,2,57.98,0.00,-11.60,-6.96,-7.10,0.00,0.00,32.32
2026-STL-0621,Order,114-1001839-2365149,2026-06-21,GT-SERUM-VITC,1,28.99,0.00,-0.00,-4.35,-3.55,0.00,0.00,21.09
2026-STL-0621,Order,114-1001840-8988000,2026-06-21,GT-SERUM-VITC,2,57.98,0.00,-5.80,-7.83,-7.10,0.00,0.00,37.25
2026-STL-0621,Order,114-1001841-7456854,2026-06-21,GT-SERUM-VITC,2,57.98,0.00,-5.80,-7.83,-7.10,0.00,0.00,37.25
2026-STL-0621,Order,114-1002165-2595845,2026-06-21,GT-SERUM-HA,1,24.99,0.00,-0.00,-3.75,-3.55,0.00,0.00,17.69
2026-STL-0621,Order,114-1002166-6321559,2026-06-21,GT-SERUM-HA,1,24.99,0.00,-0.00,-3.75,-3.55,0.00,0.00,17.69
2026-STL-0621,Order,114-1002167-6254198,2026-06-21,GT-SERUM-HA,1,24.99,0.00,-0.00,-3.75,-3.55,0.00,0.00,17.69
2026-STL-0621,Order,114-1002168-8626616,2026-06-21,GT-SERUM-HA,1,24.99,0.00,-0.00,-3.75,-3.55,0.00,0.00,17.69
2026-STL-0621,Order,114-1002169-7273103,2026-06-21,GT-SERUM-HA,1,24.99,0.00,-2.50,-3.37,-3.55,0.00,0.00,15.57
2026-STL-0621,Order,114-1002391-4194359,2026-06-21,GT-MOIST-50ML,1,22.99,0.00,-0.00,-3.45,-3.60,0.00,0.00,15.94
2026-STL-0621,Order,114-1002392-1597875,2026-06-21,GT-MOIST-50ML,1,22.99,0.00,-2.30,-3.10,-3.60,0.00,0.00,13.99
2026-STL-0621,Order,114-1002393-7311740,2026-06-21,GT-MOIST-50ML,1,22.99,0.00,-0.00,-3.45,-3.60,0.00,0.00,15.94
2026-STL-0621,Order,114-1002552-6515543,2026-06-21,GT-CLEANSE-150,2,33.98,0.00,-0.00,-5.10,-7.40,0.00,0.00,21.48
2026-STL-0621,Order,114-1002553-6753758,2026-06-21,GT-CLEANSE-150,1,16.99,0.00,-0.00,-2.55,-3.70,0.00,0.00,10.74
2026-STL-0621,Refund,114-1002682-4736280,2026-06-21,GT-MASK-CLAY,-1,-14.99,0.00,0.00,1.80,0.00,0.00,0.00,-13.19
2026-STL-0621,Order,114-1002689-5205556,2026-06-21,GT-MASK-CLAY,1,14.99,0.00,-0.00,-2.25,-3.85,0.00,0.00,8.89
2026-STL-0621,Order,114-1002690-8753576,2026-06-21,GT-MASK-CLAY,1,14.99,0.00,-0.00,-2.25,-3.85,0.00,0.00,8.89
2026-STL-0621,Order,114-1002802-4717279,2026-06-21,GT-EYE-CREAM,1,26.99,0.00,-0.00,-4.05,-3.50,0.00,0.00,19.44
2026-STL-0621,Order,114-1002803-4468470,2026-06-21,GT-EYE-CREAM,1,26.99,0.00,-0.00,-4.05,-3.50,0.00,0.00,19.44
2026-STL-0621,Order,114-1002982-1032691,2026-06-21,GT-SPF30-TINT,1,23.99,0.00,-0.00,-3.60,-3.60,0.00,0.00,16.79
2026-STL-0621,Order,114-1002983-8303868,2026-06-21,GT-SPF30-TINT,1,23.99,0.00,-0.00,-3.60,-3.60,0.00,0.00,16.79
2026-STL-0621,Order,114-1003075-7507893,2026-06-21,GT-ROLLER-JADE,1,13.99,0.00,-0.00,-2.10,-3.40,0.00,0.00,8.49
2026-STL-0621,Order,114-1003076-2297834,2026-06-21,GT-ROLLER-JADE,1,13.99,0.00,-0.00,-2.10,-3.40,0.00,0.00,8.49
2026-STL-0621,Order,114-1003303-2569282,2026-06-21,PH-CHEW-BULLY-6,1,29.99,0.00,-0.00,-4.50,-4.60,0.00,0.00,20.89
2026-STL-0621,Order,114-1003304-3991546,2026-06-21,PH-CHEW-BULLY-6,1,29.99,0.00,-0.00,-4.50,-4.60,0.00,0.00,20.89
2026-STL-0621,Order,114-1003305-3343985,2026-06-21,PH-CHEW-BULLY-6,1,29.99,0.00,-3.00,-4.05,-4.60,0.00,0.00,18.34
2026-STL-0621,Order,114-1003306-9689844,2026-06-21,PH-CHEW-BULLY-6,1,29.99,0.00,-0.00,-4.50,-4.60,0.00,0.00,20.89
2026-STL-0621,Order,114-1003307-2344809,2026-06-21,PH-CHEW-BULLY-6,1,29.99,0.00,-0.00,-4.50,-4.60,0.00,0.00,20.89
2026-STL-0621,Order,114-1003617-7921821,2026-06-21,PH-TREAT-SALMON,1,18.99,0.00,-0.00,-2.85,-3.90,0.00,0.00,12.24
2026-STL-0621,Order,114-1003618-2509625,2026-06-21,PH-TREAT-SALMON,1,18.99,0.00,-0.00,-2.85,-3.90,0.00,0.00,12.24
2026-STL-0621,Order,114-1003619-1220268,2026-06-21,PH-TREAT-SALMON,1,18.99,0.00,-0.00,-2.85,-3.90,0.00,0.00,12.24
2026-STL-0621,Order,114-1003620-8512186,2026-06-21,PH-TREAT-SALMON,1,18.99,0.00,-0.00,-2.85,-3.90,0.00,0.00,12.24
2026-STL-0621,Order,114-1003621-2814986,2026-06-21,PH-TREAT-SALMON,1,18.99,0.00,-1.90,-2.56,-3.90,0.00,0.00,10.63
2026-STL-0621,Order,114-1003790-5510798,2026-06-21,PH-SHAMPOO-OAT,1,15.99,0.00,-1.60,-2.16,-3.95,0.00,0.00,8.28
2026-STL-0621,Order,114-1003791-1252403,2026-06-21,PH-SHAMPOO-OAT,1,15.99,0.00,-0.00,-2.40,-3.95,0.00,0.00,9.64
2026-STL-0621,Order,114-1003792-8041236,2026-06-21,PH-SHAMPOO-OAT,1,15.99,0.00,-0.00,-2.40,-3.95,0.00,0.00,9.64
2026-STL-0621,Order,114-1003962-7227966,2026-06-21,PH-TOY-ROPE-L,1,13.99,0.00,-0.00,-2.10,-3.75,0.00,0.00,8.14
2026-STL-0621,Order,114-1003963-4048820,2026-06-21,PH-TOY-ROPE-L,1,13.99,0.00,-1.40,-1.89,-3.75,0.00,0.00,6.95
2026-STL-0621,Order,114-1003964-5633596,2026-06-21,PH-TOY-ROPE-L,2,27.98,0.00,-0.00,-4.20,-7.50,0.00,0.00,16.28
2026-STL-0621,Order,114-1004084-5703172,2026-06-21,PH-BED-MED-GRY,1,42.99,0.00,-4.30,-5.80,-12.40,0.00,0.00,20.49
2026-STL-0621,Order,114-1004085-6650131,2026-06-21,PH-BED-MED-GRY,1,42.99,0.00,-0.00,-6.45,-12.40,0.00,0.00,24.14
2026-STL-0621,Order,114-1004086-4338168,2026-06-21,PH-BED-MED-GRY,1,42.99,0.00,-0.00,-6.45,-12.40,0.00,0.00,24.14
2026-STL-0621,Order,114-1004200-4968858,2026-06-21,PH-BRUSH-DBL,1,12.99,0.00,-0.00,-1.95,-3.45,0.00,0.00,7.59
2026-STL-0621,Order,114-1004201-1213496,2026-06-21,PH-BRUSH-DBL,3,38.97,0.00,-0.00,-5.85,-10.35,0.00,0.00,22.77
2026-STL-0621,Order,114-1004202-7549444,2026-06-21,PH-BRUSH-DBL,1,12.99,0.00,-0.00,-1.95,-3.45,0.00,0.00,7.59
2026-STL-0621,Order,114-1004203-6970859,2026-06-21,PH-BRUSH-DBL,1,12.99,0.00,-0.00,-1.95,-3.45,0.00,0.00,7.59
2026-STL-0621,Order,114-1004412-5065168,2026-06-21,PH-DENTAL-30CT,1,21.99,0.00,-0.00,-3.30,-4.10,0.00,0.00,14.59
2026-STL-0621,Order,114-1004413-3949116,2026-06-21,PH-DENTAL-30CT,1,21.99,0.00,-0.00,-3.30,-4.10,0.00,0.00,14.59
2026-STL-0621,Order,114-1004452-1830449,2026-06-21,GT-LIP-BALM,1,9.99,0.00,-0.00,-1.50,-3.35,0.00,0.00,5.14
2026-STL-0622,Order,114-1000291-6422534,2026-06-22,PF-WHEY-CHOC,1,44.99,0.00,-4.50,-6.07,-6.10,0.00,0.00,28.32
2026-STL-0622,Order,114-1000292-2145653,2026-06-22,PF-WHEY-CHOC,1,44.99,0.00,-0.00,-6.75,-6.10,0.00,0.00,32.14
2026-STL-0622,Order,114-1000293-1942411,2026-06-22,PF-WHEY-CHOC,1,44.99,0.00,-0.00,-6.75,-6.10,0.00,0.00,32.14
2026-STL-0622,Order,114-1000294-1630944,2026-06-22,PF-WHEY-CHOC,1,44.99,0.00,-0.00,-6.75,-6.10,0.00,0.00,32.14
2026-STL-0622,Order,114-1000516-2233237,2026-06-22,PF-WHEY-VAN,1,44.99,0.00,-0.00,-6.75,-6.10,0.00,0.00,32.14
2026-STL-0622,Order,114-1000517-3588336,2026-06-22,PF-WHEY-VAN,1,44.99,0.00,-0.00,-6.75,-6.10,0.00,0.00,32.14
2026-STL-0622,Order,114-1000518-1087161,2026-06-22,PF-WHEY-VAN,1,44.99,0.00,-0.00,-6.75,-6.10,0.00,0.00,32.14
2026-STL-0622,Order,114-1000694-4784650,2026-06-22,PF-PREWKT-BERRY,1,32.99,0.00,-0.00,-4.95,-4.35,0.00,0.00,23.69
2026-STL-0622,Order,114-1000695-5947745,2026-06-22,PF-PREWKT-BERRY,1,32.99,0.00,-3.30,-4.45,-4.35,0.00,0.00,20.89
2026-STL-0622,Order,114-1001032-1562209,2026-06-22,PF-CREATINE-300,3,74.97,0.00,-0.00,-11.25,-12.15,0.00,0.00,51.57
2026-STL-0622,Order,114-1001033-4497162,2026-06-22,PF-CREATINE-300,1,24.99,0.00,-0.00,-3.75,-4.05,0.00,0.00,17.19
2026-STL-0622,Order,114-1001034-6420100,2026-06-22,PF-CREATINE-300,1,24.99,0.00,-0.00,-3.75,-4.05,0.00,0.00,17.19
2026-STL-0622,Order,114-1001035-9739692,2026-06-22,PF-CREATINE-300,1,24.99,0.00,-0.00,-3.75,-4.05,0.00,0.00,17.19
2026-STL-0622,Order,114-1001036-7046955,2026-06-22,PF-CREATINE-300,1,24.99,0.00,-0.00,-3.75,-4.05,0.00,0.00,17.19
2026-STL-0622,Order,114-1001037-2894625,2026-06-22,PF-CREATINE-300,2,49.98,0.00,-0.00,-7.50,-8.10,0.00,0.00,34.38
2026-STL-0622,Order,114-1001149-8169304,2026-06-22,PF-BCAA-LEMON,1,27.99,0.00,-0.00,-4.20,-4.20,0.00,0.00,19.59
2026-STL-0622,Order,114-1001278-7744585,2026-06-22,PF-SHAKER-28,1,12.99,0.00,-0.00,-1.95,-3.45,0.00,0.00,7.59
2026-STL-0622,Order,114-1001279-3304005,2026-06-22,PF-SHAKER-28,3,38.97,0.00,-0.00,-5.85,-10.35,0.00,0.00,22.77
2026-STL-0622,Order,114-1001842-9466397,2026-06-22,GT-SERUM-VITC,1,28.99,0.00,-0.00,-4.35,-3.55,0.00,0.00,21.09
2026-STL-0622,Order,114-1001843-8831655,2026-06-22,GT-SERUM-VITC,1,28.99,0.00,-0.00,-4.35,-3.55,0.00,0.00,21.09
2026-STL-0622,Order,114-1001844-5041658,2026-06-22,GT-SERUM-VITC,1,28.99,0.00,-0.00,-4.35,-3.55,0.00,0.00,21.09
2026-STL-0622,Order,114-1001845-2500416,2026-06-22,GT-SERUM-VITC,1,28.99,0.00,-2.90,-3.91,-3.55,0.00,0.00,18.63
2026-STL-0622,Order,114-1001846-6477774,2026-06-22,GT-SERUM-VITC,3,86.97,0.00,-0.00,-13.05,-10.65,0.00,0.00,63.27
2026-STL-0622,Order,114-1001847-5322289,2026-06-22,GT-SERUM-VITC,1,28.99,0.00,-0.00,-4.35,-3.55,0.00,0.00,21.09
2026-STL-0622,Order,114-1001848-3277614,2026-06-22,GT-SERUM-VITC,2,57.98,0.00,-0.00,-8.70,-7.10,0.00,0.00,42.18
2026-STL-0622,Order,114-1002170-1174416,2026-06-22,GT-SERUM-HA,1,24.99,0.00,-0.00,-3.75,-3.55,0.00,0.00,17.69
2026-STL-0622,Order,114-1002171-8309538,2026-06-22,GT-SERUM-HA,3,74.97,0.00,-7.50,-10.12,-10.65,0.00,0.00,46.70
2026-STL-0622,Order,114-1002172-7188771,2026-06-22,GT-SERUM-HA,1,24.99,0.00,-0.00,-3.75,-3.55,0.00,0.00,17.69
2026-STL-0622,Order,114-1002173-1880652,2026-06-22,GT-SERUM-HA,1,24.99,0.00,-0.00,-3.75,-3.55,0.00,0.00,17.69
2026-STL-0622,Order,114-1002174-6105140,2026-06-22,GT-SERUM-HA,1,24.99,0.00,-0.00,-3.75,-3.55,0.00,0.00,17.69
2026-STL-0622,Order,114-1002394-4139098,2026-06-22,GT-MOIST-50ML,1,22.99,0.00,-0.00,-3.45,-3.60,0.00,0.00,15.94
2026-STL-0622,Order,114-1002395-2488335,2026-06-22,GT-MOIST-50ML,1,22.99,0.00,-0.00,-3.45,-3.60,0.00,0.00,15.94
2026-STL-0622,Order,114-1002396-1053648,2026-06-22,GT-MOIST-50ML,2,45.98,0.00,-0.00,-6.90,-7.20,0.00,0.00,31.88
2026-STL-0622,Order,114-1002554-8750193,2026-06-22,GT-CLEANSE-150,1,16.99,0.00,-0.00,-2.55,-3.70,0.00,0.00,10.74
2026-STL-0622,Order,114-1002555-3852351,2026-06-22,GT-CLEANSE-150,1,16.99,0.00,-0.00,-2.55,-3.70,0.00,0.00,10.74
2026-STL-0622,Order,114-1002556-2318832,2026-06-22,GT-CLEANSE-150,1,16.99,0.00,-0.00,-2.55,-3.70,0.00,0.00,10.74
2026-STL-0622,Order,114-1002557-4482131,2026-06-22,GT-CLEANSE-150,1,16.99,0.00,-0.00,-2.55,-3.70,0.00,0.00,10.74
2026-STL-0622,Order,114-1002691-3209678,2026-06-22,GT-MASK-CLAY,2,29.98,0.00,-0.00,-4.50,-7.70,0.00,0.00,17.78
2026-STL-0622,Order,114-1002804-7400318,2026-06-22,GT-EYE-CREAM,1,26.99,0.00,-0.00,-4.05,-3.50,0.00,0.00,19.44
2026-STL-0622,Order,114-1002805-1079503,2026-06-22,GT-EYE-CREAM,1,26.99,0.00,-2.70,-3.64,-3.50,0.00,0.00,17.15
2026-STL-0622,Refund,114-1002953-2140205,2026-06-22,GT-SPF30-TINT,-1,-23.99,0.00,0.00,2.88,0.00,0.00,0.00,-21.11
2026-STL-0622,Order,114-1002984-5806959,2026-06-22,GT-SPF30-TINT,1,23.99,0.00,-0.00,-3.60,-3.60,0.00,0.00,16.79
2026-STL-0622,Order,114-1002985-8926818,2026-06-22,GT-SPF30-TINT,1,23.99,0.00,-0.00,-3.60,-3.60,0.00,0.00,16.79
2026-STL-0622,Order,114-1003077-7778101,2026-06-22,GT-ROLLER-JADE,1,13.99,0.00,-0.00,-2.10,-3.40,0.00,0.00,8.49
2026-STL-0622,Order,114-1003308-1502647,2026-06-22,PH-CHEW-BULLY-6,1,29.99,0.00,-3.00,-4.05,-4.60,0.00,0.00,18.34
2026-STL-0622,Order,114-1003309-1406129,2026-06-22,PH-CHEW-BULLY-6,1,29.99,0.00,-0.00,-4.50,-4.60,0.00,0.00,20.89
2026-STL-0622,Order,114-1003310-3766964,2026-06-22,PH-CHEW-BULLY-6,1,29.99,0.00,-0.00,-4.50,-4.60,0.00,0.00,20.89
2026-STL-0622,Order,114-1003311-2386345,2026-06-22,PH-CHEW-BULLY-6,1,29.99,0.00,-0.00,-4.50,-4.60,0.00,0.00,20.89
2026-STL-0622,Order,114-1003622-4279706,2026-06-22,PH-TREAT-SALMON,1,18.99,0.00,-0.00,-2.85,-3.90,0.00,0.00,12.24
2026-STL-0622,Order,114-1003623-1904008,2026-06-22,PH-TREAT-SALMON,1,18.99,0.00,-0.00,-2.85,-3.90,0.00,0.00,12.24
2026-STL-0622,Order,114-1003624-1801923,2026-06-22,PH-TREAT-SALMON,1,18.99,0.00,-0.00,-2.85,-3.90,0.00,0.00,12.24
2026-STL-0622,Order,114-1003625-5622924,2026-06-22,PH-TREAT-SALMON,1,18.99,0.00,-3.80,-2.28,-3.90,0.00,0.00,9.01
2026-STL-0622,Order,114-1003793-7799074,2026-06-22,PH-SHAMPOO-OAT,1,15.99,0.00,-0.00,-2.40,-3.95,0.00,0.00,9.64
2026-STL-0622,Order,114-1003794-9857606,2026-06-22,PH-SHAMPOO-OAT,1,15.99,0.00,-0.00,-2.40,-3.95,0.00,0.00,9.64
2026-STL-0622,Order,114-1003965-2990842,2026-06-22,PH-TOY-ROPE-L,1,13.99,0.00,-0.00,-2.10,-3.75,0.00,0.00,8.14
2026-STL-0622,Order,114-1003966-5796861,2026-06-22,PH-TOY-ROPE-L,1,13.99,0.00,-1.40,-1.89,-3.75,0.00,0.00,6.95
2026-STL-0622,Order,114-1004087-1272490,2026-06-22,PH-BED-MED-GRY,1,42.99,0.00,-0.00,-6.45,-12.40,0.00,0.00,24.14
2026-STL-0622,Order,114-1004414-2151651,2026-06-22,PH-DENTAL-30CT,3,65.97,0.00,-0.00,-9.90,-12.30,0.00,0.00,43.77
2026-STL-0622,Order,114-1004415-5437438,2026-06-22,PH-DENTAL-30CT,1,21.99,0.00,-0.00,-3.30,-4.10,0.00,0.00,14.59
2026-STL-0622,Order,114-1004416-8203855,2026-06-22,PH-DENTAL-30CT,1,21.99,0.00,-0.00,-3.30,-4.10,0.00,0.00,14.59
2026-STL-0622,Order,114-1004417-5337729,2026-06-22,PH-DENTAL-30CT,1,21.99,0.00,-4.40,-2.64,-4.10,0.00,0.00,10.85
2026-STL-0622,Order,114-1004418-6124793,2026-06-22,PH-DENTAL-30CT,1,21.99,0.00,-4.40,-2.64,-4.10,0.00,0.00,10.85
2026-STL-0622,Order,114-1004453-1221565,2026-06-22,GT-LIP-BALM,1,9.99,0.00,-0.00,-1.50,-3.35,0.00,0.00,5.14
2026-STL-0622,Order,114-1004454-2959183,2026-06-22,GT-LIP-BALM,2,19.98,0.00,-0.00,-3.00,-6.70,0.00,0.00,10.28
2026-STL-0623,Order,114-1000295-2514923,2026-06-23,PF-WHEY-CHOC,2,89.98,0.00,-0.00,-13.50,-12.20,0.00,0.00,64.28
2026-STL-0623,Order,114-1000296-1688246,2026-06-23,PF-WHEY-CHOC,1,44.99,0.00,-0.00,-6.75,-6.10,0.00,0.00,32.14
2026-STL-0623,Order,114-1000297-6394323,2026-06-23,PF-WHEY-CHOC,1,44.99,0.00,-0.00,-6.75,-6.10,0.00,0.00,32.14
2026-STL-0623,Order,114-1000298-8558523,2026-06-23,PF-WHEY-CHOC,1,44.99,0.00,-9.00,-5.40,-6.10,0.00,0.00,24.49
2026-STL-0623,Order,114-1000519-8230636,2026-06-23,PF-WHEY-VAN,1,44.99,0.00,-0.00,-6.75,-6.10,0.00,0.00,32.14
2026-STL-0623,Order,114-1000520-1440601,2026-06-23,PF-WHEY-VAN,1,44.99,0.00,-0.00,-6.75,-6.10,0.00,0.00,32.14
2026-STL-0623,Order,114-1000696-3853891,2026-06-23,PF-PREWKT-BERRY,2,65.98,0.00,-0.00,-9.90,-8.70,0.00,0.00,47.38
2026-STL-0623,Order,114-1000697-2562037,2026-06-23,PF-PREWKT-BERRY,1,32.99,0.00,-0.00,-4.95,-4.35,0.00,0.00,23.69
2026-STL-0623,Order,114-1000698-1519979,2026-06-23,PF-PREWKT-BERRY,3,98.97,0.00,-9.90,-13.36,-13.05,0.00,0.00,62.66
2026-STL-0623,Refund,114-1000967-9986747,2026-06-23,PF-CREATINE-300,-1,-24.99,0.00,0.00,3.00,0.00,0.00,0.00,-21.99
2026-STL-0623,Order,114-1001038-7640561,2026-06-23,PF-CREATINE-300,1,24.99,0.00,-0.00,-3.75,-4.05,0.00,0.00,17.19
2026-STL-0623,Order,114-1001039-8973718,2026-06-23,PF-CREATINE-300,1,24.99,0.00,-0.00,-3.75,-4.05,0.00,0.00,17.19
2026-STL-0623,Order,114-1001040-5172867,2026-06-23,PF-CREATINE-300,1,24.99,0.00,-0.00,-3.75,-4.05,0.00,0.00,17.19
2026-STL-0623,Order,114-1001041-2007511,2026-06-23,PF-CREATINE-300,1,24.99,0.00,-0.00,-3.75,-4.05,0.00,0.00,17.19
2026-STL-0623,Order,114-1001042-2801733,2026-06-23,PF-CREATINE-300,1,24.99,0.00,-0.00,-3.75,-4.05,0.00,0.00,17.19
2026-STL-0623,Order,114-1001150-3047210,2026-06-23,PF-BCAA-LEMON,1,27.99,0.00,-0.00,-4.20,-4.20,0.00,0.00,19.59
2026-STL-0623,Order,114-1001151-9802102,2026-06-23,PF-BCAA-LEMON,1,27.99,0.00,-0.00,-4.20,-4.20,0.00,0.00,19.59
2026-STL-0623,Order,114-1001280-2060687,2026-06-23,PF-SHAKER-28,1,12.99,0.00,-0.00,-1.95,-3.45,0.00,0.00,7.59
2026-STL-0623,Order,114-1001281-7206350,2026-06-23,PF-SHAKER-28,1,12.99,0.00,-0.00,-1.95,-3.45,0.00,0.00,7.59
2026-STL-0623,Order,114-1001282-1682814,2026-06-23,PF-SHAKER-28,1,12.99,0.00,-1.30,-1.75,-3.45,0.00,0.00,6.49
2026-STL-0623,Order,114-1001363-9885420,2026-06-23,PF-VEGAN-CHOC,1,39.99,0.00,-0.00,-6.00,-6.10,0.00,0.00,27.89
2026-STL-0623,Order,114-1001364-4074382,2026-06-23,PF-VEGAN-CHOC,1,39.99,0.00,-0.00,-6.00,-6.10,0.00,0.00,27.89
2026-STL-0623,Order,114-1001462-7954096,2026-06-23,PF-ELECTRO-CITRUS,1,21.99,0.00,-0.00,-3.30,-3.95,0.00,0.00,14.74
2026-STL-0623,Order,114-1001849-6583476,2026-06-23,GT-SERUM-VITC,1,28.99,0.00,-0.00,-4.35,-3.55,0.00,0.00,21.09
2026-STL-0623,Order,114-1001850-2084932,2026-06-23,GT-SERUM-VITC,2,57.98,0.00,-0.00,-8.70,-7.10,0.00,0.00,42.18
2026-STL-0623,Order,114-1001851-7403032,2026-06-23,GT-SERUM-VITC,1,28.99,0.00,-0.00,-4.35,-3.55,0.00,0.00,21.09
2026-STL-0623,Order,114-1001852-8331010,2026-06-23,GT-SERUM-VITC,1,28.99,0.00,-5.80,-3.48,-3.55,0.00,0.00,16.16
2026-STL-0623,Order,114-1001853-2471032,2026-06-23,GT-SERUM-VITC,1,28.99,0.00,-0.00,-4.35,-3.55,0.00,0.00,21.09
2026-STL-0623,Order,114-1001854-4156740,2026-06-23,GT-SERUM-VITC,1,28.99,0.00,-0.00,-4.35,-3.55,0.00,0.00,21.09
2026-STL-0623,Order,114-1001855-6257514,2026-06-23,GT-SERUM-VITC,1,28.99,0.00,-0.00,-4.35,-3.55,0.00,0.00,21.09
2026-STL-0623,Order,114-1002175-3857807,2026-06-23,GT-SERUM-HA,1,24.99,0.00,-0.00,-3.75,-3.55,0.00,0.00,17.69
2026-STL-0623,Order,114-1002176-6357513,2026-06-23,GT-SERUM-HA,1,24.99,0.00,-0.00,-3.75,-3.55,0.00,0.00,17.69
2026-STL-0623,Order,114-1002177-7933921,2026-06-23,GT-SERUM-HA,1,24.99,0.00,-2.50,-3.37,-3.55,0.00,0.00,15.57
2026-STL-0623,Order,114-1002178-5035313,2026-06-23,GT-SERUM-HA,1,24.99,0.00,-0.00,-3.75,-3.55,0.00,0.00,17.69
2026-STL-0623,Order,114-1002397-3988274,2026-06-23,GT-MOIST-50ML,1,22.99,0.00,-0.00,-3.45,-3.60,0.00,0.00,15.94
2026-STL-0623,Order,114-1002398-4937877,2026-06-23,GT-MOIST-50ML,1,22.99,0.00,-0.00,-3.45,-3.60,0.00,0.00,15.94
2026-STL-0623,Order,114-1002399-4020978,2026-06-23,GT-MOIST-50ML,1,22.99,0.00,-0.00,-3.45,-3.60,0.00,0.00,15.94
2026-STL-0623,Order,114-1002400-9137955,2026-06-23,GT-MOIST-50ML,2,45.98,0.00,-4.60,-6.21,-7.20,0.00,0.00,27.97
2026-STL-0623,Order,114-1002558-8841337,2026-06-23,GT-CLEANSE-150,1,16.99,0.00,-0.00,-2.55,-3.70,0.00,0.00,10.74
2026-STL-0623,Order,114-1002559-8239885,2026-06-23,GT-CLEANSE-150,1,16.99,0.00,-0.00,-2.55,-3.70,0.00,0.00,10.74
2026-STL-0623,Order,114-1002692-1574205,2026-06-23,GT-MASK-CLAY,1,14.99,0.00,-0.00,-2.25,-3.85,0.00,0.00,8.89
2026-STL-0623,Order,114-1002693-4320146,2026-06-23,GT-MASK-CLAY,1,14.99,0.00,-0.00,-2.25,-3.85,0.00,0.00,8.89
2026-STL-0623,Order,114-1002806-7541701,2026-06-23,GT-EYE-CREAM,1,26.99,0.00,-0.00,-4.05,-3.50,0.00,0.00,19.44
2026-STL-0623,Refund,114-1002950-1711267,2026-06-23,GT-SPF30-TINT,-2,-47.98,0.00,0.00,5.76,0.00,0.00,0.00,-42.22
2026-STL-0623,Order,114-1002986-3444368,2026-06-23,GT-SPF30-TINT,1,23.99,0.00,-2.40,-3.24,-3.60,0.00,0.00,14.75
2026-STL-0623,Order,114-1003078-4873783,2026-06-23,GT-ROLLER-JADE,1,13.99,0.00,-0.00,-2.10,-3.40,0.00,0.00,8.49
2026-STL-0623,Order,114-1003312-8364846,2026-06-23,PH-CHEW-BULLY-6,1,29.99,0.00,-3.00,-4.05,-4.60,0.00,0.00,18.34
2026-STL-0623,Order,114-1003313-1433544,2026-06-23,PH-CHEW-BULLY-6,1,29.99,0.00,-0.00,-4.50,-4.60,0.00,0.00,20.89
2026-STL-0623,Order,114-1003314-2932023,2026-06-23,PH-CHEW-BULLY-6,3,89.97,0.00,-0.00,-13.50,-13.80,0.00,0.00,62.67
2026-STL-0623,Order,114-1003315-5901261,2026-06-23,PH-CHEW-BULLY-6,1,29.99,0.00,-0.00,-4.50,-4.60,0.00,0.00,20.89
2026-STL-0623,Order,114-1003626-1292420,2026-06-23,PH-TREAT-SALMON,1,18.99,0.00,-0.00,-2.85,-3.90,0.00,0.00,12.24
2026-STL-0623,Order,114-1003627-9860422,2026-06-23,PH-TREAT-SALMON,1,18.99,0.00,-0.00,-2.85,-3.90,0.00,0.00,12.24
2026-STL-0623,Order,114-1003628-5257397,2026-06-23,PH-TREAT-SALMON,1,18.99,0.00,-0.00,-2.85,-3.90,0.00,0.00,12.24
2026-STL-0623,Order,114-1003629-6599609,2026-06-23,PH-TREAT-SALMON,1,18.99,0.00,-0.00,-2.85,-3.90,0.00,0.00,12.24
2026-STL-0623,Order,114-1003630-4361577,2026-06-23,PH-TREAT-SALMON,1,18.99,0.00,-1.90,-2.56,-3.90,0.00,0.00,10.63
2026-STL-0623,Order,114-1003795-2984967,2026-06-23,PH-SHAMPOO-OAT,1,15.99,0.00,-0.00,-2.40,-3.95,0.00,0.00,9.64
2026-STL-0623,Order,114-1003796-9141900,2026-06-23,PH-SHAMPOO-OAT,3,47.97,0.00,-0.00,-7.20,-11.85,0.00,0.00,28.92
2026-STL-0623,Order,114-1003797-8193303,2026-06-23,PH-SHAMPOO-OAT,1,15.99,0.00,-0.00,-2.40,-3.95,0.00,0.00,9.64
2026-STL-0623,Order,114-1003967-3640954,2026-06-23,PH-TOY-ROPE-L,1,13.99,0.00,-0.00,-2.10,-3.75,0.00,0.00,8.14
2026-STL-0623,Order,114-1003968-6313929,2026-06-23,PH-TOY-ROPE-L,1,13.99,0.00,-0.00,-2.10,-3.75,0.00,0.00,8.14
2026-STL-0623,Order,114-1004088-4615930,2026-06-23,PH-BED-MED-GRY,1,42.99,0.00,-8.60,-5.16,-12.40,0.00,0.00,16.83
2026-STL-0623,Order,114-1004204-5379847,2026-06-23,PH-BRUSH-DBL,1,12.99,0.00,-0.00,-1.95,-3.45,0.00,0.00,7.59
2026-STL-0623,Order,114-1004205-5935684,2026-06-23,PH-BRUSH-DBL,1,12.99,0.00,-0.00,-1.95,-3.45,0.00,0.00,7.59
2026-STL-0623,Order,114-1004206-9050586,2026-06-23,PH-BRUSH-DBL,1,12.99,0.00,-0.00,-1.95,-3.45,0.00,0.00,7.59
2026-STL-0623,Order,114-1004207-9905673,2026-06-23,PH-BRUSH-DBL,2,25.98,0.00,-0.00,-3.90,-6.90,0.00,0.00,15.18
2026-STL-0623,Order,114-1004419-8029014,2026-06-23,PH-DENTAL-30CT,2,43.98,0.00,-8.80,-5.28,-8.20,0.00,0.00,21.70
2026-STL-0623,Order,114-1004420-1422000,2026-06-23,PH-DENTAL-30CT,2,43.98,0.00,-0.00,-6.60,-8.20,0.00,0.00,29.18
2026-STL-0623,Order,114-1004421-7139638,2026-06-23,PH-DENTAL-30CT,1,21.99,0.00,-0.00,-3.30,-4.10,0.00,0.00,14.59
2026-STL-0623,Order,114-1004455-7961552,2026-06-23,GT-LIP-BALM,1,9.99,0.00,-1.00,-1.35,-3.35,0.00,0.00,4.29
2026-STL-0624,Order,114-1000299-3895058,2026-06-24,PF-WHEY-CHOC,1,44.99,0.00,-0.00,-6.75,-6.10,0.00,0.00,32.14
2026-STL-0624,Order,114-1000300-9792411,2026-06-24,PF-WHEY-CHOC,1,44.99,0.00,-9.00,-5.40,-6.10,0.00,0.00,24.49
2026-STL-0624,Order,114-1000301-5746166,2026-06-24,PF-WHEY-CHOC,1,44.99,0.00,-0.00,-6.75,-6.10,0.00,0.00,32.14
2026-STL-0624,Order,114-1000302-1878547,2026-06-24,PF-WHEY-CHOC,1,44.99,0.00,-0.00,-6.75,-6.10,0.00,0.00,32.14
2026-STL-0624,Order,114-1000303-2585546,2026-06-24,PF-WHEY-CHOC,1,44.99,0.00,-0.00,-6.75,-6.10,0.00,0.00,32.14
2026-STL-0624,Order,114-1000521-6443037,2026-06-24,PF-WHEY-VAN,1,44.99,0.00,-0.00,-6.75,-6.10,0.00,0.00,32.14
2026-STL-0624,Order,114-1000522-2421022,2026-06-24,PF-WHEY-VAN,1,44.99,0.00,-0.00,-6.75,-6.10,0.00,0.00,32.14
2026-STL-0624,Order,114-1000523-5072543,2026-06-24,PF-WHEY-VAN,1,44.99,0.00,-9.00,-5.40,-6.10,0.00,0.00,24.49
2026-STL-0624,Order,114-1000524-3329349,2026-06-24,PF-WHEY-VAN,1,44.99,0.00,-0.00,-6.75,-6.10,0.00,0.00,32.14
2026-STL-0624,Refund,114-1000668-4674549,2026-06-24,PF-PREWKT-BERRY,-1,-32.99,0.00,0.00,3.96,0.00,0.00,0.00,-29.03
2026-STL-0624,Order,114-1000699-6554845,2026-06-24,PF-PREWKT-BERRY,1,32.99,0.00,-0.00,-4.95,-4.35,0.00,0.00,23.69
2026-STL-0624,Order,114-1000700-5450404,2026-06-24,PF-PREWKT-BERRY,1,32.99,0.00,-0.00,-4.95,-4.35,0.00,0.00,23.69
2026-STL-0624,Order,114-1001043-6827024,2026-06-24,PF-CREATINE-300,1,24.99,0.00,-5.00,-3.00,-4.05,0.00,0.00,12.94
2026-STL-0624,Order,114-1001044-7337911,2026-06-24,PF-CREATINE-300,1,24.99,0.00,-0.00,-3.75,-4.05,0.00,0.00,17.19
2026-STL-0624,Order,114-1001045-9142018,2026-06-24,PF-CREATINE-300,1,24.99,0.00,-2.50,-3.37,-4.05,0.00,0.00,15.07
2026-STL-0624,Order,114-1001046-9222379,2026-06-24,PF-CREATINE-300,1,24.99,0.00,-0.00,-3.75,-4.05,0.00,0.00,17.19
2026-STL-0624,Order,114-1001047-8858359,2026-06-24,PF-CREATINE-300,1,24.99,0.00,-0.00,-3.75,-4.05,0.00,0.00,17.19
2026-STL-0624,Order,114-1001152-9874251,2026-06-24,PF-BCAA-LEMON,1,27.99,0.00,-5.60,-3.36,-4.20,0.00,0.00,14.83
2026-STL-0624,Order,114-1001153-5818203,2026-06-24,PF-BCAA-LEMON,1,27.99,0.00,-0.00,-4.20,-4.20,0.00,0.00,19.59
2026-STL-0624,Order,114-1001283-7310431,2026-06-24,PF-SHAKER-28,1,12.99,0.00,-0.00,-1.95,-3.45,0.00,0.00,7.59
2026-STL-0624,Order,114-1001284-1106528,2026-06-24,PF-SHAKER-28,1,12.99,0.00,-0.00,-1.95,-3.45,0.00,0.00,7.59
2026-STL-0624,Order,114-1001365-6051155,2026-06-24,PF-VEGAN-CHOC,1,39.99,0.00,-0.00,-6.00,-6.10,0.00,0.00,27.89
2026-STL-0624,Order,114-1001856-7512001,2026-06-24,GT-SERUM-VITC,1,28.99,0.00,-0.00,-4.35,-3.55,0.00,0.00,21.09
2026-STL-0624,Order,114-1001857-3119085,2026-06-24,GT-SERUM-VITC,1,28.99,0.00,-0.00,-4.35,-3.55,0.00,0.00,21.09
2026-STL-0624,Order,114-1001858-7632241,2026-06-24,GT-SERUM-VITC,1,28.99,0.00,-0.00,-4.35,-3.55,0.00,0.00,21.09
2026-STL-0624,Order,114-1001859-5979872,2026-06-24,GT-SERUM-VITC,1,28.99,0.00,-0.00,-4.35,-3.55,0.00,0.00,21.09
2026-STL-0624,Order,114-1001860-5754542,2026-06-24,GT-SERUM-VITC,1,28.99,0.00,-0.00,-4.35,-3.55,0.00,0.00,21.09
2026-STL-0624,Order,114-1001861-1576194,2026-06-24,GT-SERUM-VITC,1,28.99,0.00,-2.90,-3.91,-3.55,0.00,0.00,18.63
2026-STL-0624,Order,114-1002179-6400776,2026-06-24,GT-SERUM-HA,1,24.99,0.00,-5.00,-3.00,-3.55,0.00,0.00,13.44
2026-STL-0624,Order,114-1002180-5969984,2026-06-24,GT-SERUM-HA,1,24.99,0.00,-0.00,-3.75,-3.55,0.00,0.00,17.69
2026-STL-0624,Order,114-1002181-5066398,2026-06-24,GT-SERUM-HA,1,24.99,0.00,-2.50,-3.37,-3.55,0.00,0.00,15.57
2026-STL-0624,Order,114-1002182-2308903,2026-06-24,GT-SERUM-HA,1,24.99,0.00,-0.00,-3.75,-3.55,0.00,0.00,17.69
2026-STL-0624,Order,114-1002183-4626151,2026-06-24,GT-SERUM-HA,1,24.99,0.00,-0.00,-3.75,-3.55,0.00,0.00,17.69
2026-STL-0624,Order,114-1002184-6711805,2026-06-24,GT-SERUM-HA,1,24.99,0.00,-0.00,-3.75,-3.55,0.00,0.00,17.69
2026-STL-0624,Order,114-1002401-4673044,2026-06-24,GT-MOIST-50ML,1,22.99,0.00,-0.00,-3.45,-3.60,0.00,0.00,15.94
2026-STL-0624,Order,114-1002402-5819613,2026-06-24,GT-MOIST-50ML,2,45.98,0.00,-0.00,-6.90,-7.20,0.00,0.00,31.88
2026-STL-0624,Order,114-1002560-5762844,2026-06-24,GT-CLEANSE-150,1,16.99,0.00,-0.00,-2.55,-3.70,0.00,0.00,10.74
2026-STL-0624,Order,114-1002561-3209515,2026-06-24,GT-CLEANSE-150,1,16.99,0.00,-0.00,-2.55,-3.70,0.00,0.00,10.74
2026-STL-0624,Order,114-1002694-7656588,2026-06-24,GT-MASK-CLAY,2,29.98,0.00,-0.00,-4.50,-7.70,0.00,0.00,17.78
2026-STL-0624,Order,114-1002695-6769714,2026-06-24,GT-MASK-CLAY,1,14.99,0.00,-0.00,-2.25,-3.85,0.00,0.00,8.89
2026-STL-0624,Order,114-1002696-7805792,2026-06-24,GT-MASK-CLAY,2,29.98,0.00,-6.00,-3.60,-7.70,0.00,0.00,12.68
2026-STL-0624,Refund,114-1002954-9245415,2026-06-24,GT-SPF30-TINT,-1,-23.99,0.00,0.00,2.88,0.00,0.00,0.00,-21.11
2026-STL-0624,Order,114-1002987-6829027,2026-06-24,GT-SPF30-TINT,1,23.99,0.00,-0.00,-3.60,-3.60,0.00,0.00,16.79
2026-STL-0624,Order,114-1002988-9296512,2026-06-24,GT-SPF30-TINT,1,23.99,0.00,-0.00,-3.60,-3.60,0.00,0.00,16.79
2026-STL-0624,Order,114-1003079-5094863,2026-06-24,GT-ROLLER-JADE,2,27.98,0.00,-5.60,-3.36,-6.80,0.00,0.00,12.22
2026-STL-0624,Order,114-1003080-1367073,2026-06-24,GT-ROLLER-JADE,1,13.99,0.00,-0.00,-2.10,-3.40,0.00,0.00,8.49
2026-STL-0624,Order,114-1003316-8999013,2026-06-24,PH-CHEW-BULLY-6,1,29.99,0.00,-0.00,-4.50,-4.60,0.00,0.00,20.89
2026-STL-0624,Order,114-1003317-3526267,2026-06-24,PH-CHEW-BULLY-6,1,29.99,0.00,-0.00,-4.50,-4.60,0.00,0.00,20.89
2026-STL-0624,Order,114-1003318-1712357,2026-06-24,PH-CHEW-BULLY-6,1,29.99,0.00,-0.00,-4.50,-4.60,0.00,0.00,20.89
2026-STL-0624,Order,114-1003319-8840207,2026-06-24,PH-CHEW-BULLY-6,1,29.99,0.00,-0.00,-4.50,-4.60,0.00,0.00,20.89
2026-STL-0624,Order,114-1003320-5383639,2026-06-24,PH-CHEW-BULLY-6,1,29.99,0.00,-0.00,-4.50,-4.60,0.00,0.00,20.89
2026-STL-0624,Order,114-1003631-8373187,2026-06-24,PH-TREAT-SALMON,1,18.99,0.00,-1.90,-2.56,-3.90,0.00,0.00,10.63
2026-STL-0624,Order,114-1003632-8328436,2026-06-24,PH-TREAT-SALMON,2,37.98,0.00,-3.80,-5.13,-7.80,0.00,0.00,21.25
2026-STL-0624,Order,114-1003633-9801594,2026-06-24,PH-TREAT-SALMON,1,18.99,0.00,-0.00,-2.85,-3.90,0.00,0.00,12.24
2026-STL-0624,Order,114-1003634-1318441,2026-06-24,PH-TREAT-SALMON,1,18.99,0.00,-1.90,-2.56,-3.90,0.00,0.00,10.63
2026-STL-0624,Order,114-1003635-8139771,2026-06-24,PH-TREAT-SALMON,3,56.97,0.00,-0.00,-8.55,-11.70,0.00,0.00,36.72
2026-STL-0624,Order,114-1003798-4971964,2026-06-24,PH-SHAMPOO-OAT,1,15.99,0.00,-0.00,-2.40,-3.95,0.00,0.00,9.64
2026-STL-0624,Order,114-1003799-7014744,2026-06-24,PH-SHAMPOO-OAT,2,31.98,0.00,-0.00,-4.80,-7.90,0.00,0.00,19.28
2026-STL-0624,Order,114-1003969-8596810,2026-06-24,PH-TOY-ROPE-L,1,13.99,0.00,-1.40,-1.89,-3.75,0.00,0.00,6.95
2026-STL-0624,Order,114-1003970-4791742,2026-06-24,PH-TOY-ROPE-L,1,13.99,0.00,-0.00,-2.10,-3.75,0.00,0.00,8.14
2026-STL-0624,Order,114-1004089-8398302,2026-06-24,PH-BED-MED-GRY,1,42.99,0.00,-0.00,-6.45,-12.40,0.00,0.00,24.14
2026-STL-0624,Order,114-1004208-1585851,2026-06-24,PH-BRUSH-DBL,1,12.99,0.00,-0.00,-1.95,-3.45,0.00,0.00,7.59
2026-STL-0624,Order,114-1004209-3061504,2026-06-24,PH-BRUSH-DBL,1,12.99,0.00,-0.00,-1.95,-3.45,0.00,0.00,7.59
2026-STL-0624,Order,114-1004422-9251338,2026-06-24,PH-DENTAL-30CT,1,21.99,0.00,-0.00,-3.30,-4.10,0.00,0.00,14.59
2026-STL-0624,Order,114-1004423-8077565,2026-06-24,PH-DENTAL-30CT,1,21.99,0.00,-0.00,-3.30,-4.10,0.00,0.00,14.59
2026-STL-0624,Order,114-1004424-3737737,2026-06-24,PH-DENTAL-30CT,3,65.97,0.00,-0.00,-9.90,-12.30,0.00,0.00,43.77
2026-STL-0625,Order,114-1000304-3522845,2026-06-25,PF-WHEY-CHOC,1,44.99,0.00,-0.00,-6.75,-6.10,0.00,0.00,32.14
2026-STL-0625,Order,114-1000305-6869018,2026-06-25,PF-WHEY-CHOC,1,44.99,0.00,-0.00,-6.75,-6.10,0.00,0.00,32.14
2026-STL-0625,Order,114-1000306-3163449,2026-06-25,PF-WHEY-CHOC,1,44.99,0.00,-0.00,-6.75,-6.10,0.00,0.00,32.14
2026-STL-0625,Order,114-1000307-7319630,2026-06-25,PF-WHEY-CHOC,2,89.98,0.00,-0.00,-13.50,-12.20,0.00,0.00,64.28
2026-STL-0625,Order,114-1000525-6029008,2026-06-25,PF-WHEY-VAN,1,44.99,0.00,-0.00,-6.75,-6.10,0.00,0.00,32.14
2026-STL-0625,Order,114-1000526-5137094,2026-06-25,PF-WHEY-VAN,1,44.99,0.00,-0.00,-6.75,-6.10,0.00,0.00,32.14
2026-STL-0625,Order,114-1000527-8681643,2026-06-25,PF-WHEY-VAN,1,44.99,0.00,-0.00,-6.75,-6.10,0.00,0.00,32.14
2026-STL-0625,Order,114-1000701-7591805,2026-06-25,PF-PREWKT-BERRY,1,32.99,0.00,-0.00,-4.95,-4.35,0.00,0.00,23.69
2026-STL-0625,Order,114-1001048-3600895,2026-06-25,PF-CREATINE-300,1,24.99,0.00,-0.00,-3.75,-4.05,0.00,0.00,17.19
2026-STL-0625,Order,114-1001049-8618181,2026-06-25,PF-CREATINE-300,1,24.99,0.00,-0.00,-3.75,-4.05,0.00,0.00,17.19
2026-STL-0625,Order,114-1001050-1314067,2026-06-25,PF-CREATINE-300,1,24.99,0.00,-0.00,-3.75,-4.05,0.00,0.00,17.19
2026-STL-0625,Order,114-1001051-6380354,2026-06-25,PF-CREATINE-300,1,24.99,0.00,-0.00,-3.75,-4.05,0.00,0.00,17.19
2026-STL-0625,Order,114-1001052-7501017,2026-06-25,PF-CREATINE-300,1,24.99,0.00,-0.00,-3.75,-4.05,0.00,0.00,17.19
2026-STL-0625,Order,114-1001053-3585897,2026-06-25,PF-CREATINE-300,1,24.99,0.00,-0.00,-3.75,-4.05,0.00,0.00,17.19
2026-STL-0625,Order,114-1001154-6936673,2026-06-25,PF-BCAA-LEMON,2,55.98,0.00,-0.00,-8.40,-8.40,0.00,0.00,39.18
2026-STL-0625,Order,114-1001155-9350710,2026-06-25,PF-BCAA-LEMON,1,27.99,0.00,-0.00,-4.20,-4.20,0.00,0.00,19.59
2026-STL-0625,Order,114-1001285-8986164,2026-06-25,PF-SHAKER-28,2,25.98,0.00,-0.00,-3.90,-6.90,0.00,0.00,15.18
2026-STL-0625,Order,114-1001286-9775941,2026-06-25,PF-SHAKER-28,1,12.99,0.00,-0.00,-1.95,-3.45,0.00,0.00,7.59
2026-STL-0625,Order,114-1001287-1631179,2026-06-25,PF-SHAKER-28,1,12.99,0.00,-0.00,-1.95,-3.45,0.00,0.00,7.59
2026-STL-0625,Order,114-1001366-9966085,2026-06-25,PF-VEGAN-CHOC,1,39.99,0.00,-0.00,-6.00,-6.10,0.00,0.00,27.89
2026-STL-0625,Refund,114-1001458-3283248,2026-06-25,PF-ELECTRO-CITRUS,-1,-21.99,0.00,0.00,2.64,0.00,0.00,0.00,-19.35
2026-STL-0625,Order,114-1001463-1347869,2026-06-25,PF-ELECTRO-CITRUS,2,43.98,0.00,-0.00,-6.60,-7.90,0.00,0.00,29.48
2026-STL-0625,Refund,114-1001834-3329735,2026-06-25,GT-SERUM-VITC,-1,-28.99,0.00,0.00,3.48,0.00,0.00,0.00,-25.51
2026-STL-0625,Order,114-1001862-3071382,2026-06-25,GT-SERUM-VITC,1,28.99,0.00,-5.80,-3.48,-3.55,0.00,0.00,16.16
2026-STL-0625,Order,114-1001863-4618930,2026-06-25,GT-SERUM-VITC,2,57.98,0.00,-0.00,-8.70,-7.10,0.00,0.00,42.18
2026-STL-0625,Order,114-1001864-6589238,2026-06-25,GT-SERUM-VITC,1,28.99,0.00,-0.00,-4.35,-3.55,0.00,0.00,21.09
2026-STL-0625,Order,114-1001865-4776077,2026-06-25,GT-SERUM-VITC,1,28.99,0.00,-2.90,-3.91,-3.55,0.00,0.00,18.63
2026-STL-0625,Order,114-1001866-4003461,2026-06-25,GT-SERUM-VITC,1,28.99,0.00,-2.90,-3.91,-3.55,0.00,0.00,18.63
2026-STL-0625,Order,114-1001867-3670819,2026-06-25,GT-SERUM-VITC,1,28.99,0.00,-0.00,-4.35,-3.55,0.00,0.00,21.09
2026-STL-0625,Order,114-1002185-6231562,2026-06-25,GT-SERUM-HA,2,49.98,0.00,-0.00,-7.50,-7.10,0.00,0.00,35.38
2026-STL-0625,Order,114-1002186-2772688,2026-06-25,GT-SERUM-HA,1,24.99,0.00,-2.50,-3.37,-3.55,0.00,0.00,15.57
2026-STL-0625,Order,114-1002187-8590547,2026-06-25,GT-SERUM-HA,1,24.99,0.00,-0.00,-3.75,-3.55,0.00,0.00,17.69
2026-STL-0625,Order,114-1002403-8128056,2026-06-25,GT-MOIST-50ML,1,22.99,0.00,-0.00,-3.45,-3.60,0.00,0.00,15.94
2026-STL-0625,Order,114-1002404-2904822,2026-06-25,GT-MOIST-50ML,1,22.99,0.00,-0.00,-3.45,-3.60,0.00,0.00,15.94
2026-STL-0625,Order,114-1002562-2856109,2026-06-25,GT-CLEANSE-150,1,16.99,0.00,-0.00,-2.55,-3.70,0.00,0.00,10.74
2026-STL-0625,Order,114-1002563-7729618,2026-06-25,GT-CLEANSE-150,1,16.99,0.00,-0.00,-2.55,-3.70,0.00,0.00,10.74
2026-STL-0625,Order,114-1002564-5678825,2026-06-25,GT-CLEANSE-150,1,16.99,0.00,-0.00,-2.55,-3.70,0.00,0.00,10.74
2026-STL-0625,Order,114-1002697-8379676,2026-06-25,GT-MASK-CLAY,1,14.99,0.00,-0.00,-2.25,-3.85,0.00,0.00,8.89
2026-STL-0625,Order,114-1002698-6659799,2026-06-25,GT-MASK-CLAY,1,14.99,0.00,-0.00,-2.25,-3.85,0.00,0.00,8.89
2026-STL-0625,Order,114-1002989-2450315,2026-06-25,GT-SPF30-TINT,1,23.99,0.00,-4.80,-2.88,-3.60,0.00,0.00,12.71
2026-STL-0625,Order,114-1002990-7017462,2026-06-25,GT-SPF30-TINT,2,47.98,0.00,-0.00,-7.20,-7.20,0.00,0.00,33.58
2026-STL-0625,Order,114-1003081-8115851,2026-06-25,GT-ROLLER-JADE,1,13.99,0.00,-0.00,-2.10,-3.40,0.00,0.00,8.49
2026-STL-0625,Order,114-1003321-2487947,2026-06-25,PH-CHEW-BULLY-6,1,29.99,0.00,-0.00,-4.50,-4.60,0.00,0.00,20.89
2026-STL-0625,Order,114-1003322-7797848,2026-06-25,PH-CHEW-BULLY-6,1,29.99,0.00,-0.00,-4.50,-4.60,0.00,0.00,20.89
2026-STL-0625,Order,114-1003323-5519937,2026-06-25,PH-CHEW-BULLY-6,1,29.99,0.00,-0.00,-4.50,-4.60,0.00,0.00,20.89
2026-STL-0625,Order,114-1003324-1822048,2026-06-25,PH-CHEW-BULLY-6,3,89.97,0.00,-0.00,-13.50,-13.80,0.00,0.00,62.67
2026-STL-0625,Order,114-1003636-2954202,2026-06-25,PH-TREAT-SALMON,1,18.99,0.00,-0.00,-2.85,-3.90,0.00,0.00,12.24
2026-STL-0625,Order,114-1003637-3085800,2026-06-25,PH-TREAT-SALMON,1,18.99,0.00,-0.00,-2.85,-3.90,0.00,0.00,12.24
2026-STL-0625,Order,114-1003638-5407277,2026-06-25,PH-TREAT-SALMON,1,18.99,0.00,-0.00,-2.85,-3.90,0.00,0.00,12.24
2026-STL-0625,Order,114-1003639-2139922,2026-06-25,PH-TREAT-SALMON,1,18.99,0.00,-1.90,-2.56,-3.90,0.00,0.00,10.63
2026-STL-0625,Order,114-1003640-5522403,2026-06-25,PH-TREAT-SALMON,1,18.99,0.00,-0.00,-2.85,-3.90,0.00,0.00,12.24
2026-STL-0625,Order,114-1003800-4133513,2026-06-25,PH-SHAMPOO-OAT,3,47.97,0.00,-0.00,-7.20,-11.85,0.00,0.00,28.92
2026-STL-0625,Order,114-1003801-1098052,2026-06-25,PH-SHAMPOO-OAT,1,15.99,0.00,-0.00,-2.40,-3.95,0.00,0.00,9.64
2026-STL-0625,Order,114-1003971-3046517,2026-06-25,PH-TOY-ROPE-L,1,13.99,0.00,-0.00,-2.10,-3.75,0.00,0.00,8.14
2026-STL-0625,Order,114-1003972-3801999,2026-06-25,PH-TOY-ROPE-L,1,13.99,0.00,-0.00,-2.10,-3.75,0.00,0.00,8.14
2026-STL-0625,Order,114-1003973-8493277,2026-06-25,PH-TOY-ROPE-L,1,13.99,0.00,-0.00,-2.10,-3.75,0.00,0.00,8.14
2026-STL-0625,Order,114-1003974-3624265,2026-06-25,PH-TOY-ROPE-L,2,27.98,0.00,-0.00,-4.20,-7.50,0.00,0.00,16.28
2026-STL-0625,Order,114-1004090-8655347,2026-06-25,PH-BED-MED-GRY,1,42.99,0.00,-4.30,-5.80,-12.40,0.00,0.00,20.49
2026-STL-0625,Order,114-1004210-1725880,2026-06-25,PH-BRUSH-DBL,3,38.97,0.00,-0.00,-5.85,-10.35,0.00,0.00,22.77
2026-STL-0625,Order,114-1004211-8078969,2026-06-25,PH-BRUSH-DBL,1,12.99,0.00,-0.00,-1.95,-3.45,0.00,0.00,7.59
2026-STL-0625,Order,114-1004425-3117579,2026-06-25,PH-DENTAL-30CT,1,21.99,0.00,-0.00,-3.30,-4.10,0.00,0.00,14.59
2026-STL-0625,Order,114-1004426-8601139,2026-06-25,PH-DENTAL-30CT,1,21.99,0.00,-0.00,-3.30,-4.10,0.00,0.00,14.59
2026-STL-0625,Order,114-1004456-3610334,2026-06-25,GT-LIP-BALM,1,9.99,0.00,-1.00,-1.35,-3.35,0.00,0.00,4.29
2026-STL-0626,Order,114-1000308-9831414,2026-06-26,PF-WHEY-CHOC,1,44.99,0.00,-4.50,-6.07,-6.10,0.00,0.00,28.32
2026-STL-0626,Order,114-1000309-1305857,2026-06-26,PF-WHEY-CHOC,1,44.99,0.00,-0.00,-6.75,-6.10,0.00,0.00,32.14
2026-STL-0626,Order,114-1000310-9158272,2026-06-26,PF-WHEY-CHOC,1,44.99,0.00,-0.00,-6.75,-6.10,0.00,0.00,32.14
2026-STL-0626,Order,114-1000311-5962567,2026-06-26,PF-WHEY-CHOC,3,134.97,0.00,-0.00,-20.25,-18.30,0.00,0.00,96.42
2026-STL-0626,Order,114-1000528-6573679,2026-06-26,PF-WHEY-VAN,1,44.99,0.00,-4.50,-6.07,-6.10,0.00,0.00,28.32
2026-STL-0626,Order,114-1000529-8385715,2026-06-26,PF-WHEY-VAN,1,44.99,0.00,-4.50,-6.07,-6.10,0.00,0.00,28.32
2026-STL-0626,Order,114-1000530-3283789,2026-06-26,PF-WHEY-VAN,1,44.99,0.00,-4.50,-6.07,-6.10,0.00,0.00,28.32
2026-STL-0626,Order,114-1000702-5941719,2026-06-26,PF-PREWKT-BERRY,1,32.99,0.00,-0.00,-4.95,-4.35,0.00,0.00,23.69
2026-STL-0626,Order,114-1000703-2627170,2026-06-26,PF-PREWKT-BERRY,1,32.99,0.00,-0.00,-4.95,-4.35,0.00,0.00,23.69
2026-STL-0626,Order,114-1001054-2853280,2026-06-26,PF-CREATINE-300,1,24.99,0.00,-0.00,-3.75,-4.05,0.00,0.00,17.19
2026-STL-0626,Order,114-1001055-3177250,2026-06-26,PF-CREATINE-300,1,24.99,0.00,-0.00,-3.75,-4.05,0.00,0.00,17.19
2026-STL-0626,Order,114-1001056-4214793,2026-06-26,PF-CREATINE-300,1,24.99,0.00,-0.00,-3.75,-4.05,0.00,0.00,17.19
2026-STL-0626,Order,114-1001156-1026523,2026-06-26,PF-BCAA-LEMON,1,27.99,0.00,-5.60,-3.36,-4.20,0.00,0.00,14.83
2026-STL-0626,Order,114-1001157-4478434,2026-06-26,PF-BCAA-LEMON,1,27.99,0.00,-0.00,-4.20,-4.20,0.00,0.00,19.59
2026-STL-0626,Order,114-1001288-2476750,2026-06-26,PF-SHAKER-28,1,12.99,0.00,-0.00,-1.95,-3.45,0.00,0.00,7.59
2026-STL-0626,Order,114-1001289-1076672,2026-06-26,PF-SHAKER-28,1,12.99,0.00,-0.00,-1.95,-3.45,0.00,0.00,7.59
2026-STL-0626,Order,114-1001290-2605308,2026-06-26,PF-SHAKER-28,1,12.99,0.00,-2.60,-1.56,-3.45,0.00,0.00,5.38
2026-STL-0626,Order,114-1001367-9135255,2026-06-26,PF-VEGAN-CHOC,1,39.99,0.00,-0.00,-6.00,-6.10,0.00,0.00,27.89
2026-STL-0626,Order,114-1001464-4837070,2026-06-26,PF-ELECTRO-CITRUS,2,43.98,0.00,-0.00,-6.60,-7.90,0.00,0.00,29.48
2026-STL-0626,Order,114-1001465-3831255,2026-06-26,PF-ELECTRO-CITRUS,3,65.97,0.00,-0.00,-9.90,-11.85,0.00,0.00,44.22
2026-STL-0626,Order,114-1001868-7565976,2026-06-26,GT-SERUM-VITC,1,28.99,0.00,-5.80,-3.48,-3.55,0.00,0.00,16.16
2026-STL-0626,Order,114-1001869-4273103,2026-06-26,GT-SERUM-VITC,1,28.99,0.00,-0.00,-4.35,-3.55,0.00,0.00,21.09
2026-STL-0626,Order,114-1001870-6426063,2026-06-26,GT-SERUM-VITC,1,28.99,0.00,-0.00,-4.35,-3.55,0.00,0.00,21.09
2026-STL-0626,Order,114-1001871-6101515,2026-06-26,GT-SERUM-VITC,1,28.99,0.00,-2.90,-3.91,-3.55,0.00,0.00,18.63
2026-STL-0626,Order,114-1001872-9094028,2026-06-26,GT-SERUM-VITC,1,28.99,0.00,-0.00,-4.35,-3.55,0.00,0.00,21.09
2026-STL-0626,Refund,114-1002126-8338707,2026-06-26,GT-SERUM-HA,-1,-24.99,0.00,0.00,3.00,0.00,0.00,0.00,-21.99
2026-STL-0626,Order,114-1002188-4153336,2026-06-26,GT-SERUM-HA,1,24.99,0.00,-0.00,-3.75,-3.55,0.00,0.00,17.69
2026-STL-0626,Order,114-1002189-2712355,2026-06-26,GT-SERUM-HA,1,24.99,0.00,-0.00,-3.75,-3.55,0.00,0.00,17.69
2026-STL-0626,Order,114-1002190-5035968,2026-06-26,GT-SERUM-HA,2,49.98,0.00,-0.00,-7.50,-7.10,0.00,0.00,35.38
2026-STL-0626,Order,114-1002191-9906779,2026-06-26,GT-SERUM-HA,1,24.99,0.00,-0.00,-3.75,-3.55,0.00,0.00,17.69
2026-STL-0626,Order,114-1002405-9206984,2026-06-26,GT-MOIST-50ML,2,45.98,0.00,-4.60,-6.21,-7.20,0.00,0.00,27.97
2026-STL-0626,Order,114-1002406-5495016,2026-06-26,GT-MOIST-50ML,1,22.99,0.00,-0.00,-3.45,-3.60,0.00,0.00,15.94
2026-STL-0626,Refund,114-1002548-5574801,2026-06-26,GT-CLEANSE-150,-2,-33.98,0.00,0.00,4.08,0.00,0.00,0.00,-29.90
2026-STL-0626,Order,114-1002565-6331381,2026-06-26,GT-CLEANSE-150,1,16.99,0.00,-0.00,-2.55,-3.70,0.00,0.00,10.74
2026-STL-0626,Order,114-1002566-7777424,2026-06-26,GT-CLEANSE-150,1,16.99,0.00,-0.00,-2.55,-3.70,0.00,0.00,10.74
2026-STL-0626,Order,114-1002699-8655712,2026-06-26,GT-MASK-CLAY,1,14.99,0.00,-0.00,-2.25,-3.85,0.00,0.00,8.89
2026-STL-0626,Order,114-1002700-9708598,2026-06-26,GT-MASK-CLAY,1,14.99,0.00,-0.00,-2.25,-3.85,0.00,0.00,8.89
2026-STL-0626,Order,114-1002807-5130100,2026-06-26,GT-EYE-CREAM,1,26.99,0.00,-0.00,-4.05,-3.50,0.00,0.00,19.44
2026-STL-0626,Order,114-1002808-6196562,2026-06-26,GT-EYE-CREAM,1,26.99,0.00,-2.70,-3.64,-3.50,0.00,0.00,17.15
2026-STL-0626,Order,114-1002809-5573719,2026-06-26,GT-EYE-CREAM,2,53.98,0.00,-0.00,-8.10,-7.00,0.00,0.00,38.88
2026-STL-0626,Order,114-1002991-6762197,2026-06-26,GT-SPF30-TINT,1,23.99,0.00,-2.40,-3.24,-3.60,0.00,0.00,14.75
2026-STL-0626,Order,114-1003082-7150439,2026-06-26,GT-ROLLER-JADE,1,13.99,0.00,-0.00,-2.10,-3.40,0.00,0.00,8.49
2026-STL-0626,Order,114-1003083-4676504,2026-06-26,GT-ROLLER-JADE,1,13.99,0.00,-0.00,-2.10,-3.40,0.00,0.00,8.49
2026-STL-0626,Order,114-1003325-1660619,2026-06-26,PH-CHEW-BULLY-6,1,29.99,0.00,-0.00,-4.50,-4.60,0.00,0.00,20.89
2026-STL-0626,Order,114-1003326-7881736,2026-06-26,PH-CHEW-BULLY-6,1,29.99,0.00,-0.00,-4.50,-4.60,0.00,0.00,20.89
2026-STL-0626,Order,114-1003327-6957204,2026-06-26,PH-CHEW-BULLY-6,1,29.99,0.00,-0.00,-4.50,-4.60,0.00,0.00,20.89
2026-STL-0626,Order,114-1003328-9821826,2026-06-26,PH-CHEW-BULLY-6,1,29.99,0.00,-0.00,-4.50,-4.60,0.00,0.00,20.89
2026-STL-0626,Order,114-1003641-2103585,2026-06-26,PH-TREAT-SALMON,1,18.99,0.00,-0.00,-2.85,-3.90,0.00,0.00,12.24
2026-STL-0626,Order,114-1003642-9419411,2026-06-26,PH-TREAT-SALMON,1,18.99,0.00,-0.00,-2.85,-3.90,0.00,0.00,12.24
2026-STL-0626,Order,114-1003643-9336696,2026-06-26,PH-TREAT-SALMON,1,18.99,0.00,-0.00,-2.85,-3.90,0.00,0.00,12.24
2026-STL-0626,Order,114-1003644-9268221,2026-06-26,PH-TREAT-SALMON,1,18.99,0.00,-0.00,-2.85,-3.90,0.00,0.00,12.24
2026-STL-0626,Order,114-1003802-8734053,2026-06-26,PH-SHAMPOO-OAT,2,31.98,0.00,-3.20,-4.32,-7.90,0.00,0.00,16.56
2026-STL-0626,Order,114-1003803-2975996,2026-06-26,PH-SHAMPOO-OAT,1,15.99,0.00,-3.20,-1.92,-3.95,0.00,0.00,6.92
2026-STL-0626,Order,114-1003804-3314748,2026-06-26,PH-SHAMPOO-OAT,1,15.99,0.00,-0.00,-2.40,-3.95,0.00,0.00,9.64
2026-STL-0626,Order,114-1003975-3956450,2026-06-26,PH-TOY-ROPE-L,1,13.99,0.00,-0.00,-2.10,-3.75,0.00,0.00,8.14
2026-STL-0626,Order,114-1004091-6827959,2026-06-26,PH-BED-MED-GRY,1,42.99,0.00,-0.00,-6.45,-12.40,0.00,0.00,24.14
2026-STL-0626,Order,114-1004092-1950689,2026-06-26,PH-BED-MED-GRY,1,42.99,0.00,-4.30,-5.80,-12.40,0.00,0.00,20.49
2026-STL-0626,Order,114-1004212-7278457,2026-06-26,PH-BRUSH-DBL,2,25.98,0.00,-2.60,-3.51,-6.90,0.00,0.00,12.97
2026-STL-0626,Order,114-1004427-6890185,2026-06-26,PH-DENTAL-30CT,1,21.99,0.00,-0.00,-3.30,-4.10,0.00,0.00,14.59
2026-STL-0627,Refund,114-1000245-3211291,2026-06-27,PF-WHEY-CHOC,-1,-44.99,0.00,4.50,4.86,0.00,0.00,0.00,-35.63
2026-STL-0627,Refund,114-1000276-1919088,2026-06-27,PF-WHEY-CHOC,-1,-44.99,0.00,0.00,5.40,0.00,0.00,0.00,-39.59
2026-STL-0627,Order,114-1000312-9833734,2026-06-27,PF-WHEY-CHOC,1,44.99,0.00,-0.00,-6.75,-6.10,0.00,0.00,32.14
2026-STL-0627,Order,114-1000313-3198638,2026-06-27,PF-WHEY-CHOC,1,44.99,0.00,-0.00,-6.75,-6.10,0.00,0.00,32.14
2026-STL-0627,Order,114-1000314-3777286,2026-06-27,PF-WHEY-CHOC,1,44.99,0.00,-0.00,-6.75,-6.10,0.00,0.00,32.14
2026-STL-0627,Order,114-1000315-4985095,2026-06-27,PF-WHEY-CHOC,1,44.99,0.00,-0.00,-6.75,-6.10,0.00,0.00,32.14
2026-STL-0627,Refund,114-1000495-7901115,2026-06-27,PF-WHEY-VAN,-1,-44.99,0.00,0.00,5.40,0.00,0.00,0.00,-39.59
2026-STL-0627,Order,114-1000531-7681351,2026-06-27,PF-WHEY-VAN,1,44.99,0.00,-0.00,-6.75,-6.10,0.00,0.00,32.14
2026-STL-0627,Order,114-1000532-9237735,2026-06-27,PF-WHEY-VAN,1,44.99,0.00,-0.00,-6.75,-6.10,0.00,0.00,32.14
2026-STL-0627,Order,114-1000704-8945197,2026-06-27,PF-PREWKT-BERRY,1,32.99,0.00,-6.60,-3.96,-4.35,0.00,0.00,18.08
2026-STL-0627,Order,114-1000705-9205682,2026-06-27,PF-PREWKT-BERRY,1,32.99,0.00,-0.00,-4.95,-4.35,0.00,0.00,23.69
2026-STL-0627,Refund,114-1001026-3528052,2026-06-27,PF-CREATINE-300,-1,-24.99,0.00,0.00,3.00,0.00,0.00,0.00,-21.99
2026-STL-0627,Order,114-1001057-5293936,2026-06-27,PF-CREATINE-300,1,24.99,0.00,-0.00,-3.75,-4.05,0.00,0.00,17.19
2026-STL-0627,Order,114-1001058-1219548,2026-06-27,PF-CREATINE-300,1,24.99,0.00,-0.00,-3.75,-4.05,0.00,0.00,17.19
2026-STL-0627,Order,114-1001059-2341452,2026-06-27,PF-CREATINE-300,1,24.99,0.00,-0.00,-3.75,-4.05,0.00,0.00,17.19
2026-STL-0627,Order,114-1001158-6600104,2026-06-27,PF-BCAA-LEMON,3,83.97,0.00,-0.00,-12.60,-12.60,0.00,0.00,58.77
2026-STL-0627,Order,114-1001159-4375360,2026-06-27,PF-BCAA-LEMON,1,27.99,0.00,-0.00,-4.20,-4.20,0.00,0.00,19.59
2026-STL-0627,Order,114-1001291-4491484,2026-06-27,PF-SHAKER-28,1,12.99,0.00,-0.00,-1.95,-3.45,0.00,0.00,7.59
2026-STL-0627,Order,114-1001292-8959326,2026-06-27,PF-SHAKER-28,1,12.99,0.00,-0.00,-1.95,-3.45,0.00,0.00,7.59
2026-STL-0627,Order,114-1001293-1906432,2026-06-27,PF-SHAKER-28,1,12.99,0.00,-1.30,-1.75,-3.45,0.00,0.00,6.49
2026-STL-0627,Order,114-1001368-4655356,2026-06-27,PF-VEGAN-CHOC,2,79.98,0.00,-0.00,-12.00,-12.20,0.00,0.00,55.78
2026-STL-0627,Order,114-1001466-3854188,2026-06-27,PF-ELECTRO-CITRUS,1,21.99,0.00,-4.40,-2.64,-3.95,0.00,0.00,11.00
2026-STL-0627,Order,114-1001873-4282547,2026-06-27,GT-SERUM-VITC,1,28.99,0.00,-0.00,-4.35,-3.55,0.00,0.00,21.09
2026-STL-0627,Order,114-1001874-2710400,2026-06-27,GT-SERUM-VITC,1,28.99,0.00,-0.00,-4.35,-3.55,0.00,0.00,21.09
2026-STL-0627,Order,114-1001875-8165734,2026-06-27,GT-SERUM-VITC,3,86.97,0.00,-0.00,-13.05,-10.65,0.00,0.00,63.27
2026-STL-0627,Order,114-1001876-6965707,2026-06-27,GT-SERUM-VITC,1,28.99,0.00,-0.00,-4.35,-3.55,0.00,0.00,21.09
2026-STL-0627,Order,114-1001877-9647567,2026-06-27,GT-SERUM-VITC,1,28.99,0.00,-0.00,-4.35,-3.55,0.00,0.00,21.09
2026-STL-0627,Order,114-1002192-3526985,2026-06-27,GT-SERUM-HA,1,24.99,0.00,-0.00,-3.75,-3.55,0.00,0.00,17.69
2026-STL-0627,Order,114-1002193-8404466,2026-06-27,GT-SERUM-HA,1,24.99,0.00,-0.00,-3.75,-3.55,0.00,0.00,17.69
2026-STL-0627,Order,114-1002194-8089856,2026-06-27,GT-SERUM-HA,1,24.99,0.00,-0.00,-3.75,-3.55,0.00,0.00,17.69
2026-STL-0627,Order,114-1002195-5629265,2026-06-27,GT-SERUM-HA,1,24.99,0.00,-0.00,-3.75,-3.55,0.00,0.00,17.69
2026-STL-0627,Order,114-1002407-2020109,2026-06-27,GT-MOIST-50ML,2,45.98,0.00,-0.00,-6.90,-7.20,0.00,0.00,31.88
2026-STL-0627,Order,114-1002408-7899279,2026-06-27,GT-MOIST-50ML,1,22.99,0.00,-0.00,-3.45,-3.60,0.00,0.00,15.94
2026-STL-0627,Order,114-1002409-1916595,2026-06-27,GT-MOIST-50ML,1,22.99,0.00,-0.00,-3.45,-3.60,0.00,0.00,15.94
2026-STL-0627,Order,114-1002701-1426375,2026-06-27,GT-MASK-CLAY,1,14.99,0.00,-0.00,-2.25,-3.85,0.00,0.00,8.89
2026-STL-0627,Order,114-1002810-4179223,2026-06-27,GT-EYE-CREAM,1,26.99,0.00,-2.70,-3.64,-3.50,0.00,0.00,17.15
2026-STL-0627,Order,114-1002811-7634860,2026-06-27,GT-EYE-CREAM,1,26.99,0.00,-0.00,-4.05,-3.50,0.00,0.00,19.44
2026-STL-0627,Order,114-1002812-4740892,2026-06-27,GT-EYE-CREAM,1,26.99,0.00,-0.00,-4.05,-3.50,0.00,0.00,19.44
2026-STL-0627,Order,114-1002992-6731933,2026-06-27,GT-SPF30-TINT,2,47.98,0.00,-0.00,-7.20,-7.20,0.00,0.00,33.58
2026-STL-0627,Order,114-1002993-3340778,2026-06-27,GT-SPF30-TINT,2,47.98,0.00,-0.00,-7.20,-7.20,0.00,0.00,33.58
2026-STL-0627,Order,114-1002994-7649652,2026-06-27,GT-SPF30-TINT,1,23.99,0.00,-2.40,-3.24,-3.60,0.00,0.00,14.75
2026-STL-0627,Order,114-1003329-1788304,2026-06-27,PH-CHEW-BULLY-6,1,29.99,0.00,-0.00,-4.50,-4.60,0.00,0.00,20.89
2026-STL-0627,Order,114-1003330-9868030,2026-06-27,PH-CHEW-BULLY-6,2,59.98,0.00,-0.00,-9.00,-9.20,0.00,0.00,41.78
2026-STL-0627,Order,114-1003645-7955435,2026-06-27,PH-TREAT-SALMON,1,18.99,0.00,-0.00,-2.85,-3.90,0.00,0.00,12.24
2026-STL-0627,Order,114-1003646-7893543,2026-06-27,PH-TREAT-SALMON,1,18.99,0.00,-0.00,-2.85,-3.90,0.00,0.00,12.24
2026-STL-0627,Order,114-1003647-9136201,2026-06-27,PH-TREAT-SALMON,2,37.98,0.00,-0.00,-5.70,-7.80,0.00,0.00,24.48
2026-STL-0627,Order,114-1003805-2252054,2026-06-27,PH-SHAMPOO-OAT,1,15.99,0.00,-0.00,-2.40,-3.95,0.00,0.00,9.64
2026-STL-0627,Order,114-1003806-3426881,2026-06-27,PH-SHAMPOO-OAT,1,15.99,0.00,-1.60,-2.16,-3.95,0.00,0.00,8.28
2026-STL-0627,Order,114-1003976-9355981,2026-06-27,PH-TOY-ROPE-L,1,13.99,0.00,-1.40,-1.89,-3.75,0.00,0.00,6.95
2026-STL-0627,Order,114-1003977-3744763,2026-06-27,PH-TOY-ROPE-L,1,13.99,0.00,-0.00,-2.10,-3.75,0.00,0.00,8.14
2026-STL-0627,Order,114-1003978-9875764,2026-06-27,PH-TOY-ROPE-L,2,27.98,0.00,-0.00,-4.20,-7.50,0.00,0.00,16.28
2026-STL-0627,Order,114-1003979-3476114,2026-06-27,PH-TOY-ROPE-L,1,13.99,0.00,-0.00,-2.10,-3.75,0.00,0.00,8.14
2026-STL-0627,Order,114-1004213-6429229,2026-06-27,PH-BRUSH-DBL,1,12.99,0.00,-0.00,-1.95,-3.45,0.00,0.00,7.59
2026-STL-0627,Order,114-1004214-9014254,2026-06-27,PH-BRUSH-DBL,1,12.99,0.00,-0.00,-1.95,-3.45,0.00,0.00,7.59
2026-STL-0627,Order,114-1004428-3181407,2026-06-27,PH-DENTAL-30CT,1,21.99,0.00,-4.40,-2.64,-4.10,0.00,0.00,10.85
2026-STL-0627,Order,114-1004429-8414351,2026-06-27,PH-DENTAL-30CT,1,21.99,0.00,-2.20,-2.97,-4.10,0.00,0.00,12.72
2026-STL-0627,Order,114-1004430-9567062,2026-06-27,PH-DENTAL-30CT,1,21.99,0.00,-0.00,-3.30,-4.10,0.00,0.00,14.59
2026-STL-0627,Order,114-1004457-1854439,2026-06-27,GT-LIP-BALM,1,9.99,0.00,-0.00,-1.50,-3.35,0.00,0.00,5.14
2026-STL-0627,Order,114-1004458-5779750,2026-06-27,GT-LIP-BALM,1,9.99,0.00,-0.00,-1.50,-3.35,0.00,0.00,5.14
2026-STL-0628,FBA Storage Fee,,2026-06-28,,,0.00,0.00,0.00,0.00,0.00,-2264.18,0.00,-2264.18
2026-STL-0628,Subscription Fee,,2026-06-28,,,0.00,0.00,0.00,0.00,0.00,-39.99,0.00,-39.99
2026-STL-0628,Advertising Cost,,2026-06-28,,,0.00,0.00,0.00,0.00,0.00,-18490.66,0.00,-18490.66
2026-STL-0628,Order,114-1000316-5012581,2026-06-28,PF-WHEY-CHOC,1,44.99,0.00,-0.00,-6.75,-6.10,0.00,0.00,32.14
2026-STL-0628,Order,114-1000317-4255051,2026-06-28,PF-WHEY-CHOC,1,44.99,0.00,-0.00,-6.75,-6.10,0.00,0.00,32.14
2026-STL-0628,Order,114-1000318-8745704,2026-06-28,PF-WHEY-CHOC,2,89.98,0.00,-18.00,-10.80,-12.20,0.00,0.00,48.98
2026-STL-0628,Order,114-1000533-5702656,2026-06-28,PF-WHEY-VAN,1,44.99,0.00,-0.00,-6.75,-6.10,0.00,0.00,32.14
2026-STL-0628,Order,114-1000534-4352088,2026-06-28,PF-WHEY-VAN,1,44.99,0.00,-0.00,-6.75,-6.10,0.00,0.00,32.14
2026-STL-0628,Order,114-1000706-7399588,2026-06-28,PF-PREWKT-BERRY,1,32.99,0.00,-0.00,-4.95,-4.35,0.00,0.00,23.69
2026-STL-0628,Order,114-1000707-8802377,2026-06-28,PF-PREWKT-BERRY,1,32.99,0.00,-0.00,-4.95,-4.35,0.00,0.00,23.69
2026-STL-0628,Order,114-1001060-7978536,2026-06-28,PF-CREATINE-300,1,24.99,0.00,-0.00,-3.75,-4.05,0.00,0.00,17.19
2026-STL-0628,Order,114-1001061-5459646,2026-06-28,PF-CREATINE-300,1,24.99,0.00,-0.00,-3.75,-4.05,0.00,0.00,17.19
2026-STL-0628,Order,114-1001062-2307538,2026-06-28,PF-CREATINE-300,1,24.99,0.00,-2.50,-3.37,-4.05,0.00,0.00,15.07
2026-STL-0628,Refund,114-1001140-5246497,2026-06-28,PF-BCAA-LEMON,-3,-83.97,0.00,0.00,10.08,0.00,0.00,0.00,-73.89
2026-STL-0628,Order,114-1001160-1102865,2026-06-28,PF-BCAA-LEMON,1,27.99,0.00,-0.00,-4.20,-4.20,0.00,0.00,19.59
2026-STL-0628,Order,114-1001369-9818990,2026-06-28,PF-VEGAN-CHOC,2,79.98,0.00,-0.00,-12.00,-12.20,0.00,0.00,55.78
2026-STL-0628,Order,114-1001467-8300752,2026-06-28,PF-ELECTRO-CITRUS,1,21.99,0.00,-0.00,-3.30,-3.95,0.00,0.00,14.74
2026-STL-0628,Order,114-1001878-1570305,2026-06-28,GT-SERUM-VITC,1,28.99,0.00,-0.00,-4.35,-3.55,0.00,0.00,21.09
2026-STL-0628,Order,114-1001879-3893851,2026-06-28,GT-SERUM-VITC,1,28.99,0.00,-0.00,-4.35,-3.55,0.00,0.00,21.09
2026-STL-0628,Order,114-1001880-2503425,2026-06-28,GT-SERUM-VITC,1,28.99,0.00,-0.00,-4.35,-3.55,0.00,0.00,21.09
2026-STL-0628,Order,114-1002196-1836704,2026-06-28,GT-SERUM-HA,1,24.99,0.00,-0.00,-3.75,-3.55,0.00,0.00,17.69
2026-STL-0628,Order,114-1002197-1891503,2026-06-28,GT-SERUM-HA,2,49.98,0.00,-0.00,-7.50,-7.10,0.00,0.00,35.38
2026-STL-0628,Order,114-1002198-9927688,2026-06-28,GT-SERUM-HA,1,24.99,0.00,-0.00,-3.75,-3.55,0.00,0.00,17.69
2026-STL-0628,Order,114-1002199-7787380,2026-06-28,GT-SERUM-HA,1,24.99,0.00,-0.00,-3.75,-3.55,0.00,0.00,17.69
2026-STL-0628,Order,114-1002200-5500772,2026-06-28,GT-SERUM-HA,1,24.99,0.00,-0.00,-3.75,-3.55,0.00,0.00,17.69
2026-STL-0628,Order,114-1002201-5831713,2026-06-28,GT-SERUM-HA,1,24.99,0.00,-0.00,-3.75,-3.55,0.00,0.00,17.69
2026-STL-0628,Order,114-1002410-7875496,2026-06-28,GT-MOIST-50ML,1,22.99,0.00,-0.00,-3.45,-3.60,0.00,0.00,15.94
2026-STL-0628,Order,114-1002411-2850788,2026-06-28,GT-MOIST-50ML,2,45.98,0.00,-0.00,-6.90,-7.20,0.00,0.00,31.88
2026-STL-0628,Refund,114-1002530-3523078,2026-06-28,GT-CLEANSE-150,-1,-16.99,0.00,0.00,2.04,0.00,0.00,0.00,-14.95
2026-STL-0628,Order,114-1002567-3980080,2026-06-28,GT-CLEANSE-150,1,16.99,0.00,-1.70,-2.29,-3.70,0.00,0.00,9.30
2026-STL-0628,Order,114-1002568-8784988,2026-06-28,GT-CLEANSE-150,1,16.99,0.00,-1.70,-2.29,-3.70,0.00,0.00,9.30
2026-STL-0628,Order,114-1002702-5961248,2026-06-28,GT-MASK-CLAY,1,14.99,0.00,-0.00,-2.25,-3.85,0.00,0.00,8.89
2026-STL-0628,Order,114-1002703-2391959,2026-06-28,GT-MASK-CLAY,1,14.99,0.00,-0.00,-2.25,-3.85,0.00,0.00,8.89
2026-STL-0628,Order,114-1002813-9196287,2026-06-28,GT-EYE-CREAM,1,26.99,0.00,-0.00,-4.05,-3.50,0.00,0.00,19.44
2026-STL-0628,Order,114-1002995-2741731,2026-06-28,GT-SPF30-TINT,1,23.99,0.00,-0.00,-3.60,-3.60,0.00,0.00,16.79
2026-STL-0628,Order,114-1002996-3763239,2026-06-28,GT-SPF30-TINT,1,23.99,0.00,-0.00,-3.60,-3.60,0.00,0.00,16.79
2026-STL-0628,Order,114-1003331-5339621,2026-06-28,PH-CHEW-BULLY-6,1,29.99,0.00,-0.00,-4.50,-4.60,0.00,0.00,20.89
2026-STL-0628,Order,114-1003332-8946390,2026-06-28,PH-CHEW-BULLY-6,1,29.99,0.00,-0.00,-4.50,-4.60,0.00,0.00,20.89
2026-STL-0628,Order,114-1003648-5465660,2026-06-28,PH-TREAT-SALMON,1,18.99,0.00,-0.00,-2.85,-3.90,0.00,0.00,12.24
2026-STL-0628,Order,114-1003649-8329860,2026-06-28,PH-TREAT-SALMON,2,37.98,0.00,-0.00,-5.70,-7.80,0.00,0.00,24.48
2026-STL-0628,Order,114-1003650-5850391,2026-06-28,PH-TREAT-SALMON,1,18.99,0.00,-3.80,-2.28,-3.90,0.00,0.00,9.01
2026-STL-0628,Order,114-1003807-3970006,2026-06-28,PH-SHAMPOO-OAT,2,31.98,0.00,-0.00,-4.80,-7.90,0.00,0.00,19.28
2026-STL-0628,Order,114-1003980-8213778,2026-06-28,PH-TOY-ROPE-L,1,13.99,0.00,-0.00,-2.10,-3.75,0.00,0.00,8.14
2026-STL-0628,Order,114-1004093-4872690,2026-06-28,PH-BED-MED-GRY,1,42.99,0.00,-4.30,-5.80,-12.40,0.00,0.00,20.49
2026-STL-0628,Refund,114-1004201-1213496,2026-06-28,PH-BRUSH-DBL,-3,-38.97,0.00,0.00,4.68,0.00,0.00,0.00,-34.29
2026-STL-0628,Order,114-1004215-4090980,2026-06-28,PH-BRUSH-DBL,2,25.98,0.00,-0.00,-3.90,-6.90,0.00,0.00,15.18
2026-STL-0628,Order,114-1004431-3678376,2026-06-28,PH-DENTAL-30CT,1,21.99,0.00,-2.20,-2.97,-4.10,0.00,0.00,12.72
2026-STL-0628,Order,114-1004432-1612358,2026-06-28,PH-DENTAL-30CT,1,21.99,0.00,-0.00,-3.30,-4.10,0.00,0.00,14.59
2026-STL-0628,Order,114-1004433-6088664,2026-06-28,PH-DENTAL-30CT,2,43.98,0.00,-4.40,-5.94,-8.20,0.00,0.00,25.44
2026-STL-0629,Order,114-1000319-8023963,2026-06-29,PF-WHEY-CHOC,1,44.99,0.00,-0.00,-6.75,-6.10,0.00,0.00,32.14
2026-STL-0629,Order,114-1000320-3321942,2026-06-29,PF-WHEY-CHOC,1,44.99,0.00,-4.50,-6.07,-6.10,0.00,0.00,28.32
2026-STL-0629,Order,114-1000321-7227905,2026-06-29,PF-WHEY-CHOC,1,44.99,0.00,-0.00,-6.75,-6.10,0.00,0.00,32.14
2026-STL-0629,Order,114-1000535-8744735,2026-06-29,PF-WHEY-VAN,1,44.99,0.00,-9.00,-5.40,-6.10,0.00,0.00,24.49
2026-STL-0629,Order,114-1000708-3535551,2026-06-29,PF-PREWKT-BERRY,2,65.98,0.00,-0.00,-9.90,-8.70,0.00,0.00,47.38
2026-STL-0629,Order,114-1000709-6767862,2026-06-29,PF-PREWKT-BERRY,1,32.99,0.00,-0.00,-4.95,-4.35,0.00,0.00,23.69
2026-STL-0629,Order,114-1000710-4817030,2026-06-29,PF-PREWKT-BERRY,1,32.99,0.00,-0.00,-4.95,-4.35,0.00,0.00,23.69
2026-STL-0629,Order,114-1001063-4178618,2026-06-29,PF-CREATINE-300,1,24.99,0.00,-0.00,-3.75,-4.05,0.00,0.00,17.19
2026-STL-0629,Order,114-1001064-4001408,2026-06-29,PF-CREATINE-300,1,24.99,0.00,-0.00,-3.75,-4.05,0.00,0.00,17.19
2026-STL-0629,Order,114-1001065-7005628,2026-06-29,PF-CREATINE-300,1,24.99,0.00,-0.00,-3.75,-4.05,0.00,0.00,17.19
2026-STL-0629,Order,114-1001066-2746548,2026-06-29,PF-CREATINE-300,1,24.99,0.00,-0.00,-3.75,-4.05,0.00,0.00,17.19
2026-STL-0629,Order,114-1001161-1488508,2026-06-29,PF-BCAA-LEMON,1,27.99,0.00,-0.00,-4.20,-4.20,0.00,0.00,19.59
2026-STL-0629,Order,114-1001294-8602555,2026-06-29,PF-SHAKER-28,1,12.99,0.00,-1.30,-1.75,-3.45,0.00,0.00,6.49
2026-STL-0629,Order,114-1001370-2912044,2026-06-29,PF-VEGAN-CHOC,1,39.99,0.00,-0.00,-6.00,-6.10,0.00,0.00,27.89
2026-STL-0629,Order,114-1001468-4408213,2026-06-29,PF-ELECTRO-CITRUS,1,21.99,0.00,-0.00,-3.30,-3.95,0.00,0.00,14.74
2026-STL-0629,Order,114-1001469-5831200,2026-06-29,PF-ELECTRO-CITRUS,2,43.98,0.00,-0.00,-6.60,-7.90,0.00,0.00,29.48
2026-STL-0629,Order,114-1001470-4466272,2026-06-29,PF-ELECTRO-CITRUS,1,21.99,0.00,-0.00,-3.30,-3.95,0.00,0.00,14.74
2026-STL-0629,Order,114-1001881-5617358,2026-06-29,GT-SERUM-VITC,2,57.98,0.00,-0.00,-8.70,-7.10,0.00,0.00,42.18
2026-STL-0629,Order,114-1001882-2956687,2026-06-29,GT-SERUM-VITC,1,28.99,0.00,-0.00,-4.35,-3.55,0.00,0.00,21.09
2026-STL-0629,Order,114-1001883-9552160,2026-06-29,GT-SERUM-VITC,1,28.99,0.00,-0.00,-4.35,-3.55,0.00,0.00,21.09
2026-STL-0629,Order,114-1002202-8998677,2026-06-29,GT-SERUM-HA,1,24.99,0.00,-2.50,-3.37,-3.55,0.00,0.00,15.57
2026-STL-0629,Order,114-1002203-3856028,2026-06-29,GT-SERUM-HA,2,49.98,0.00,-0.00,-7.50,-7.10,0.00,0.00,35.38
2026-STL-0629,Order,114-1002204-8637262,2026-06-29,GT-SERUM-HA,1,24.99,0.00,-0.00,-3.75,-3.55,0.00,0.00,17.69
2026-STL-0629,Order,114-1002205-6604498,2026-06-29,GT-SERUM-HA,1,24.99,0.00,-0.00,-3.75,-3.55,0.00,0.00,17.69
2026-STL-0629,Order,114-1002412-1334200,2026-06-29,GT-MOIST-50ML,1,22.99,0.00,-0.00,-3.45,-3.60,0.00,0.00,15.94
2026-STL-0629,Order,114-1002569-8017399,2026-06-29,GT-CLEANSE-150,1,16.99,0.00,-0.00,-2.55,-3.70,0.00,0.00,10.74
2026-STL-0629,Order,114-1002570-3324853,2026-06-29,GT-CLEANSE-150,1,16.99,0.00,-0.00,-2.55,-3.70,0.00,0.00,10.74
2026-STL-0629,Order,114-1002704-9571557,2026-06-29,GT-MASK-CLAY,3,44.97,0.00,-0.00,-6.75,-11.55,0.00,0.00,26.67
2026-STL-0629,Order,114-1002705-1280502,2026-06-29,GT-MASK-CLAY,2,29.98,0.00,-0.00,-4.50,-7.70,0.00,0.00,17.78
2026-STL-0629,Order,114-1002814-7680763,2026-06-29,GT-EYE-CREAM,1,26.99,0.00,-5.40,-3.24,-3.50,0.00,0.00,14.85
2026-STL-0629,Order,114-1002997-9207078,2026-06-29,GT-SPF30-TINT,1,23.99,0.00,-0.00,-3.60,-3.60,0.00,0.00,16.79
2026-STL-0629,Order,114-1002998-7626337,2026-06-29,GT-SPF30-TINT,1,23.99,0.00,-0.00,-3.60,-3.60,0.00,0.00,16.79
2026-STL-0629,Order,114-1003084-4834939,2026-06-29,GT-ROLLER-JADE,3,41.97,0.00,-0.00,-6.30,-10.20,0.00,0.00,25.47
2026-STL-0629,Order,114-1003333-7343262,2026-06-29,PH-CHEW-BULLY-6,2,59.98,0.00,-0.00,-9.00,-9.20,0.00,0.00,41.78
2026-STL-0629,Order,114-1003334-7705999,2026-06-29,PH-CHEW-BULLY-6,1,29.99,0.00,-0.00,-4.50,-4.60,0.00,0.00,20.89
2026-STL-0629,Order,114-1003335-7712272,2026-06-29,PH-CHEW-BULLY-6,1,29.99,0.00,-0.00,-4.50,-4.60,0.00,0.00,20.89
2026-STL-0629,Order,114-1003651-5431092,2026-06-29,PH-TREAT-SALMON,1,18.99,0.00,-0.00,-2.85,-3.90,0.00,0.00,12.24
2026-STL-0629,Order,114-1003652-3341538,2026-06-29,PH-TREAT-SALMON,1,18.99,0.00,-3.80,-2.28,-3.90,0.00,0.00,9.01
2026-STL-0629,Order,114-1003653-3877765,2026-06-29,PH-TREAT-SALMON,1,18.99,0.00,-0.00,-2.85,-3.90,0.00,0.00,12.24
2026-STL-0629,Order,114-1003654-1460189,2026-06-29,PH-TREAT-SALMON,1,18.99,0.00,-1.90,-2.56,-3.90,0.00,0.00,10.63
2026-STL-0629,Order,114-1003655-2404057,2026-06-29,PH-TREAT-SALMON,1,18.99,0.00,-0.00,-2.85,-3.90,0.00,0.00,12.24
2026-STL-0629,Order,114-1003656-9605960,2026-06-29,PH-TREAT-SALMON,1,18.99,0.00,-0.00,-2.85,-3.90,0.00,0.00,12.24
2026-STL-0629,Order,114-1003808-9593739,2026-06-29,PH-SHAMPOO-OAT,1,15.99,0.00,-0.00,-2.40,-3.95,0.00,0.00,9.64
2026-STL-0629,Order,114-1003981-2039271,2026-06-29,PH-TOY-ROPE-L,1,13.99,0.00,-0.00,-2.10,-3.75,0.00,0.00,8.14
2026-STL-0629,Order,114-1003982-6991310,2026-06-29,PH-TOY-ROPE-L,1,13.99,0.00,-0.00,-2.10,-3.75,0.00,0.00,8.14
2026-STL-0629,Order,114-1004216-5947520,2026-06-29,PH-BRUSH-DBL,1,12.99,0.00,-0.00,-1.95,-3.45,0.00,0.00,7.59
2026-STL-0629,Order,114-1004217-9059779,2026-06-29,PH-BRUSH-DBL,1,12.99,0.00,-0.00,-1.95,-3.45,0.00,0.00,7.59
2026-STL-0629,Order,114-1004434-3442333,2026-06-29,PH-DENTAL-30CT,1,21.99,0.00,-0.00,-3.30,-4.10,0.00,0.00,14.59
2026-STL-0629,Order,114-1004435-4514405,2026-06-29,PH-DENTAL-30CT,1,21.99,0.00,-0.00,-3.30,-4.10,0.00,0.00,14.59
2026-STL-0629,Order,114-1004436-7348560,2026-06-29,PH-DENTAL-30CT,1,21.99,0.00,-0.00,-3.30,-4.10,0.00,0.00,14.59
2026-STL-0629,Order,114-1004437-6641815,2026-06-29,PH-DENTAL-30CT,2,43.98,0.00,-0.00,-6.60,-8.20,0.00,0.00,29.18
2026-STL-0630,Order,114-1000322-3689594,2026-06-30,PF-WHEY-CHOC,2,89.98,0.00,-0.00,-13.50,-12.20,0.00,0.00,64.28
2026-STL-0630,Order,114-1000323-8339571,2026-06-30,PF-WHEY-CHOC,2,89.98,0.00,-0.00,-13.50,-12.20,0.00,0.00,64.28
2026-STL-0630,Order,114-1000324-6865064,2026-06-30,PF-WHEY-CHOC,2,89.98,0.00,-9.00,-12.15,-12.20,0.00,0.00,56.63
2026-STL-0630,Order,114-1000325-7274032,2026-06-30,PF-WHEY-CHOC,1,44.99,0.00,-0.00,-6.75,-6.10,0.00,0.00,32.14
2026-STL-0630,Order,114-1000326-1472908,2026-06-30,PF-WHEY-CHOC,3,134.97,0.00,-0.00,-20.25,-18.30,0.00,0.00,96.42
2026-STL-0630,Order,114-1000536-2160289,2026-06-30,PF-WHEY-VAN,1,44.99,0.00,-0.00,-6.75,-6.10,0.00,0.00,32.14
2026-STL-0630,Order,114-1000537-9376917,2026-06-30,PF-WHEY-VAN,1,44.99,0.00,-0.00,-6.75,-6.10,0.00,0.00,32.14
2026-STL-0630,Refund,114-1000695-5947745,2026-06-30,PF-PREWKT-BERRY,-1,-32.99,0.00,3.30,3.56,0.00,0.00,0.00,-26.13
2026-STL-0630,Order,114-1000711-8966231,2026-06-30,PF-PREWKT-BERRY,1,32.99,0.00,-0.00,-4.95,-4.35,0.00,0.00,23.69
2026-STL-0630,Order,114-1000712-7623718,2026-06-30,PF-PREWKT-BERRY,1,32.99,0.00,-0.00,-4.95,-4.35,0.00,0.00,23.69
2026-STL-0630,Order,114-1000713-9670757,2026-06-30,PF-PREWKT-BERRY,1,32.99,0.00,-0.00,-4.95,-4.35,0.00,0.00,23.69
2026-STL-0630,Order,114-1001067-6662526,2026-06-30,PF-CREATINE-300,1,24.99,0.00,-0.00,-3.75,-4.05,0.00,0.00,17.19
2026-STL-0630,Order,114-1001068-6911017,2026-06-30,PF-CREATINE-300,1,24.99,0.00,-0.00,-3.75,-4.05,0.00,0.00,17.19
2026-STL-0630,Order,114-1001069-7236418,2026-06-30,PF-CREATINE-300,1,24.99,0.00,-5.00,-3.00,-4.05,0.00,0.00,12.94
2026-STL-0630,Order,114-1001070-6426605,2026-06-30,PF-CREATINE-300,1,24.99,0.00,-2.50,-3.37,-4.05,0.00,0.00,15.07
2026-STL-0630,Order,114-1001162-8960796,2026-06-30,PF-BCAA-LEMON,2,55.98,0.00,-0.00,-8.40,-8.40,0.00,0.00,39.18
2026-STL-0630,Order,114-1001163-8727886,2026-06-30,PF-BCAA-LEMON,1,27.99,0.00,-0.00,-4.20,-4.20,0.00,0.00,19.59
2026-STL-0630,Order,114-1001295-3651565,2026-06-30,PF-SHAKER-28,1,12.99,0.00,-0.00,-1.95,-3.45,0.00,0.00,7.59
2026-STL-0630,Order,114-1001296-4947676,2026-06-30,PF-SHAKER-28,1,12.99,0.00,-0.00,-1.95,-3.45,0.00,0.00,7.59
2026-STL-0630,Order,114-1001371-6841992,2026-06-30,PF-VEGAN-CHOC,1,39.99,0.00,-0.00,-6.00,-6.10,0.00,0.00,27.89
2026-STL-0630,Refund,114-1001837-6405343,2026-06-30,GT-SERUM-VITC,-1,-28.99,0.00,0.00,3.48,0.00,0.00,0.00,-25.51
2026-STL-0630,Order,114-1001884-2586340,2026-06-30,GT-SERUM-VITC,1,28.99,0.00,-0.00,-4.35,-3.55,0.00,0.00,21.09
2026-STL-0630,Order,114-1001885-8275548,2026-06-30,GT-SERUM-VITC,1,28.99,0.00,-0.00,-4.35,-3.55,0.00,0.00,21.09
2026-STL-0630,Order,114-1002206-1163307,2026-06-30,GT-SERUM-HA,2,49.98,0.00,-0.00,-7.50,-7.10,0.00,0.00,35.38
2026-STL-0630,Order,114-1002207-9192437,2026-06-30,GT-SERUM-HA,3,74.97,0.00,-0.00,-11.25,-10.65,0.00,0.00,53.07
2026-STL-0630,Order,114-1002208-1291769,2026-06-30,GT-SERUM-HA,1,24.99,0.00,-0.00,-3.75,-3.55,0.00,0.00,17.69
2026-STL-0630,Order,114-1002413-6917334,2026-06-30,GT-MOIST-50ML,1,22.99,0.00,-0.00,-3.45,-3.60,0.00,0.00,15.94
2026-STL-0630,Order,114-1002414-9701486,2026-06-30,GT-MOIST-50ML,1,22.99,0.00,-0.00,-3.45,-3.60,0.00,0.00,15.94
2026-STL-0630,Order,114-1002415-9987534,2026-06-30,GT-MOIST-50ML,1,22.99,0.00,-4.60,-2.76,-3.60,0.00,0.00,12.03
2026-STL-0630,Order,114-1002571-7858110,2026-06-30,GT-CLEANSE-150,1,16.99,0.00,-0.00,-2.55,-3.70,0.00,0.00,10.74
2026-STL-0630,Order,114-1002706-9901345,2026-06-30,GT-MASK-CLAY,1,14.99,0.00,-0.00,-2.25,-3.85,0.00,0.00,8.89
2026-STL-0630,Order,114-1002815-5387228,2026-06-30,GT-EYE-CREAM,1,26.99,0.00,-2.70,-3.64,-3.50,0.00,0.00,17.15
2026-STL-0630,Order,114-1002999-2785542,2026-06-30,GT-SPF30-TINT,1,23.99,0.00,-0.00,-3.60,-3.60,0.00,0.00,16.79
2026-STL-0630,Order,114-1003000-4159672,2026-06-30,GT-SPF30-TINT,1,23.99,0.00,-0.00,-3.60,-3.60,0.00,0.00,16.79
2026-STL-0630,Order,114-1003336-6158936,2026-06-30,PH-CHEW-BULLY-6,1,29.99,0.00,-0.00,-4.50,-4.60,0.00,0.00,20.89
2026-STL-0630,Order,114-1003337-8043070,2026-06-30,PH-CHEW-BULLY-6,1,29.99,0.00,-0.00,-4.50,-4.60,0.00,0.00,20.89
2026-STL-0630,Order,114-1003338-9863756,2026-06-30,PH-CHEW-BULLY-6,1,29.99,0.00,-0.00,-4.50,-4.60,0.00,0.00,20.89
2026-STL-0630,Order,114-1003657-8525927,2026-06-30,PH-TREAT-SALMON,2,37.98,0.00,-0.00,-5.70,-7.80,0.00,0.00,24.48
2026-STL-0630,Order,114-1003658-8456747,2026-06-30,PH-TREAT-SALMON,2,37.98,0.00,-0.00,-5.70,-7.80,0.00,0.00,24.48
2026-STL-0630,Order,114-1003983-2054981,2026-06-30,PH-TOY-ROPE-L,1,13.99,0.00,-1.40,-1.89,-3.75,0.00,0.00,6.95
2026-STL-0630,Order,114-1003984-1765549,2026-06-30,PH-TOY-ROPE-L,1,13.99,0.00,-0.00,-2.10,-3.75,0.00,0.00,8.14
2026-STL-0630,Order,114-1004218-6464008,2026-06-30,PH-BRUSH-DBL,1,12.99,0.00,-0.00,-1.95,-3.45,0.00,0.00,7.59
2026-STL-0630,Order,114-1004219-3864247,2026-06-30,PH-BRUSH-DBL,1,12.99,0.00,-0.00,-1.95,-3.45,0.00,0.00,7.59
2026-STL-0630,Order,114-1004438-6988077,2026-06-30,PH-DENTAL-30CT,1,21.99,0.00,-0.00,-3.30,-4.10,0.00,0.00,14.59
2026-STL-0630,Order,114-1004439-7705340,2026-06-30,PH-DENTAL-30CT,1,21.99,0.00,-0.00,-3.30,-4.10,0.00,0.00,14.59
